# Blender v2.93.11 OBJ File: ''
# www.blender.org
mtllib fat mayor.mtl
o Mesh_0301.rip_noesis_meshnode_0000_Mesh_0301.rip
v -0.274203 0.223013 0.587711
v -0.274203 0.243825 0.569578
v -0.274203 0.245961 0.650109
v -0.274202 0.277558 0.649280
v -0.254924 0.253207 0.561191
v -0.254850 0.290024 0.648871
v -0.103927 0.310942 0.633375
v -0.145651 0.267558 0.727330
v -0.096590 0.282703 0.725054
v -0.143660 0.176979 0.864676
v -0.075239 0.182768 0.874098
v 0.000000 0.149289 0.894566
v 0.075237 0.182765 0.874084
v 0.143658 0.176976 0.864662
v 0.096588 0.282698 0.725043
v 0.145648 0.267553 0.727318
v 0.103926 0.310937 0.633366
v 0.254846 0.290019 0.648861
v 0.254920 0.253203 0.561182
v 0.274198 0.277554 0.649270
v 0.274198 0.243821 0.569570
v 0.274199 0.245957 0.650099
v 0.274199 0.223010 0.587702
v 0.263332 0.093105 0.556525
v 0.263332 0.173753 0.595709
v 0.153839 0.093105 0.556524
v 0.153839 0.173753 0.595708
v 0.263332 0.200601 0.680295
v 0.153839 0.200600 0.680295
v 0.263332 0.163888 0.761091
v 0.153839 0.163888 0.761090
v 0.263332 0.079154 0.790411
v 0.153839 0.079154 0.790410
v 0.263332 0.001605 0.747633
v 0.153839 0.001605 0.747633
v 0.263332 -0.026745 0.666735
v 0.153839 -0.026745 0.666734
v 0.263332 0.008371 0.585844
v 0.153839 0.008371 0.585844
v 0.263332 0.093105 0.556525
v 0.153839 0.093105 0.556524
v -0.141160 0.093105 0.556525
v -0.141160 0.173753 0.595709
v -0.252341 0.093105 0.556525
v -0.252341 0.173753 0.595709
v -0.141160 0.203073 0.680444
v -0.252341 0.203073 0.680444
v -0.141160 0.163889 0.761092
v -0.252341 0.163889 0.761092
v -0.141160 0.079154 0.790412
v -0.252341 0.079154 0.790412
v -0.141160 -0.000162 0.746060
v -0.252341 -0.000162 0.746060
v -0.141160 -0.027969 0.666663
v -0.252341 -0.027969 0.666663
v -0.141160 0.008371 0.585846
v -0.252341 0.008371 0.585845
v -0.141160 0.093105 0.556525
v -0.252341 0.093105 0.556525
v 0.320772 0.192582 -0.817483
v 0.320772 0.281342 -0.774357
v 0.215300 0.192582 -0.817483
v 0.215300 0.281342 -0.774357
v 0.320772 0.313611 -0.681100
v 0.215300 0.313611 -0.681100
v 0.320772 0.270486 -0.592340
v 0.215300 0.270485 -0.592340
v 0.320772 0.177228 -0.560072
v 0.215300 0.177228 -0.560071
v 0.320772 0.088468 -0.603197
v 0.215300 0.088468 -0.603197
v 0.320772 0.056199 -0.696455
v 0.215300 0.056199 -0.696455
v 0.320773 0.099325 -0.785216
v 0.215300 0.099325 -0.785216
v 0.320772 0.192582 -0.817483
v 0.215300 0.192582 -0.817483
v -0.214888 0.192582 -0.817485
v -0.214888 0.281343 -0.774359
v -0.319668 0.192582 -0.817484
v -0.319668 0.281343 -0.774359
v -0.214888 0.313612 -0.681102
v -0.319669 0.313612 -0.681102
v -0.214888 0.270486 -0.592341
v -0.319669 0.270486 -0.592341
v -0.214888 0.177228 -0.560073
v -0.319669 0.177228 -0.560073
v -0.214888 0.088468 -0.603199
v -0.319669 0.088468 -0.603199
v -0.214888 0.056199 -0.696457
v -0.319669 0.056199 -0.696456
v -0.214888 0.099325 -0.785217
v -0.319669 0.099325 -0.785217
v -0.214888 0.192582 -0.817485
v -0.319668 0.192582 -0.817484
v 0.193815 0.765736 -0.713947
v 0.202813 0.770530 -0.759979
v 0.160985 0.656059 -0.710301
v 0.169722 0.656145 -0.747250
v 0.000000 0.772616 -0.785072
v 0.000000 0.625046 -0.774984
v -0.169725 0.656155 -0.747263
v -0.160987 0.656069 -0.710312
v -0.202816 0.770542 -0.759991
v -0.193818 0.765748 -0.713958
v -0.191967 0.875557 -0.757197
v -0.182858 0.871135 -0.715697
v 0.000000 0.922393 -0.789511
v 0.000000 0.909115 -0.752325
v 0.182856 0.871122 -0.715686
v 0.262685 0.503064 -0.324100
v 0.000000 0.409851 -0.310131
v 0.000000 0.511933 -0.307591
v -0.262689 0.503072 -0.324105
v -0.271622 0.422011 -0.317082
v -0.261147 0.513883 -0.554414
v -0.278681 0.463115 -0.556669
v -0.214660 0.543113 -0.722893
v -0.241448 0.480208 -0.735268
v 0.000000 0.486217 -0.767484
v 0.000000 0.415638 -0.574874
v 0.241444 0.480201 -0.735257
v 0.278677 0.463108 -0.556660
v 0.214656 0.543104 -0.722882
v 0.261143 0.513875 -0.554406
v 0.130882 0.129438 0.901590
v 0.122621 0.140678 0.898225
v 0.123975 0.131781 0.903723
v 0.000000 0.129867 0.922300
v 0.000000 0.138442 0.915304
v -0.122623 0.140680 0.898239
v -0.123977 0.148861 0.904756
v -0.136472 0.136023 0.894130
v -0.144699 0.141934 0.898365
v -0.144537 0.115907 0.890698
v -0.155605 0.115730 0.893654
v -0.144699 0.083541 0.894880
v 0.123975 0.148859 0.904742
v 0.136470 0.136021 0.894116
v 0.144697 0.141932 0.898351
v 0.144535 0.115905 0.890686
v 0.136066 0.115394 0.899256
v 0.136470 0.089928 0.891366
v 0.130882 0.095593 0.899571
v 0.122621 0.084848 0.894894
v 0.123975 0.093029 0.901410
v 0.000000 0.085457 0.910207
v 0.000000 0.093110 0.918198
v -0.123977 0.093030 0.901424
v 0.144697 0.141932 0.898351
v 0.144535 0.115905 0.890686
v 0.155603 0.115729 0.893641
v 0.144696 0.083540 0.894867
v 0.136470 0.089928 0.891366
v 0.123975 0.075950 0.900392
v 0.122621 0.084848 0.894894
v 0.000000 0.076859 0.917213
v 0.000000 0.085457 0.910207
v -0.122623 0.084849 0.894907
v -0.123977 0.093030 0.901424
v -0.130884 0.095594 0.899584
v 0.144697 0.141932 0.898351
v 0.125330 0.139961 0.910240
v 0.123975 0.148859 0.904742
v 0.000000 0.146117 0.923269
v 0.000000 0.137545 0.930282
v -0.125332 0.139964 0.910255
v -0.123977 0.131783 0.903737
v -0.139111 0.135325 0.905838
v -0.130884 0.129440 0.901604
v -0.147136 0.115219 0.902226
v -0.136068 0.115396 0.899270
v -0.130884 0.095594 0.899584
v 0.123975 0.131781 0.903723
v 0.139109 0.135323 0.905824
v 0.130882 0.129438 0.901590
v 0.147134 0.115218 0.902213
v 0.155603 0.115729 0.893641
v 0.139109 0.089230 0.903073
v 0.144696 0.083540 0.894867
v 0.125329 0.084131 0.906909
v 0.123975 0.075950 0.900392
v 0.000000 0.084538 0.925210
v 0.000000 0.076859 0.917213
v -0.123977 0.075952 0.900406
v 0.130882 0.129438 0.901590
v 0.147134 0.115218 0.902213
v 0.136066 0.115394 0.899256
v 0.130882 0.095593 0.899571
v 0.139109 0.089230 0.903073
v 0.123975 0.093029 0.901410
v 0.125329 0.084131 0.906909
v 0.000000 0.093110 0.918198
v 0.000000 0.084538 0.925210
v -0.125331 0.084133 0.906923
v -0.123977 0.075952 0.900406
v -0.144699 0.083541 0.894880
v 0.054923 0.555911 0.925699
v -0.045965 0.539653 0.933491
v -0.054924 0.555919 0.925713
v -0.049243 0.451563 0.880391
v -0.042813 0.460122 0.877261
v 0.042813 0.460122 0.877260
v -0.039963 0.536711 0.923427
v 0.039963 0.536711 0.923427
v 0.045965 0.539653 0.933491
v 0.049243 0.451563 0.880391
v 0.058804 0.450048 0.865647
v -0.058805 0.450055 0.865660
v 0.234180 0.202889 -0.368676
v 0.295940 0.361735 -0.624326
v 0.295247 0.193705 -0.368756
v 0.295248 0.165868 -0.370401
v 0.295941 0.321669 -0.626717
v 0.187125 0.321601 -0.626809
v 0.295940 0.331764 -0.795985
v 0.157677 0.330460 -0.774998
v 0.295940 0.306530 -0.920557
v 0.157732 0.307121 -0.920521
v 0.157732 0.334338 -0.918898
v -0.284071 0.160064 -0.134480
v -0.295252 0.193708 -0.368761
v -0.234184 0.202892 -0.368682
v -0.295945 0.361741 -0.624335
v -0.295252 0.165870 -0.370407
v -0.295945 0.321674 -0.626727
v -0.187128 0.321606 -0.626819
v -0.295945 0.331770 -0.795998
v -0.157679 0.330463 -0.775006
v -0.295945 0.306535 -0.920572
v -0.157735 0.307126 -0.920537
v 0.176333 0.514189 0.791717
v 0.179319 0.548695 0.782720
v 0.007569 0.537578 0.824238
v 0.009895 0.563580 0.817785
v 0.189179 0.557461 0.816606
v 0.017291 0.570155 0.843201
v 0.186278 0.522584 0.826472
v 0.015115 0.543995 0.850601
v 0.176333 0.514189 0.791717
v 0.007569 0.537578 0.824238
v 0.077570 0.203780 -0.788221
v -0.077571 0.203783 -0.788233
v 0.077605 0.135633 -0.792305
v -0.077606 0.135635 -0.792318
v -0.077613 0.135265 -0.786016
v 0.077605 0.135633 -0.792305
v 0.077611 0.135263 -0.786003
v 0.077570 0.203780 -0.788221
v 0.077577 0.203409 -0.781920
v -0.077579 0.203413 -0.781932
v -0.024363 0.484160 0.825519
v -0.025136 0.323116 0.657583
v -0.023914 0.505601 0.782925
v 0.023914 0.505593 0.782913
v 0.025135 0.323111 0.657572
v 0.024363 0.484152 0.825506
v 0.021284 0.309136 0.706354
v -0.024363 0.484160 0.825519
v -0.021284 0.309141 0.706365
v -0.025136 0.323116 0.657583
v -0.123977 0.075952 0.900406
v -0.136472 0.089930 0.891379
v -0.144699 0.083541 0.894880
v -0.144537 0.115907 0.890698
v -0.136068 0.115396 0.899270
v -0.136472 0.136023 0.894130
v -0.130884 0.129440 0.901604
v -0.122623 0.140680 0.898239
v -0.123977 0.131783 0.903737
v 0.000000 0.129867 0.922300
v -0.123977 0.093030 0.901424
v -0.139111 0.089231 0.903087
v -0.130884 0.095594 0.899584
v -0.147136 0.115219 0.902226
v -0.155605 0.115730 0.893654
v -0.139111 0.135325 0.905838
v -0.144699 0.141934 0.898365
v -0.125332 0.139964 0.910255
v -0.123977 0.148861 0.904756
v 0.000000 0.146117 0.923269
v 0.235438 0.083726 0.845144
v 0.231911 0.154938 0.859039
v 0.274198 0.212550 0.739366
v 0.274198 0.244770 0.750959
v 0.224174 0.177641 0.856522
v 0.255336 0.257892 0.751325
v 0.224401 0.262204 0.751496
v 0.254846 0.290019 0.648861
v 0.145648 0.267553 0.727318
v 0.274199 0.223010 0.587702
v 0.097168 0.223010 0.587702
v 0.274199 0.245957 0.650099
v 0.097090 0.245957 0.650096
v 0.085244 0.054020 0.692994
v 0.093657 0.212548 0.739368
v 0.084154 0.061456 0.813980
v 0.274198 0.212550 0.739366
v 0.235438 0.083726 0.845144
v 0.000000 0.149289 0.894566
v -0.231915 0.154941 0.859052
v -0.143660 0.176979 0.864676
v -0.224177 0.177644 0.856535
v -0.274202 0.244774 0.750971
v -0.255340 0.257896 0.751337
v -0.254850 0.290024 0.648871
v -0.224404 0.262208 0.751508
v -0.145651 0.267558 0.727330
v -0.235441 0.083727 0.845156
v -0.084155 0.061457 0.813993
v -0.274202 0.212553 0.739377
v -0.093659 0.212552 0.739380
v -0.085246 0.054021 0.693005
v -0.097091 0.245961 0.650106
v -0.097169 0.223013 0.587711
v -0.274203 0.245961 0.650109
v -0.274203 0.223013 0.587711
v -0.006100 0.537587 0.824251
v -0.008426 0.563589 0.817798
v -0.177852 0.548704 0.782733
v -0.187712 0.557470 0.816619
v -0.015822 0.570164 0.843214
v -0.184811 0.522592 0.826485
v -0.013646 0.544004 0.850615
v -0.174866 0.514198 0.791730
v -0.006100 0.537587 0.824251
v 0.224174 0.177641 0.856522
v 0.231911 0.154938 0.859039
v 0.143658 0.176976 0.864662
v 0.000000 0.149289 0.894566
v 0.000000 0.081069 0.890235
v -0.231915 0.154941 0.859052
v -0.235441 0.083727 0.845156
v -0.274202 0.212553 0.739377
v 0.136066 0.115394 0.899256
v 0.136470 0.136021 0.894116
v 0.130882 0.129438 0.901590
v 0.122621 0.140678 0.898225
v 0.123975 0.148859 0.904742
v 0.000000 0.138442 0.915304
v 0.000000 0.146117 0.923269
v -0.123977 0.148861 0.904756
v 0.155603 0.115729 0.893641
v 0.139109 0.135323 0.905824
v 0.144697 0.141932 0.898351
v 0.125330 0.139961 0.910240
v 0.123975 0.131781 0.903723
v 0.000000 0.137545 0.930282
v 0.000000 0.129867 0.922300
v -0.123977 0.131783 0.903737
v -0.234184 0.202892 -0.368682
v -0.295945 0.361741 -0.624335
v -0.190569 0.360572 -0.603429
v -0.157679 0.370637 -0.772575
v -0.295945 0.371857 -0.793782
v -0.295945 0.334343 -0.918913
v -0.295945 0.331770 -0.795998
v -0.295945 0.306535 -0.920572
v 0.022895 0.827955 -0.778832
v 0.022895 0.828793 -0.792874
v 0.026572 0.483103 -0.761549
v 0.026572 0.469796 -0.769447
v -0.026572 0.469803 -0.769459
v -0.026572 0.462559 -0.648011
v -0.026572 0.476289 -0.647192
v 0.261143 0.513875 -0.554406
v 0.278677 0.463108 -0.556660
v 0.271618 0.422004 -0.317077
v 0.000000 0.409851 -0.310131
v 0.000000 0.415638 -0.574874
v -0.278681 0.463115 -0.556669
v -0.241448 0.480208 -0.735268
v 0.058804 0.450048 0.865647
v -0.073031 0.493402 0.779552
v -0.058805 0.450055 0.865660
v -0.054924 0.555919 0.925713
v -0.067145 0.627389 0.852156
v 0.054923 0.555911 0.925699
v 0.067144 0.627379 0.852143
v 0.274199 0.223010 0.587702
v 0.274198 0.243821 0.569570
v 0.274199 0.061272 0.516892
v 0.274198 0.089555 0.494747
v 0.254920 0.253203 0.561182
v 0.108762 0.272275 0.535465
v 0.103926 0.310937 0.633366
v 0.234180 0.202889 -0.368676
v 0.295247 0.193705 -0.368756
v 0.284067 0.160061 -0.134478
v 0.263840 0.134685 -0.136094
v 0.295248 0.165868 -0.370401
v 0.227427 0.165845 -0.370392
v 0.187125 0.321601 -0.626809
v 0.295940 0.331764 -0.795985
v 0.295940 0.371852 -0.793769
v 0.295940 0.334338 -0.918898
v 0.157678 0.370633 -0.772568
v 0.295940 0.361735 -0.624326
v 0.190566 0.360567 -0.603420
v 0.234180 0.202889 -0.368676
v -0.202816 0.770542 -0.759991
v 0.000000 0.772616 -0.785072
v -0.191967 0.875557 -0.757197
v 0.000000 0.922393 -0.789511
v 0.191964 0.875542 -0.757185
v 0.182856 0.871122 -0.715686
v 0.193815 0.765736 -0.713947
v -0.103927 0.310942 0.633375
v -0.254924 0.253207 0.561191
v -0.108764 0.272279 0.535473
v -0.274203 0.089557 0.494755
v -0.274203 0.243825 0.569578
v -0.274203 0.061272 0.516900
v -0.274203 0.223013 0.587711
v -0.263844 0.134687 -0.136096
v -0.284071 0.160064 -0.134480
v -0.274203 0.061272 0.516900
v -0.274203 0.089557 0.494755
v 0.284067 0.160061 -0.134478
v 0.274198 0.089555 0.494747
v 0.274199 0.061272 0.516892
v -0.146278 0.444075 -0.712544
v -0.157679 0.370637 -0.772575
v 0.157678 0.370633 -0.772568
v 0.157677 0.330460 -0.774998
v -0.157679 0.330463 -0.775006
v 0.157672 0.094205 -0.789745
v -0.157674 0.094206 -0.789757
v 0.075237 0.182765 0.874084
v 0.095581 0.311508 0.729073
v 0.096588 0.282698 0.725043
v 0.103926 0.310937 0.633366
v 0.107198 0.362943 0.566485
v 0.108762 0.272275 0.535465
v 0.284067 0.160061 -0.134478
v 0.208289 0.415148 -0.239225
v 0.234180 0.202889 -0.368676
v 0.190566 0.360567 -0.603420
v 0.146276 0.444069 -0.712533
v 0.157678 0.370633 -0.772568
v 0.263840 0.134685 -0.136094
v 0.227427 0.165845 -0.370392
v 0.263978 0.057335 -0.162356
v 0.157672 0.094205 -0.789745
v 0.187125 0.321601 -0.626809
v 0.157677 0.330460 -0.774998
v -0.143660 0.176979 0.864676
v -0.143704 0.274166 0.856007
v -0.145651 0.267558 0.727330
v -0.224404 0.262208 0.751508
v -0.224135 0.274101 0.856844
v -0.224177 0.177644 0.856535
v -0.284071 0.160064 -0.134480
v -0.263844 0.134687 -0.136096
v -0.295252 0.193708 -0.368761
v -0.295252 0.165870 -0.370407
v -0.227431 0.165847 -0.370397
v -0.187128 0.321606 -0.626819
v -0.295945 0.306535 -0.920572
v -0.157735 0.334343 -0.918912
v -0.295945 0.334343 -0.918913
v -0.157679 0.370637 -0.772575
v -0.157735 0.307126 -0.920537
v -0.157679 0.330463 -0.775006
v -0.136068 0.115396 0.899270
v -0.136472 0.089930 0.891379
v -0.130884 0.095594 0.899584
v -0.122623 0.084849 0.894907
v -0.123977 0.075952 0.900406
v 0.000000 0.076859 0.917213
v -0.155605 0.115730 0.893654
v -0.139111 0.089231 0.903087
v -0.144699 0.083541 0.894880
v -0.125331 0.084133 0.906923
v -0.123977 0.093030 0.901424
v 0.000000 0.093110 0.918198
v 0.058804 0.450048 0.865647
v 0.045965 0.539653 0.933491
v 0.054923 0.555911 0.925699
v -0.045965 0.539653 0.933491
v -0.039963 0.536711 0.923427
v -0.042813 0.460122 0.877261
v -0.054924 0.555919 0.925713
v -0.049243 0.451563 0.880391
v -0.058805 0.450055 0.865660
v 0.049243 0.451563 0.880391
v 0.042813 0.460122 0.877260
v 0.039963 0.536711 0.923427
v 0.022895 0.828793 -0.792874
v -0.022895 0.828805 -0.792886
v -0.026572 0.469803 -0.769459
v -0.026572 0.483111 -0.761561
v -0.022895 0.827968 -0.778844
v 0.026572 0.483103 -0.761549
v 0.026572 0.469796 -0.769447
v 0.026572 0.476282 -0.647182
v 0.026572 0.462552 -0.648001
v -0.026572 0.462559 -0.648011
v 0.067144 0.627379 0.852143
v 0.073030 0.493395 0.779540
v 0.054923 0.555911 0.925699
v 0.058804 0.450048 0.865647
v -0.073031 0.493402 0.779552
v 0.254846 0.290019 0.648861
v 0.274198 0.277554 0.649270
v 0.274198 0.244770 0.750959
v 0.274198 0.212550 0.739366
v 0.274199 0.245957 0.650099
v 0.095581 0.311508 0.729073
v -0.107199 0.362948 0.566493
v 0.107198 0.362943 0.566485
v 0.108762 0.272275 0.535465
v -0.108764 0.272279 0.535473
v -0.107199 0.362948 0.566493
v 0.095581 0.311508 0.729073
v -0.095583 0.311513 0.729084
v -0.075239 0.182768 0.874098
v 0.075237 0.182765 0.874084
v 0.224132 0.274097 0.856830
v 0.143702 0.274162 0.855993
v 0.224401 0.262204 0.751496
v 0.145648 0.267553 0.727318
v 0.143658 0.176976 0.864662
v 0.085244 0.054020 0.692994
v 0.097168 0.223010 0.587702
v 0.097168 0.061272 0.516892
v 0.274199 0.061272 0.516892
v 0.274199 0.223010 0.587702
v 0.169722 0.656145 -0.747250
v 0.000000 0.625046 -0.774984
v 0.160985 0.656059 -0.710301
v 0.000000 0.626528 -0.738063
v -0.160987 0.656069 -0.710312
v 0.261143 0.513875 -0.554406
v 0.000000 0.524705 -0.573877
v 0.214656 0.543104 -0.722882
v 0.000000 0.546721 -0.753597
v -0.214660 0.543113 -0.722893
v -0.254850 0.290024 0.648871
v -0.274202 0.244774 0.750971
v -0.274202 0.277558 0.649280
v -0.274202 0.212553 0.739377
v -0.231915 0.154941 0.859052
v -0.096590 0.282703 0.725054
v -0.103927 0.310942 0.633375
v -0.095583 0.311513 0.729084
v -0.107199 0.362948 0.566493
v -0.108764 0.272279 0.535473
v -0.274203 0.223013 0.587711
v -0.097169 0.223013 0.587711
v -0.274203 0.061272 0.516900
v -0.097169 0.061272 0.516900
v -0.085246 0.054021 0.693005
v -0.235441 0.083727 0.845156
v 0.000000 0.081069 0.890235
v -0.084155 0.061457 0.813993
v 0.000000 0.055553 0.816987
v 0.084154 0.061456 0.813980
v -0.263982 0.057336 -0.162358
v -0.157674 0.094206 -0.789757
v -0.227431 0.165847 -0.370397
v -0.187128 0.321606 -0.626819
v -0.157679 0.330463 -0.775006
v -0.263844 0.134687 -0.136096
v 0.000000 0.125901 -0.137439
v -0.263982 0.057336 -0.162358
v 0.000000 0.057336 -0.162356
v 0.263978 0.057335 -0.162356
v -0.146278 0.444075 -0.712544
v -0.208292 0.415155 -0.239229
v -0.190569 0.360572 -0.603429
v -0.234184 0.202892 -0.368682
v -0.284071 0.160064 -0.134480
v -0.214660 0.543113 -0.722893
v 0.000000 0.486217 -0.767484
v 0.000000 0.546721 -0.753597
v 0.214656 0.543104 -0.722882
v 0.241444 0.480201 -0.735257
v 0.193815 0.765736 -0.713947
v 0.191964 0.875542 -0.757185
v 0.202813 0.770530 -0.759979
v 0.000000 0.772616 -0.785072
v 0.261143 0.513875 -0.554406
v 0.271618 0.422004 -0.317077
v 0.262685 0.503064 -0.324100
v 0.000000 0.409851 -0.310131
v 0.274199 0.245957 0.650099
v 0.097090 0.245957 0.650096
v 0.274198 0.212550 0.739366
v 0.093657 0.212548 0.739368
v 0.143702 0.274162 0.855993
v 0.224132 0.274097 0.856830
v 0.143658 0.176976 0.864662
v 0.224174 0.177641 0.856522
v 0.208289 0.415148 -0.239225
v 0.284067 0.160061 -0.134478
v -0.208292 0.415155 -0.239229
v -0.284071 0.160064 -0.134480
v 0.295940 0.331764 -0.795985
v 0.295941 0.321669 -0.626717
v 0.295940 0.371852 -0.793769
v 0.295940 0.361735 -0.624326
v -0.022895 0.828805 -0.792886
v 0.022895 0.828793 -0.792874
v -0.022895 0.827968 -0.778844
v 0.022895 0.827955 -0.778832
v 0.186278 0.522584 0.826472
v 0.189179 0.557461 0.816606
v 0.176333 0.514189 0.791717
v 0.179319 0.548695 0.782720
v 0.157732 0.334338 -0.918898
v 0.157678 0.370633 -0.772568
v 0.157732 0.307121 -0.920521
v 0.157677 0.330460 -0.774998
v -0.077613 0.135265 -0.786016
v -0.077571 0.203783 -0.788233
v -0.077579 0.203413 -0.781932
v 0.077570 0.203780 -0.788221
v 0.026572 0.483103 -0.761549
v -0.026572 0.483111 -0.761561
v 0.022895 0.827955 -0.778832
v -0.022895 0.827968 -0.778844
v -0.093659 0.212552 0.739380
v -0.097091 0.245961 0.650106
v -0.274202 0.212553 0.739377
v -0.274203 0.245961 0.650109
v -0.224177 0.177644 0.856535
v -0.224135 0.274101 0.856844
v -0.143660 0.176979 0.864676
v -0.143704 0.274166 0.856007
v -0.208292 0.415155 -0.239229
v -0.146278 0.444075 -0.712544
v 0.208289 0.415148 -0.239225
v 0.146276 0.444069 -0.712533
v -0.295945 0.361741 -0.624335
v -0.295945 0.321674 -0.626727
v -0.295945 0.371857 -0.793782
v -0.295945 0.331770 -0.795998
v -0.177852 0.548704 0.782733
v -0.187712 0.557470 0.816619
v -0.174866 0.514198 0.791730
v -0.184811 0.522592 0.826485
v 0.274198 0.089555 0.494747
v 0.108762 0.272275 0.535465
v -0.274203 0.089557 0.494755
v -0.108764 0.272279 0.535473
v 0.254846 0.290019 0.648861
v 0.274198 0.244770 0.750959
v 0.255336 0.257892 0.751325
v 0.224174 0.177641 0.856522
v 0.224132 0.274097 0.856830
v 0.224401 0.262204 0.751496
v 0.084154 0.061456 0.813980
v 0.000000 0.081069 0.890235
v 0.235438 0.083726 0.845144
v 0.000000 0.081069 0.890235
v 0.231911 0.154938 0.859039
v 0.235438 0.083726 0.845144
v 0.295940 0.334338 -0.918898
v 0.157678 0.370633 -0.772568
v 0.157732 0.334338 -0.918898
v 0.274199 0.061272 0.516892
v 0.284067 0.160061 -0.134478
v 0.263840 0.134685 -0.136094
v 0.295940 0.331764 -0.795985
v 0.295940 0.334338 -0.918898
v 0.295940 0.306530 -0.920557
v 0.157732 0.334338 -0.918898
v 0.295940 0.306530 -0.920557
v 0.295940 0.334338 -0.918898
v 0.263978 0.057335 -0.162356
v 0.000000 0.125901 -0.137439
v 0.263840 0.134685 -0.136094
v -0.169725 0.656155 -0.747263
v 0.000000 0.772616 -0.785072
v -0.202816 0.770542 -0.759991
v -0.026572 0.476289 -0.647192
v -0.026572 0.469803 -0.769459
v -0.026572 0.483111 -0.761561
v 0.000000 0.409851 -0.310131
v -0.278681 0.463115 -0.556669
v -0.271622 0.422011 -0.317082
v -0.095583 0.311513 0.729084
v -0.075239 0.182768 0.874098
v -0.096590 0.282703 0.725054
v -0.274202 0.277558 0.649280
v -0.274202 0.212553 0.739377
v -0.274203 0.245961 0.650109
v -0.224177 0.177644 0.856535
v -0.255340 0.257896 0.751337
v -0.224404 0.262208 0.751508
v -0.227431 0.165847 -0.370397
v -0.263844 0.134687 -0.136096
v -0.263982 0.057336 -0.162358
v -0.157735 0.334343 -0.918912
v -0.295945 0.306535 -0.920572
v -0.157735 0.307126 -0.920537
v -0.146278 0.444075 -0.712544
v 0.157678 0.370633 -0.772568
v 0.146276 0.444069 -0.712533
v -0.146278 0.444075 -0.712544
v -0.190569 0.360572 -0.603429
v -0.157679 0.370637 -0.772575
v -0.006100 0.537587 0.824251
v -0.177852 0.548704 0.782733
v -0.174866 0.514198 0.791730
v -0.214660 0.543113 -0.722893
v 0.000000 0.524705 -0.573877
v -0.261147 0.513883 -0.554414
vt 0.015853 0.390417
vt 0.025932 0.347721
vt 0.013497 0.349990
vt 0.030375 0.390612
vt 0.037253 0.343602
vt 0.040517 0.388512
vt 0.114152 0.380424
vt 0.094796 0.427578
vt 0.119274 0.419959
vt 0.099580 0.504884
vt 0.133089 0.503556
vt 0.169704 0.518025
vt 0.206431 0.503479
vt 0.239917 0.505139
vt 0.222664 0.420265
vt 0.247305 0.428196
vt 0.226941 0.381880
vt 0.300847 0.388011
vt 0.302785 0.343486
vt 0.310998 0.390231
vt 0.314847 0.347629
vt 0.325537 0.389996
vt 0.327458 0.349796
vt 0.000000 0.994791
vt 0.155869 0.888208
vt 0.155870 0.996612
vt 0.004707 0.888208
vt 0.155873 0.779804
vt 0.004711 0.779804
vt 0.155869 0.888208
vt 0.004707 0.888208
vt 0.155870 0.996612
vt 0.000000 0.994791
vt 0.155869 0.888208
vt 0.004707 0.888208
vt 0.155873 0.779804
vt 0.004711 0.779804
vt 0.155869 0.888208
vt 0.004707 0.888208
vt 0.155870 0.996612
vt 0.000000 0.994791
vt 0.000000 0.994791
vt 0.155869 0.888208
vt 0.155870 0.996612
vt 0.004707 0.888208
vt 0.155873 0.779804
vt 0.004711 0.779804
vt 0.155869 0.888208
vt 0.004707 0.888208
vt 0.155870 0.996612
vt 0.000000 0.994791
vt 0.155869 0.888208
vt 0.004707 0.888208
vt 0.155873 0.779804
vt 0.004711 0.779804
vt 0.155869 0.888208
vt 0.004707 0.888208
vt 0.155870 0.996612
vt 0.000000 0.994791
vt 0.000000 0.994791
vt 0.155869 0.888208
vt 0.155870 0.996612
vt 0.004707 0.888208
vt 0.155873 0.779804
vt 0.004711 0.779804
vt 0.155869 0.888208
vt 0.004707 0.888208
vt 0.155870 0.996612
vt 0.000000 0.994791
vt 0.155869 0.888208
vt 0.004707 0.888208
vt 0.155873 0.779804
vt 0.004711 0.779804
vt 0.155869 0.888208
vt 0.004707 0.888208
vt 0.155870 0.996612
vt 0.000000 0.994791
vt 0.000000 0.994791
vt 0.155869 0.888208
vt 0.155870 0.996612
vt 0.004707 0.888208
vt 0.155873 0.779804
vt 0.004711 0.779804
vt 0.155869 0.888208
vt 0.004707 0.888208
vt 0.155870 0.996612
vt 0.000000 0.994791
vt 0.155869 0.888208
vt 0.004707 0.888208
vt 0.155873 0.779804
vt 0.004711 0.779804
vt 0.155869 0.888208
vt 0.004707 0.888208
vt 0.155870 0.996612
vt 0.000000 0.994791
vt 0.592880 0.813530
vt 0.609239 0.891917
vt 0.624218 0.880321
vt 0.583685 0.827591
vt 0.487123 0.896706
vt 0.487408 0.814383
vt 0.388460 0.833995
vt 0.381787 0.821374
vt 0.363868 0.898716
vt 0.348940 0.894920
vt 0.382821 0.960047
vt 0.368959 0.972769
vt 0.489114 0.980219
vt 0.489496 0.997640
vt 0.609344 0.962826
vt 0.489496 0.997640
vt 0.487479 0.966007
vt 0.368959 0.972769
vt 0.609344 0.962826
vt 0.598010 0.950522
vt 0.624218 0.880321
vt 0.602642 0.882291
vt 0.592880 0.813530
vt 0.583685 0.827591
vt 0.487408 0.814383
vt 0.487436 0.882356
vt 0.388460 0.833995
vt 0.372264 0.882395
vt 0.381787 0.821374
vt 0.350677 0.880468
vt 0.388512 0.287680
vt 0.392663 0.274144
vt 0.377403 0.291215
vt 0.592053 0.287680
vt 0.592053 0.274144
vt 0.791444 0.274144
vt 0.791444 0.260609
vt 0.813661 0.281361
vt 0.824770 0.271466
vt 0.826600 0.313985
vt 0.842310 0.313985
vt 0.824770 0.365545
vt 0.359337 0.271466
vt 0.370445 0.281361
vt 0.392663 0.260609
vt 0.353356 0.313985
vt 0.364277 0.313666
vt 0.366614 0.358498
vt 0.377723 0.348484
vt 0.392663 0.362635
vt 0.392663 0.351980
vt 0.592053 0.362635
vt 0.592053 0.351980
vt 0.791444 0.351980
vt 0.341797 0.313985
vt 0.353356 0.313985
vt 0.359337 0.271466
vt 0.359337 0.365545
vt 0.366614 0.358498
vt 0.392663 0.376178
vt 0.392663 0.362635
vt 0.592053 0.376178
vt 0.592053 0.362635
vt 0.791444 0.362635
vt 0.791444 0.351980
vt 0.807980 0.345879
vt 0.791444 0.260609
vt 0.791444 0.274144
vt 0.824770 0.271466
vt 0.592053 0.260609
vt 0.592053 0.274144
vt 0.392663 0.274144
vt 0.388512 0.287680
vt 0.370445 0.281361
vt 0.377403 0.291215
vt 0.353356 0.313985
vt 0.364277 0.313666
vt 0.377723 0.348484
vt 0.807980 0.291215
vt 0.813661 0.281361
vt 0.791444 0.287680
vt 0.826600 0.313985
vt 0.842310 0.313985
vt 0.813661 0.355624
vt 0.824770 0.365545
vt 0.791444 0.362635
vt 0.791444 0.376178
vt 0.592053 0.362635
vt 0.592053 0.376178
vt 0.392663 0.376178
vt 0.816318 0.313985
vt 0.826600 0.313985
vt 0.807980 0.291215
vt 0.807980 0.345879
vt 0.813661 0.355624
vt 0.791444 0.351980
vt 0.791444 0.362635
vt 0.592053 0.351980
vt 0.592053 0.362635
vt 0.392663 0.362635
vt 0.392663 0.376178
vt 0.359337 0.365545
vt 0.421514 0.248964
vt 0.406959 0.234109
vt 0.198310 0.248930
vt 0.413647 0.017978
vt 0.397256 0.032999
vt 0.222569 0.032999
vt 0.391441 0.215438
vt 0.228383 0.215438
vt 0.212865 0.234109
vt 0.206177 0.017978
vt 0.190799 0.002912
vt 0.432884 0.006079
vt 0.256406 0.687025
vt 0.256406 0.836637
vt 0.291150 0.688642
vt 0.240680 0.685827
vt 0.240680 0.834717
vt 0.182927 0.829269
vt 0.240679 0.926535
vt 0.166266 0.914633
vt 0.240679 0.992935
vt 0.166266 0.992935
vt 0.166266 0.977408
vt 0.205677 0.691294
vt 0.240680 0.685827
vt 0.240681 0.561449
vt 0.240680 0.834717
vt 0.256406 0.687025
vt 0.256406 0.836637
vt 0.319774 0.825529
vt 0.256406 0.925484
vt 0.340274 0.910920
vt 0.256406 0.992935
vt 0.343499 0.992935
vt 0.432081 0.223024
vt 0.620246 0.204172
vt 0.613610 0.239780
vt 0.437050 0.196140
vt 0.622100 0.167146
vt 0.438412 0.168487
vt 0.618721 0.130387
vt 0.435894 0.141029
vt 0.612448 0.100837
vt 0.430967 0.117905
vt 0.696591 0.488077
vt 0.914549 0.392059
vt 0.696578 0.392205
vt 0.914549 0.487973
vt 0.931009 0.502255
vt 0.696591 0.488077
vt 0.680201 0.502342
vt 0.696578 0.392205
vt 0.680188 0.379302
vt 0.930881 0.379132
vt 0.625634 0.104081
vt 0.853839 0.104081
vt 0.625634 0.154139
vt 0.625634 0.154139
vt 0.853839 0.154139
vt 0.625634 0.104081
vt 0.853839 0.104081
vt 0.625634 0.154139
vt 0.853839 0.154139
vt 0.853839 0.104081
vt 0.824770 0.365545
vt 0.813661 0.355624
vt 0.791444 0.376178
vt 0.826600 0.313985
vt 0.816318 0.313985
vt 0.813661 0.281361
vt 0.807980 0.291215
vt 0.791444 0.274144
vt 0.791444 0.287680
vt 0.592053 0.287680
vt 0.377723 0.348484
vt 0.366614 0.358498
vt 0.392663 0.351980
vt 0.353356 0.313985
vt 0.341797 0.313985
vt 0.370445 0.281361
vt 0.359337 0.271466
vt 0.392663 0.274144
vt 0.392663 0.260609
vt 0.592053 0.260609
vt 0.322993 0.447451
vt 0.283661 0.508763
vt 0.297082 0.537063
vt 0.299747 0.439346
vt 0.277324 0.500726
vt 0.299747 0.439346
vt 0.285214 0.438361
vt 0.300847 0.388011
vt 0.247305 0.428196
vt 0.842310 0.313985
vt 0.879449 0.310198
vt 0.850502 0.296743
vt 0.874373 0.321065
vt 0.908281 0.331730
vt 0.879033 0.337630
vt 0.905100 0.353366
vt 0.860656 0.364521
vt 0.889098 0.376530
vt 0.099580 0.504884
vt 0.062070 0.502293
vt 0.169704 0.518025
vt 0.062070 0.502293
vt 0.042821 0.439862
vt 0.042821 0.439862
vt 0.040517 0.388512
vt 0.057362 0.438938
vt 0.094796 0.427578
vt 0.860656 0.364521
vt 0.905100 0.353366
vt 0.889098 0.376530
vt 0.879033 0.337630
vt 0.908281 0.331730
vt 0.874373 0.321065
vt 0.879449 0.310198
vt 0.842310 0.313985
vt 0.850502 0.296743
vt 0.620246 0.204172
vt 0.437050 0.196140
vt 0.432081 0.223024
vt 0.622100 0.167146
vt 0.438412 0.168487
vt 0.618721 0.130387
vt 0.435894 0.141029
vt 0.612448 0.100837
vt 0.430967 0.117905
vt 0.239917 0.505139
vt 0.283661 0.508763
vt 0.277324 0.500726
vt 0.169704 0.518025
vt 0.169838 0.551087
vt 0.062070 0.502293
vt 0.042205 0.538037
vt 0.018928 0.447784
vt 0.377403 0.291215
vt 0.370445 0.281361
vt 0.364277 0.313666
vt 0.392663 0.274144
vt 0.392663 0.260609
vt 0.592053 0.274144
vt 0.592053 0.260609
vt 0.791444 0.260609
vt 0.824770 0.271466
vt 0.813661 0.281361
vt 0.842310 0.313985
vt 0.791444 0.274144
vt 0.791444 0.287680
vt 0.592053 0.274144
vt 0.592053 0.287680
vt 0.388512 0.287680
vt 0.182927 0.829269
vt 0.240680 0.834717
vt 0.205677 0.691294
vt 0.166266 0.914633
vt 0.240679 0.926535
vt 0.240679 0.992935
vt 0.256406 0.925484
vt 0.256406 0.992935
vt 0.432884 0.006079
vt 0.861607 0.021048
vt 0.861607 0.006079
vt 0.432884 0.021048
vt 0.432884 0.082437
vt 0.578341 0.082437
vt 0.578341 0.097144
vt 0.382821 0.960047
vt 0.372264 0.882395
vt 0.350677 0.880468
vt 0.487479 0.966007
vt 0.487436 0.882356
vt 0.602642 0.882291
vt 0.583685 0.827591
vt 0.321128 0.701232
vt 0.359163 0.689919
vt 0.325974 0.745037
vt 0.305285 0.657825
vt 0.347234 0.634684
vt 0.282450 0.623627
vt 0.313393 0.593047
vt 0.336898 0.257191
vt 0.314847 0.347629
vt 0.327458 0.349796
vt 0.313877 0.258009
vt 0.302785 0.343486
vt 0.225300 0.343068
vt 0.226941 0.381880
vt 0.253499 0.563376
vt 0.256406 0.687025
vt 0.291150 0.688642
vt 0.240681 0.561449
vt 0.240680 0.685827
vt 0.205677 0.691294
vt 0.182927 0.829269
vt 0.256406 0.992935
vt 0.256406 0.925484
vt 0.240679 0.926535
vt 0.340274 0.910920
vt 0.256406 0.836637
vt 0.319774 0.825529
vt 0.291150 0.688642
vt 0.382821 0.960047
vt 0.487123 0.896706
vt 0.363868 0.898716
vt 0.489114 0.980219
vt 0.598010 0.950522
vt 0.609344 0.962826
vt 0.624218 0.880321
vt 0.112785 0.340966
vt 0.037253 0.343602
vt 0.114152 0.380424
vt 0.028771 0.256902
vt 0.025932 0.347721
vt 0.005602 0.256827
vt 0.013497 0.349990
vt 0.672243 0.993145
vt 0.687426 0.649999
vt 0.672243 0.649999
vt 0.687426 0.993145
vt 0.980356 0.649999
vt 0.980356 0.993145
vt 0.995447 0.993145
vt 0.003831 0.609772
vt 0.187463 0.609774
vt 0.180825 0.554542
vt 0.003831 0.633208
vt 0.187463 0.633210
vt 0.003832 0.768698
vt 0.187459 0.768698
vt 0.578853 0.573838
vt 0.611820 0.573838
vt 0.516451 0.759791
vt 0.578853 0.472376
vt 0.611819 0.384739
vt 0.511834 0.384739
vt 0.698879 0.249707
vt 0.654882 0.160461
vt 0.609127 0.256626
vt 0.794933 0.191673
vt 0.841651 0.158793
vt 0.855485 0.187577
vt 0.669174 0.461128
vt 0.623857 0.578957
vt 0.623858 0.461128
vt 0.669173 0.796060
vt 0.546922 0.717664
vt 0.546921 0.796060
vt 0.381787 0.821374
vt 0.377814 0.605277
vt 0.508405 0.605278
vt 0.508405 0.774579
vt 0.508405 0.605278
vt 0.377814 0.605277
vt 0.240680 0.685827
vt 0.253499 0.563376
vt 0.240681 0.561449
vt 0.256406 0.687025
vt 0.291150 0.688642
vt 0.319774 0.825529
vt 0.240679 0.992935
vt 0.166266 0.992935
vt 0.240679 0.977408
vt 0.166266 0.914633
vt 0.183883 0.992935
vt 0.183882 0.914633
vt 0.807980 0.345879
vt 0.813661 0.355624
vt 0.816318 0.313985
vt 0.791444 0.362635
vt 0.791444 0.376178
vt 0.592053 0.376178
vt 0.359337 0.365545
vt 0.366614 0.358498
vt 0.341797 0.313985
vt 0.392663 0.362635
vt 0.392663 0.351980
vt 0.592053 0.351980
vt 0.198310 0.248930
vt 0.212865 0.234109
vt 0.190799 0.002912
vt 0.406959 0.234109
vt 0.391441 0.215438
vt 0.397256 0.032999
vt 0.432884 0.006079
vt 0.413647 0.017978
vt 0.421514 0.248964
vt 0.206177 0.017978
vt 0.222569 0.032999
vt 0.228383 0.215438
vt 0.432884 0.082437
vt 0.861607 0.082437
vt 0.861607 0.021048
vt 0.432884 0.097144
vt 0.861607 0.097144
vt 0.578341 0.006079
vt 0.432884 0.021048
vt 0.432884 0.006079
vt 0.578341 0.021048
vt 0.578341 0.082437
vt 0.317888 0.790242
vt 0.365562 0.747764
vt 0.368107 0.804887
vt 0.325974 0.745037
vt 0.359163 0.689919
vt 0.299747 0.439346
vt 0.310998 0.390231
vt 0.300847 0.388011
vt 0.322993 0.447451
vt 0.325537 0.389996
vt 0.856307 0.204999
vt 0.990788 0.205000
vt 0.861607 0.097144
vt 0.855326 0.262929
vt 0.993255 0.272581
vt 0.983502 0.101275
vt 0.861607 0.097144
vt 0.990788 0.205000
vt 0.970742 0.005670
vt 0.876355 0.005669
vt 0.508405 0.774579
vt 0.377814 0.605277
vt 0.508405 0.605278
vt 0.381787 0.821374
vt 0.508405 0.605278
vt 0.909579 0.299918
vt 0.879449 0.310198
vt 0.908281 0.331730
vt 0.899281 0.269686
vt 0.869135 0.279972
vt 0.592880 0.813530
vt 0.487408 0.814383
vt 0.583685 0.827591
vt 0.486288 0.799133
vt 0.381787 0.821374
vt 0.581500 0.812811
vt 0.490473 0.910119
vt 0.618504 0.905544
vt 0.486288 0.799133
vt 0.392148 0.817785
vt 0.030375 0.390612
vt 0.042821 0.439862
vt 0.040517 0.388512
vt 0.018928 0.447784
vt 0.062070 0.502293
vt 0.611820 0.573838
vt 0.578853 0.472376
vt 0.578853 0.573838
vt 0.611819 0.384739
vt 0.511834 0.384739
vt 0.899281 0.269686
vt 0.879449 0.310198
vt 0.869135 0.279972
vt 0.909579 0.299918
vt 0.908281 0.331730
vt 0.997061 0.368375
vt 0.911648 0.272581
vt 0.963122 0.540776
vt 0.993255 0.272581
vt 0.997061 0.368375
vt 0.623857 0.578957
vt 0.669173 0.796060
vt 0.669174 0.461128
vt 0.546922 0.717664
vt 0.546921 0.796060
vt 0.730747 0.338030
vt 0.583274 0.294028
vt 0.730670 0.294028
vt 0.583274 0.338030
vt 0.435801 0.338030
vt 0.794933 0.191673
vt 0.654882 0.160461
vt 0.841651 0.158793
vt 0.698879 0.249707
vt 0.609127 0.256626
vt 0.486288 0.799133
vt 0.487408 0.814383
vt 0.592880 0.813530
vt 0.381787 0.821374
vt 0.388460 0.833995
vt 0.609239 0.891917
vt 0.598010 0.950522
vt 0.624218 0.880321
vt 0.487123 0.896706
vt 0.368959 0.972769
vt 0.382821 0.960047
vt 0.350677 0.880468
vt 0.487479 0.966007
vt 0.847382 0.345316
vt 0.874373 0.321065
vt 0.843324 0.328606
vt 0.879033 0.337630
vt 0.004853 0.226724
vt 0.190799 0.002912
vt 0.004853 0.008748
vt 0.186696 0.226318
vt 0.726595 0.504143
vt 0.980356 0.649999
vt 0.945179 0.505547
vt 0.687426 0.649999
vt 0.256406 0.925484
vt 0.240680 0.834717
vt 0.240679 0.926535
vt 0.256406 0.836637
vt 0.761244 0.030813
vt 0.665944 0.060089
vt 0.761244 0.060089
vt 0.665944 0.030813
vt 0.613487 0.804504
vt 0.665151 0.853509
vt 0.613563 0.855254
vt 0.669173 0.796060
vt 0.166266 0.992935
vt 0.183882 0.914633
vt 0.183883 0.992935
vt 0.166266 0.914633
vt 0.930881 0.379132
vt 0.914549 0.392059
vt 0.931009 0.502255
vt 0.696578 0.392205
vt 0.861607 0.021048
vt 0.432884 0.082437
vt 0.432884 0.021048
vt 0.861607 0.082437
vt 0.847382 0.345316
vt 0.874373 0.321065
vt 0.879033 0.337630
vt 0.843324 0.328606
vt 0.186696 0.226318
vt 0.004853 0.008748
vt 0.004853 0.226724
vt 0.190799 0.002912
vt 0.980356 0.993145
vt 0.740911 0.669451
vt 0.698272 0.995472
vt 0.942050 0.669454
vt 0.240679 0.926535
vt 0.256406 0.836637
vt 0.240680 0.834717
vt 0.256406 0.925484
vt 0.613487 0.804504
vt 0.665151 0.853509
vt 0.669173 0.796060
vt 0.613563 0.855254
vt 0.028771 0.256902
vt 0.225300 0.343068
vt 0.313877 0.258009
vt 0.112785 0.340966
vt 0.299747 0.439346
vt 0.299747 0.439346
vt 0.300847 0.388011
vt 0.508405 0.774579
vt 0.508405 0.605278
vt 0.377814 0.605277
vt 0.963122 0.540776
vt 0.911648 0.272581
vt 0.997061 0.368375
vt 0.297082 0.537063
vt 0.283661 0.508763
vt 0.169838 0.551087
vt 0.343499 0.992935
vt 0.340274 0.910920
vt 0.256406 0.992935
vt 0.995447 0.649999
vt 0.980356 0.649999
vt 0.995447 0.993145
vt 0.240679 0.992935
vt 0.256406 0.992935
vt 0.240679 0.926535
vt 0.240679 0.977408
vt 0.240679 0.992935
vt 0.166266 0.977408
vt 0.435877 0.294028
vt 0.583274 0.294028
vt 0.435801 0.338030
vt 0.363868 0.898716
vt 0.487123 0.896706
vt 0.388460 0.833995
vt 0.432884 0.097144
vt 0.432884 0.082437
vt 0.578341 0.097144
vt 0.598010 0.950522
vt 0.602642 0.882291
vt 0.487479 0.966007
vt 0.578853 0.573838
vt 0.516451 0.759791
vt 0.611820 0.573838
vt 0.015853 0.390417
vt 0.018928 0.447784
vt 0.030375 0.390612
vt 0.057362 0.438938
vt 0.042821 0.439862
vt 0.062070 0.502293
vt 0.669174 0.461128
vt 0.623858 0.461128
vt 0.623857 0.578957
vt 0.166266 0.977408
vt 0.240679 0.977408
vt 0.166266 0.992935
vt 0.010471 0.554540
vt 0.003831 0.609772
vt 0.180825 0.554542
vt 0.855485 0.187577
vt 0.794933 0.191673
vt 0.841651 0.158793
vt 0.613610 0.239780
vt 0.620246 0.204172
vt 0.432081 0.223024
vt 0.354659 0.910375
vt 0.490473 0.910119
vt 0.392148 0.817785
vn 0.1826 0.9815 -0.0572
vn 0.9648 -0.1669 0.2030
vn 0.1502 0.5784 -0.8018
vn 0.9207 -0.3865 0.0540
vn 0.2496 -0.7139 0.6543
vn 0.1712 -0.9813 -0.0883
vn 0.4514 -0.8906 0.0559
vn -0.1585 -0.9447 -0.2870
vn 0.4389 -0.7535 -0.4894
vn -0.1581 -0.4730 -0.8668
vn 0.0796 -0.7272 -0.6818
vn -0.0000 -0.1140 -0.9935
vn -0.1378 -0.7087 -0.6919
vn 0.1581 -0.4730 -0.8668
vn -0.4389 -0.7535 -0.4894
vn 0.1585 -0.9447 -0.2870
vn -0.4514 -0.8906 0.0559
vn -0.1712 -0.9813 -0.0883
vn -0.2496 -0.7139 0.6543
vn -0.9207 -0.3865 0.0540
vn -0.9648 -0.1669 0.2030
vn -0.1826 0.9815 -0.0572
vn -0.1502 0.5783 -0.8019
vn -0.0000 -0.1955 0.9807
vn 0.0000 -0.6547 0.7559
vn -0.0000 0.0775 0.9970
vn -0.0000 -0.8405 0.5418
vn 0.0001 -0.9977 0.0678
vn 0.0000 -0.9826 -0.1859
vn 0.0001 -0.7701 -0.6379
vn -0.0001 -0.5602 -0.8283
vn 0.0000 -0.0641 -0.9979
vn -0.0000 0.2283 -0.9736
vn 0.0000 0.6720 -0.7406
vn 0.0000 0.8361 -0.5486
vn -0.0000 0.9961 -0.0885
vn -0.0000 0.9854 0.1701
vn -0.0000 0.7767 0.6299
vn -0.0000 0.5634 0.8262
vn -0.0000 0.0776 0.9970
vn -0.0000 -0.6501 0.7598
vn 0.0000 -0.8317 0.5552
vn 0.0000 -0.9970 0.0776
vn 0.0000 -0.9807 -0.1955
vn 0.0000 -0.7598 -0.6501
vn -0.0001 -0.5552 -0.8317
vn -0.0001 -0.0573 -0.9984
vn 0.0000 0.2371 -0.9715
vn 0.0000 0.6696 -0.7427
vn 0.0000 0.8330 -0.5532
vn -0.0000 0.9968 -0.0801
vn -0.0000 0.9831 0.1830
vn -0.0000 0.7716 0.6361
vn 0.0001 0.5609 0.8279
vn -0.0000 -0.6502 0.7598
vn -0.0000 -0.9970 0.0775
vn -0.0001 -0.9807 -0.1956
vn -0.0000 -0.7599 -0.6501
vn 0.0001 -0.5553 -0.8317
vn -0.0000 -0.0776 -0.9970
vn 0.0001 0.1954 -0.9807
vn -0.0000 0.6502 -0.7598
vn -0.0000 0.8317 -0.5553
vn -0.0001 0.9970 -0.0775
vn -0.0000 0.9807 0.1954
vn 0.0001 0.7599 0.6501
vn 0.0000 0.5553 0.8317
vn -0.0001 -0.9807 -0.1955
vn 0.0001 -0.7598 -0.6501
vn 0.0000 -0.5552 -0.8317
vn -0.0000 0.1955 -0.9807
vn -0.0000 0.6501 -0.7598
vn 0.0001 0.8317 -0.5552
vn 0.0000 0.9970 -0.0776
vn 0.0000 0.9807 0.1955
vn 0.0000 0.7598 0.6501
vn 0.0001 0.5552 0.8317
vn -0.6013 0.7897 -0.1218
vn -0.4229 0.1012 0.9005
vn -0.9801 0.0366 -0.1951
vn -0.2507 0.2532 0.9344
vn -0.0000 0.0522 0.9986
vn 0.0000 0.4999 0.8661
vn 0.2507 0.2531 0.9344
vn 0.6013 0.7896 -0.1219
vn 0.4229 0.1012 0.9005
vn 0.9801 0.0368 -0.1950
vn 0.3584 -0.1801 0.9160
vn 0.4004 -0.8769 -0.2660
vn 0.0000 -0.4934 0.8698
vn 0.0004 -0.9418 -0.3363
vn -0.4005 -0.8768 -0.2660
vn -0.0003 0.0249 -0.9997
vn 0.0000 0.9670 -0.2549
vn -0.3894 -0.0629 -0.9189
vn 0.3895 -0.0629 -0.9189
vn 0.5046 0.8444 -0.1798
vn 0.6109 -0.7860 -0.0951
vn 0.3040 0.9453 0.1179
vn 0.2480 -0.9489 0.1950
vn 0.2385 0.8796 0.4117
vn 0.0000 0.6608 0.7505
vn -0.0000 0.9891 0.1470
vn -0.2385 0.8796 0.4116
vn -0.3040 0.9453 0.1179
vn -0.2480 -0.9489 0.1950
vn -0.6109 -0.7860 -0.0950
vn -0.0550 0.9385 -0.3408
vn 0.1500 0.2152 0.9650
vn 0.6935 0.6533 -0.3038
vn -0.0000 0.9045 0.4264
vn 0.0000 -0.3021 0.9533
vn -0.1500 0.2152 0.9650
vn -0.0281 -0.9473 0.3191
vn -0.3102 -0.1557 0.9378
vn 0.6749 -0.7042 0.2207
vn -0.0473 -0.0595 0.9971
vn 0.9821 0.0112 -0.1881
vn 0.7080 0.6048 0.3646
vn -0.6748 -0.7042 0.2207
vn 0.3103 -0.1557 0.9378
vn 0.0281 -0.9473 0.3191
vn 0.0472 -0.0595 0.9971
vn 0.9456 -0.0194 0.3247
vn 0.3344 0.0310 0.9419
vn 0.7313 -0.5051 -0.4584
vn 0.1432 0.1922 0.9709
vn 0.0440 -0.9659 0.2551
vn 0.0000 -0.3011 0.9536
vn 0.0000 -0.9024 -0.4310
vn -0.0440 -0.9659 0.2551
vn -0.9821 0.0112 -0.1881
vn -0.6748 -0.7042 0.2208
vn -0.7080 0.6048 0.3647
vn 0.3344 0.0311 0.9419
vn -0.0662 0.9687 -0.2391
vn 0.1432 0.1923 0.9708
vn -0.0000 0.9044 0.4267
vn -0.1432 0.1922 0.9709
vn -0.0441 -0.9659 0.2552
vn -0.7313 -0.5050 -0.4585
vn -0.1722 -0.2247 -0.9591
vn 0.0000 -0.9024 -0.4308
vn 0.0000 0.2989 -0.9543
vn 0.1722 -0.2247 -0.9591
vn 0.0550 0.9385 -0.3407
vn 0.4135 0.0349 -0.9098
vn -0.6936 0.6532 -0.3038
vn 0.1172 0.0591 -0.9914
vn -0.9456 -0.0194 0.3248
vn -0.7313 -0.5051 -0.4584
vn 0.6936 0.6532 -0.3038
vn -0.4135 0.0348 -0.9098
vn -0.0549 0.9386 -0.3407
vn -0.1171 0.0591 -0.9914
vn -0.9821 0.0112 -0.1882
vn -0.4236 0.0708 -0.9031
vn -0.1678 -0.1591 -0.9729
vn 0.0000 0.2978 -0.9546
vn 0.0662 0.9687 -0.2391
vn -0.4236 0.0709 -0.9031
vn -0.0000 -0.9023 -0.4310
vn 0.0000 0.2979 -0.9546
vn 0.1678 -0.1591 -0.9729
vn 0.0662 0.9687 -0.2392
vn 0.8716 -0.2046 -0.4455
vn 0.0336 0.0859 -0.9957
vn -0.6750 -0.4264 -0.6021
vn 0.4405 0.4225 -0.7921
vn -0.1443 0.4588 -0.8768
vn 0.0385 0.4474 -0.8935
vn -0.0379 0.5779 -0.8152
vn 0.1502 0.5668 -0.8101
vn -0.4178 0.4267 -0.8021
vn 0.0296 0.7978 -0.6022
vn -0.4784 0.8415 0.2509
vn 0.6729 0.7320 0.1068
vn -0.6551 -0.6718 -0.3458
vn -0.3242 -0.8917 -0.3159
vn -0.8539 -0.5122 -0.0926
vn -0.3425 0.8506 0.3989
vn -0.4394 0.8371 0.3258
vn -0.7677 0.5513 0.3267
vn -0.2694 0.9628 -0.0191
vn -0.2545 0.4403 0.8610
vn -0.1086 0.9938 0.0240
vn 0.4418 0.8968 0.0244
vn 0.1599 -0.8426 0.5143
vn 0.8539 -0.5122 -0.0926
vn 0.6551 -0.6718 -0.3458
vn 0.2046 -0.9049 -0.3733
vn 0.3242 -0.8917 -0.3159
vn 0.3425 0.8506 0.3989
vn 0.4394 0.8371 0.3258
vn 0.7677 0.5513 0.3267
vn 0.2694 0.9628 -0.0191
vn 0.1735 0.2776 0.9449
vn 0.1086 0.9938 0.0240
vn -0.4418 0.8968 0.0243
vn 0.2322 0.6008 0.7649
vn 0.0700 -0.2709 0.9601
vn -0.0198 0.9615 0.2743
vn 0.0548 -0.7962 0.6026
vn -0.3085 -0.9302 -0.1989
vn -0.1648 -0.6127 -0.7729
vn -0.2049 0.2805 -0.9377
vn 0.0131 0.7927 -0.6094
vn -0.0198 0.9615 0.2742
vn 0.2317 0.6009 0.7650
vn -0.0202 0.0323 0.9993
vn 0.0406 -0.1058 0.9936
vn -0.0797 -0.2395 0.9676
vn 0.0404 0.0323 0.9987
vn 0.4026 0.9138 0.0541
vn -0.0203 0.0324 0.9993
vn -0.6606 0.7494 0.0447
vn -0.0798 -0.2396 0.9676
vn -0.4027 -0.9137 -0.0538
vn 0.2148 -0.9750 -0.0573
vn 0.6991 -0.4080 0.5872
vn 0.7020 -0.4008 0.5887
vn 0.7170 0.3948 -0.5744
vn -0.4322 -0.5125 0.7420
vn -0.8937 -0.2505 0.3722
vn -0.8814 0.2690 -0.3883
vn -0.4509 0.5077 -0.7341
vn 0.7170 0.3949 -0.5745
vn 0.7184 0.4001 -0.5691
vn 0.7020 -0.4007 0.5887
vn -0.3345 0.0310 0.9419
vn 0.0663 0.9687 -0.2392
vn -0.3103 -0.1557 0.9378
vn -0.6935 0.6532 -0.3039
vn 0.0549 0.9385 -0.3407
vn -0.0000 0.9046 0.4263
vn 0.4236 0.0708 -0.9031
vn -0.0440 -0.9659 0.2552
vn 0.1171 0.0591 -0.9914
vn 0.6748 -0.7042 0.2207
vn 0.1723 -0.2248 -0.9591
vn -0.0281 -0.9473 0.3192
vn -0.0000 -0.9025 -0.4308
vn -0.3068 0.7280 0.6131
vn -0.4413 0.0335 -0.8967
vn -0.4946 0.8555 -0.1532
vn -0.8527 -0.3739 -0.3649
vn -0.6658 -0.2803 -0.6915
vn -0.2931 -0.8221 -0.4881
vn -0.3265 -0.9369 -0.1250
vn -0.1712 -0.9813 -0.0882
vn 0.1586 -0.9447 -0.2870
vn -0.1826 0.9815 -0.0573
vn -0.4496 0.5224 -0.7245
vn -0.1501 0.5784 -0.8019
vn -0.5353 0.8335 0.1370
vn -0.9983 0.0464 -0.0354
vn -0.6043 0.5524 0.5742
vn -0.3818 0.7420 0.5511
vn -0.3069 0.7280 0.6131
vn -0.4945 0.8555 -0.1532
vn 0.4412 0.0336 -0.8968
vn -0.0000 -0.1139 -0.9935
vn 0.6658 -0.2802 -0.6915
vn 0.8527 -0.3738 -0.3649
vn 0.2930 -0.8221 -0.4882
vn 0.3265 -0.9369 -0.1250
vn -0.1586 -0.9447 -0.2870
vn 0.3069 0.7280 0.6131
vn 0.3818 0.7420 0.5511
vn 0.4945 0.8555 -0.1532
vn 0.6043 0.5524 0.5742
vn 0.9983 0.0464 -0.0354
vn 0.5353 0.8335 0.1370
vn 0.4496 0.5224 -0.7245
vn 0.1826 0.9815 -0.0573
vn 0.1501 0.5784 -0.8019
vn -0.0700 -0.2708 0.9601
vn -0.0548 -0.7962 0.6026
vn -0.2317 0.6010 0.7650
vn 0.3085 -0.9302 -0.1989
vn 0.1648 -0.6127 -0.7729
vn 0.2049 0.2805 -0.9377
vn -0.0121 0.7929 -0.6093
vn 0.0198 0.9615 0.2742
vn -0.2317 0.6009 0.7650
vn -0.4412 0.0335 -0.8968
vn -0.6657 -0.2802 -0.6916
vn 0.0000 0.5253 -0.8509
vn 0.4413 0.0336 -0.8967
vn 0.3102 -0.1557 0.9378
vn 0.9456 -0.0194 0.3248
vn 0.1500 0.2153 0.9650
vn -0.4135 0.0349 -0.9099
vn -0.0550 0.9385 -0.3407
vn 0.0000 0.2988 -0.9543
vn -0.0000 0.9046 0.4264
vn 0.0550 0.9386 -0.3407
vn 0.8554 -0.5160 -0.0446
vn 0.3243 -0.8916 -0.3160
vn 0.8538 -0.5123 -0.0927
vn 0.0200 -0.8710 0.4908
vn 0.3955 -0.9145 0.0850
vn 0.1809 -0.9218 0.3430
vn 0.2693 0.9629 -0.0191
vn 0.1085 0.9938 0.0240
vn -0.4625 -0.0484 -0.8853
vn -0.2192 0.0261 0.9753
vn -0.1397 -0.0696 -0.9878
vn -0.2536 0.5599 0.7888
vn 0.1703 0.2329 0.9575
vn 0.1283 0.9900 0.0590
vn 1.0000 -0.0000 -0.0000
vn -0.5045 0.8445 -0.1798
vn -0.3041 0.9453 0.1179
vn 0.0000 0.9891 0.1471
vn 0.3040 0.9454 0.1179
vn 0.7321 0.6478 0.2106
vn -0.4783 0.8416 0.2509
vn 0.8716 -0.2047 -0.4455
vn 0.4979 -0.5792 -0.6455
vn -0.6751 -0.4264 -0.6021
vn -0.7084 -0.4438 -0.5489
vn -0.5358 0.4757 -0.6976
vn -0.9648 -0.1669 0.2031
vn -0.0749 -0.9715 0.2248
vn -0.2496 -0.7138 0.6543
vn -0.0729 -0.3151 0.9462
vn -0.4515 -0.8905 0.0558
vn -0.1094 -0.9249 -0.3641
vn -0.6551 -0.6718 -0.3457
vn -0.8538 -0.5123 -0.0927
vn -0.7526 0.6202 -0.2213
vn -0.3425 0.8507 0.3989
vn -0.9543 0.1900 0.2307
vn -0.7678 0.5512 0.3267
vn -0.1808 -0.9218 0.3430
vn -0.3955 -0.9145 0.0850
vn -0.2693 0.9629 -0.0191
vn -0.0173 -0.8731 0.4873
vn -0.3243 -0.8916 -0.3160
vn -0.8554 -0.5160 -0.0446
vn -0.3584 -0.1801 0.9160
vn -0.9801 0.0367 -0.1951
vn 0.1630 -0.4096 0.8976
vn 0.2496 -0.7138 0.6543
vn 0.4514 -0.8906 0.0560
vn 0.0389 -0.9924 0.1164
vn 0.5358 0.4757 -0.6976
vn 0.1502 0.5783 -0.8019
vn 0.5359 0.4756 -0.6976
vn 0.7526 0.6202 -0.2213
vn -0.5359 0.4756 -0.6975
vn -0.0173 -0.8731 0.4872
vn 0.0200 -0.8710 0.4909
vn 0.1252 -0.9891 0.0768
vn -0.2546 0.4403 0.8610
vn -0.7053 -0.0442 0.7075
vn 0.8618 -0.0237 0.5068
vn -0.0930 -0.8644 -0.4942
vn -0.1378 -0.7086 -0.6920
vn -0.4515 -0.8905 0.0559
vn -0.2866 -0.9426 0.1715
vn -0.0730 -0.3152 0.9462
vn -0.3513 -0.9064 -0.2348
vn -0.1093 -0.9249 -0.3641
vn -0.8555 -0.5160 -0.0446
vn -0.2714 -0.9567 0.1056
vn -0.0173 -0.8730 0.4873
vn -0.9430 0.1388 -0.3026
vn -0.9543 0.1900 0.2308
vn -0.7053 -0.0376 0.7079
vn -0.1585 -0.9447 -0.2871
vn -0.5019 -0.8241 -0.2625
vn -0.1581 -0.4730 -0.8667
vn 0.5329 -0.4482 -0.7177
vn 0.3425 0.8507 0.3989
vn 0.9543 0.1900 0.2307
vn 0.7678 0.5512 0.3267
vn 0.1809 -0.9218 0.3429
vn -0.1599 -0.8426 0.5143
vn -0.4418 0.8968 0.0244
vn -0.7314 -0.5050 -0.4584
vn -0.1432 0.1923 0.9708
vn -0.0000 0.9045 0.4266
vn 0.4236 0.0709 -0.9031
vn -0.0441 -0.9659 0.2551
vn 0.0337 0.0859 -0.9957
vn -0.0380 0.5779 -0.8152
vn -0.1443 0.4588 -0.8767
vn 0.4404 0.4225 -0.7922
vn 0.0297 0.7978 -0.6022
vn 0.1502 0.5668 -0.8100
vn 0.1704 0.2329 0.9575
vn 0.4363 0.0191 0.8996
vn 0.2695 -0.0506 -0.9617
vn 0.2886 -0.1273 -0.9489
vn -1.0000 -0.0000 -0.0000
vn -0.2506 0.9664 0.0580
vn 0.1284 0.9900 0.0591
vn -0.8888 0.4500 0.0863
vn 0.7322 0.6477 0.2105
vn -0.9207 -0.3866 0.0540
vn -0.1713 -0.9813 -0.0882
vn -0.3069 0.7280 0.6130
vn 0.1539 -0.9651 0.2121
vn -0.0728 -0.3152 0.9462
vn 0.1629 -0.4096 0.8976
vn 0.1774 -0.8418 -0.5098
vn 0.1539 -0.9651 0.2120
vn 0.0795 -0.7272 -0.6818
vn -0.1378 -0.7087 -0.6920
vn 0.5019 -0.8241 -0.2625
vn -0.5328 -0.4482 -0.7177
vn 0.1585 -0.9447 -0.2871
vn 0.1581 -0.4730 -0.8667
vn -0.6560 0.3027 -0.6914
vn -0.4496 0.5225 -0.7245
vn -0.9983 0.0464 -0.0355
vn -0.5359 0.4756 -0.6976
vn -0.1501 0.5784 -0.8018
vn -0.6014 0.7896 -0.1219
vn -0.2506 0.2532 0.9344
vn 0.0001 0.9992 -0.0401
vn 0.6014 0.7896 -0.1219
vn -0.2480 -0.9490 0.1950
vn 0.0000 -0.9896 -0.1437
vn -0.6110 -0.7859 -0.0950
vn -0.0000 -0.9808 0.1949
vn 0.9207 -0.3866 0.0540
vn 0.1713 -0.9813 -0.0882
vn 0.4412 0.0335 -0.8968
vn 0.1773 -0.8418 -0.5098
vn 0.4515 -0.8905 0.0559
vn 0.4389 -0.7536 -0.4894
vn 0.1538 -0.9651 0.2121
vn 0.1630 -0.4095 0.8976
vn 0.4496 0.5225 -0.7245
vn 0.1501 0.5784 -0.8018
vn 0.6560 0.3027 -0.6914
vn 0.9983 0.0464 -0.0355
vn 0.3818 0.7419 0.5511
vn 0.4946 0.8555 -0.1532
vn 0.0001 0.9444 -0.3287
vn -0.3819 0.7419 0.5511
vn 0.9543 0.1899 0.2308
vn 0.8617 -0.0207 0.5069
vn 0.9429 0.1389 -0.3027
vn 0.9429 0.1388 -0.3027
vn 0.0000 0.3310 -0.9436
vn 0.7526 0.6201 -0.2213
vn -0.0000 0.3419 -0.9398
vn -0.9429 0.1388 -0.3026
vn 0.3612 -0.7559 -0.5460
vn 0.1252 -0.9892 0.0768
vn 0.2045 -0.9049 -0.3733
vn 0.0000 -0.9808 0.1950
vn -0.0000 0.6609 0.7505
vn -0.2386 0.8796 0.4117
vn -0.4228 0.1012 0.9006
vn -0.3584 -0.1802 0.9160
vn -0.9801 0.0367 -0.1950
vn 0.0001 0.0523 0.9986
vn -0.3895 -0.0629 -0.9189
vn -0.5046 0.8444 -0.1797
vn -0.6109 -0.7859 -0.0951
vn -0.0000 0.9669 -0.2550
vn -0.1827 0.9815 -0.0573
vn -0.5329 -0.4482 -0.7178
vn 0.3612 -0.7560 -0.5459
vn -0.3512 -0.9064 -0.2349
vn 0.2046 -0.9048 -0.3733
vn -0.3955 -0.9145 0.0851
vn -0.2693 0.9629 -0.0192
vn -0.3242 -0.8917 -0.3160
vn 0.2887 -0.1273 -0.9489
vn -0.1396 -0.0695 -0.9878
vn -0.3086 -0.9302 -0.1988
vn -0.2048 0.2805 -0.9377
vn 0.0700 -0.2708 0.9601
vn 0.4418 0.8968 0.0243
vn 0.2149 -0.9750 -0.0570
vn 0.4026 0.9137 0.0552
vn 0.2696 -0.0482 -0.9618
vn -0.4626 -0.0484 -0.8853
vn 0.1827 0.9815 -0.0573
vn 0.5329 -0.4482 -0.7178
vn 0.6657 -0.2802 -0.6916
vn -0.3512 -0.9064 -0.2348
vn 0.1252 -0.9892 0.0769
vn 0.3954 -0.9145 0.0851
vn 0.4394 0.8372 0.3258
vn 0.3242 -0.8917 -0.3160
vn 0.2693 0.9629 -0.0192
vn 0.3086 -0.9302 -0.1988
vn 0.2048 0.2805 -0.9377
vn 0.0389 -0.9924 0.1165
vn -0.0729 -0.3152 0.9462
vn -0.0749 -0.9715 0.2249
vn -0.8527 -0.3738 -0.3649
vn -0.5329 -0.4482 -0.7177
vn -0.6658 -0.2802 -0.6915
vn 0.0001 0.5253 -0.8509
vn -0.3819 0.7420 0.5511
vn -0.4413 0.0335 -0.8968
vn 0.1599 -0.8425 0.5143
vn -0.1808 -0.9218 0.3429
vn -0.5359 0.4757 -0.6975
vn -0.1085 0.9938 0.0239
vn -0.1809 -0.9218 0.3429
vn -0.7526 0.6201 -0.2213
vn 0.4228 0.1012 0.9006
vn 0.0001 0.0522 0.9986
vn 0.2506 0.2532 0.9344
vn 0.2696 -0.0505 -0.9617
vn 0.5046 0.8445 -0.1798
vn 0.3041 0.9453 0.1179
vn 0.3068 0.7280 0.6131
vn 0.9207 -0.3866 0.0541
vn 0.3265 -0.9369 -0.1249
vn 0.9429 0.1388 -0.3026
vn -0.2713 -0.9567 0.1056
vn 0.0200 -0.8711 0.4908
vn 0.8555 -0.5159 -0.0446
vn 0.0198 0.9615 0.2743
vn -0.0700 -0.2709 0.9601
vn 0.6109 -0.7860 -0.0950
vn 0.2480 -0.9490 0.1949
usemtl Material.002
s 1
f 3/1/1 2/2/2 1/3/3
f 4/4/4 2/2/2 3/1/1
f 4/4/4 5/5/5 2/2/2
f 6/6/6 5/5/5 4/4/4
f 6/6/6 7/7/7 5/5/5
f 8/8/8 7/7/7 6/6/6
f 8/8/8 9/9/9 7/7/7
f 10/10/10 9/9/9 8/8/8
f 10/10/10 11/11/11 9/9/9
f 12/12/12 11/11/11 10/10/10
f 12/12/12 13/13/13 11/11/11
f 14/14/14 13/13/13 12/12/12
f 14/14/14 15/15/15 13/13/13
f 16/16/16 15/15/15 14/14/14
f 16/16/16 17/17/17 15/15/15
f 18/18/18 17/17/17 16/16/16
f 18/18/18 19/19/19 17/17/17
f 20/20/20 19/19/19 18/18/18
f 20/20/20 21/21/21 19/19/19
f 22/22/22 21/21/21 20/20/20
f 22/22/22 23/23/23 21/21/21
f 26/24/24 25/25/25 24/26/26
f 27/27/27 25/25/25 26/24/24
f 27/27/27 28/28/28 25/25/25
f 29/29/29 28/28/28 27/27/27
f 29/29/29 30/30/30 28/28/28
f 31/31/31 30/30/30 29/29/29
f 31/31/31 32/32/32 30/30/30
f 33/33/33 32/32/32 31/31/31
f 33/33/33 34/34/34 32/32/32
f 35/35/35 34/34/34 33/33/33
f 35/35/35 36/36/36 34/34/34
f 37/37/37 36/36/36 35/35/35
f 37/37/37 38/38/38 36/36/36
f 39/39/39 38/38/38 37/37/37
f 39/39/39 40/40/40 38/38/38
f 41/41/24 40/40/40 39/39/39
f 44/42/24 43/43/41 42/44/26
f 45/45/42 43/43/41 44/42/24
f 45/45/42 46/46/43 43/43/41
f 47/47/44 46/46/43 45/45/42
f 47/47/44 48/48/45 46/46/43
f 49/49/46 48/48/45 47/47/44
f 49/49/46 50/50/47 48/48/45
f 51/51/48 50/50/47 49/49/46
f 51/51/48 52/52/49 50/50/47
f 53/53/50 52/52/49 51/51/48
f 53/53/50 54/54/51 52/52/49
f 55/55/52 54/54/51 53/53/50
f 55/55/52 56/56/53 54/54/51
f 57/57/54 56/56/53 55/55/52
f 57/57/54 58/58/40 56/56/53
f 59/59/24 58/58/40 57/57/54
f 62/60/24 61/61/55 60/62/26
f 63/63/42 61/61/55 62/60/24
f 63/63/42 64/64/56 61/61/55
f 65/65/57 64/64/56 63/63/42
f 65/65/57 66/66/58 64/64/56
f 67/67/59 66/66/58 65/65/57
f 67/67/59 68/68/60 66/66/58
f 69/69/61 68/68/60 67/67/59
f 69/69/61 70/70/62 68/68/60
f 71/71/63 70/70/62 69/69/61
f 71/71/63 72/72/64 70/70/62
f 73/73/65 72/72/64 71/71/63
f 73/73/65 74/74/66 72/72/64
f 75/75/67 74/74/66 73/73/65
f 75/75/67 76/76/40 74/74/66
f 77/77/24 76/76/40 75/75/67
f 80/78/24 79/79/41 78/80/26
f 81/81/42 79/79/41 80/78/24
f 81/81/42 82/82/43 79/79/41
f 83/83/68 82/82/43 81/81/42
f 83/83/68 84/84/69 82/82/43
f 85/85/70 84/84/69 83/83/68
f 85/85/70 86/86/60 84/84/69
f 87/87/71 86/86/60 85/85/70
f 87/87/71 88/88/72 86/86/60
f 89/89/73 88/88/72 87/87/71
f 89/89/73 90/90/74 88/88/72
f 91/91/75 90/90/74 89/89/73
f 91/91/75 92/92/76 90/90/74
f 93/93/77 92/92/76 91/91/75
f 93/93/77 94/94/40 92/92/76
f 95/95/24 94/94/40 93/93/77
f 98/96/78 97/97/79 96/98/80
f 99/99/81 97/97/79 98/96/78
f 99/99/81 100/100/82 97/97/79
f 101/101/83 100/100/82 99/99/81
f 101/101/83 102/102/84 100/100/82
f 103/103/85 102/102/84 101/101/83
f 103/103/85 104/104/86 102/102/84
f 105/105/87 104/104/86 103/103/85
f 105/105/87 106/106/88 104/104/86
f 107/107/89 106/106/88 105/105/87
f 107/107/89 108/108/90 106/106/88
f 109/109/91 108/108/90 107/107/89
f 109/109/91 110/110/92 108/108/90
f 113/111/93 112/112/94 111/113/95
f 114/114/96 112/112/94 113/111/93
f 114/114/96 115/115/97 112/112/94
f 116/116/98 115/115/97 114/114/96
f 116/116/98 117/117/99 115/115/97
f 118/118/100 117/117/99 116/116/98
f 118/118/100 119/119/101 117/117/99
f 120/120/102 119/119/101 118/118/100
f 120/120/102 121/121/103 119/119/101
f 122/122/104 121/121/103 120/120/102
f 122/122/104 123/123/105 121/121/103
f 124/124/106 123/123/105 122/122/104
f 124/124/106 125/125/107 123/123/105
f 128/126/108 127/127/109 126/128/110
f 129/129/111 127/127/109 128/126/108
f 129/129/111 130/130/112 127/127/109
f 131/131/113 130/130/112 129/129/111
f 131/131/113 132/132/114 130/130/112
f 133/133/115 132/132/114 131/131/113
f 133/133/115 134/134/116 132/132/114
f 135/135/117 134/134/116 133/133/115
f 135/135/117 136/136/118 134/134/116
f 137/137/119 136/136/118 135/135/117
f 140/138/120 139/139/121 138/140/122
f 141/141/123 139/139/121 140/138/120
f 141/141/123 142/142/124 139/139/121
f 143/143/125 142/142/124 141/141/123
f 143/143/125 144/144/126 142/142/124
f 145/145/127 144/144/126 143/143/125
f 145/145/127 146/146/128 144/144/126
f 147/147/129 146/146/128 145/145/127
f 147/147/129 148/148/130 146/146/128
f 149/149/131 148/148/130 147/147/129
f 152/150/132 151/151/123 150/152/133
f 153/153/134 151/151/123 152/150/132
f 153/153/134 154/154/135 151/151/123
f 155/155/136 154/154/135 153/153/134
f 155/155/136 156/156/137 154/154/135
f 157/157/138 156/156/137 155/155/136
f 157/157/138 158/158/129 156/156/137
f 159/159/139 158/158/129 157/157/138
f 159/159/139 160/160/140 158/158/129
f 161/161/141 160/160/140 159/159/139
f 164/162/122 163/163/142 162/164/133
f 165/165/143 163/163/142 164/162/122
f 165/165/143 166/166/144 163/163/142
f 167/167/145 166/166/144 165/165/143
f 167/167/145 168/168/146 166/166/144
f 169/169/147 168/168/146 167/167/145
f 169/169/147 170/170/148 168/168/146
f 171/171/149 170/170/148 169/169/147
f 171/171/149 172/172/150 170/170/148
f 173/173/151 172/172/150 171/171/149
f 176/174/152 175/175/153 174/176/154
f 177/177/155 175/175/153 176/174/152
f 177/177/155 178/178/156 175/175/153
f 179/179/157 178/178/156 177/177/155
f 179/179/157 180/180/134 178/178/156
f 181/181/158 180/180/134 179/179/157
f 181/181/158 182/182/136 180/180/134
f 183/183/159 182/182/136 181/181/158
f 183/183/159 184/184/138 182/182/136
f 185/185/160 184/184/138 183/183/159
f 188/186/124 187/187/155 186/188/152
f 189/189/126 187/187/155 188/186/124
f 189/189/126 190/190/161 187/187/155
f 191/191/128 190/190/161 189/189/126
f 191/191/128 192/192/158 190/190/161
f 193/193/162 192/192/158 191/191/128
f 193/193/162 194/194/163 192/192/158
f 195/195/164 194/194/163 193/193/162
f 195/195/164 196/196/165 194/194/163
f 197/197/119 196/196/165 195/195/164
f 200/198/166 199/199/167 198/200/168
f 201/201/169 199/199/167 200/198/166
f 201/201/169 202/202/170 199/199/167
f 203/203/171 202/202/170 201/201/169
f 203/203/171 204/204/172 202/202/170
f 205/205/173 204/204/172 203/203/171
f 205/205/173 206/206/174 204/204/172
f 207/207/175 206/206/174 205/205/173
f 207/207/175 208/208/176 206/206/174
f 209/209/177 208/208/176 207/207/175
f 212/210/178 211/211/179 210/212/180
f 213/213/181 211/211/179 212/210/178
f 213/213/181 214/214/182 211/211/179
f 215/215/183 214/214/182 213/213/181
f 215/215/183 216/216/184 214/214/182
f 217/217/185 216/216/184 215/215/183
f 217/217/185 218/218/186 216/216/184
f 219/219/187 218/218/186 217/217/185
f 219/219/187 220/220/188 218/218/186
f 223/221/189 222/222/190 221/223/191
f 224/224/192 222/222/190 223/221/189
f 224/224/192 225/225/193 222/222/190
f 226/226/194 225/225/193 224/224/192
f 226/226/194 227/227/195 225/225/193
f 228/228/196 227/227/195 226/226/194
f 228/228/196 229/229/197 227/227/195
f 230/230/198 229/229/197 228/228/196
f 230/230/198 231/231/199 229/229/197
f 234/232/200 233/233/201 232/234/202
f 235/235/203 233/233/201 234/232/200
f 235/235/203 236/236/204 233/233/201
f 237/237/205 236/236/204 235/235/203
f 237/237/205 238/238/206 236/236/204
f 239/239/207 238/238/206 237/237/205
f 239/239/207 240/240/208 238/238/206
f 241/241/209 240/240/208 239/239/207
f 244/242/210 243/243/211 242/244/212
f 245/245/213 243/243/211 244/242/210
f 245/245/213 246/246/214 243/243/211
f 247/247/215 246/246/214 245/245/213
f 247/247/215 248/248/216 246/246/214
f 249/249/217 248/248/216 247/247/215
f 249/249/217 250/250/218 248/248/216
f 251/251/219 250/250/218 249/249/217
f 254/252/220 253/253/221 252/254/222
f 255/255/223 253/253/221 254/252/220
f 255/255/223 256/256/224 253/253/221
f 257/257/225 256/256/224 255/255/223
f 257/257/225 258/258/226 256/256/224
f 259/259/227 258/258/226 257/257/225
f 259/259/227 260/260/228 258/258/226
f 261/261/229 260/260/228 259/259/227
f 264/262/119 263/263/230 262/264/231
f 265/265/117 263/263/230 264/262/119
f 265/265/117 266/266/150 263/263/230
f 267/267/232 266/266/150 265/265/117
f 267/267/232 268/268/233 266/266/150
f 269/269/113 268/268/233 267/267/232
f 269/269/113 270/270/234 268/268/233
f 271/271/235 270/270/234 269/269/113
f 274/272/141 273/273/236 272/274/237
f 275/275/238 273/273/236 274/272/141
f 275/275/238 276/276/118 273/273/236
f 277/277/147 276/276/118 275/275/238
f 277/277/147 278/278/239 276/276/118
f 279/279/240 278/278/239 277/277/147
f 279/279/240 280/280/241 278/278/239
f 281/281/242 280/280/241 279/279/240
f 284/282/243 283/283/244 282/284/245
f 285/285/246 283/283/244 284/282/243
f 285/285/246 286/286/247 283/283/244
f 287/287/248 286/286/247 285/285/246
f 287/287/248 288/288/249 286/286/247
f 289/289/250 288/288/249 287/287/248
f 289/289/250 290/290/251 288/288/249
f 293/291/252 292/292/253 291/293/254
f 294/294/255 292/292/253 293/291/252
f 294/294/255 295/295/256 292/292/253
f 296/296/257 295/295/256 294/294/255
f 296/296/257 297/297/258 295/295/256
f 298/298/259 297/297/258 296/296/257
f 298/298/259 299/299/260 297/297/258
f 302/300/10 301/301/261 300/302/262
f 303/303/263 301/301/261 302/300/10
f 303/303/263 304/304/264 301/301/261
f 305/305/265 304/304/264 303/303/263
f 305/305/265 306/306/6 304/304/264
f 307/307/266 306/306/6 305/305/265
f 307/307/266 308/308/267 306/306/6
f 311/309/268 310/310/269 309/311/270
f 312/312/271 310/310/269 311/309/268
f 312/312/271 313/313/272 310/310/269
f 314/314/273 313/313/272 312/312/271
f 314/314/273 315/315/274 313/313/272
f 316/316/275 315/315/274 314/314/273
f 316/316/275 317/317/276 315/315/274
f 320/318/277 319/319/278 318/320/279
f 321/321/280 319/319/278 320/318/277
f 321/321/280 322/322/281 319/319/278
f 323/323/282 322/322/281 321/321/280
f 323/323/282 324/324/283 322/322/281
f 325/325/284 324/324/283 323/323/282
f 325/325/284 326/326/285 324/324/283
f 329/327/14 328/328/286 327/329/287
f 330/330/262 328/328/286 329/327/14
f 330/330/262 331/331/288 328/328/286
f 332/332/289 331/331/288 330/330/262
f 332/332/289 333/333/270 331/331/288
f 334/334/268 333/333/270 332/332/289
f 337/335/152 336/336/290 335/337/291
f 338/338/292 336/336/290 337/335/152
f 338/338/292 339/339/122 336/336/290
f 340/340/112 339/339/122 338/338/292
f 340/340/112 341/341/143 339/339/122
f 342/342/114 341/341/143 340/340/112
f 345/343/120 344/344/293 343/345/132
f 346/346/142 344/344/293 345/343/120
f 346/346/142 347/347/294 344/344/293
f 348/348/295 347/347/294 346/346/142
f 348/348/295 349/349/296 347/347/294
f 350/350/297 349/349/296 348/348/295
f 353/351/298 352/352/299 351/353/300
f 354/354/301 352/352/299 353/351/298
f 354/354/301 355/355/302 352/352/299
f 356/356/303 355/355/302 354/354/301
f 356/356/303 357/357/304 355/355/302
f 358/358/305 357/357/304 356/356/303
f 361/359/306 360/360/307 359/361/308
f 362/362/309 360/360/307 361/359/306
f 362/362/309 363/363/310 360/360/307
f 364/364/311 363/363/310 362/362/309
f 364/364/311 365/365/312 363/363/310
f 368/366/313 367/367/314 366/368/107
f 369/369/94 367/367/314 368/366/313
f 369/369/94 370/370/315 367/367/314
f 371/371/316 370/370/315 369/369/94
f 371/371/316 372/372/101 370/370/315
f 375/373/177 374/374/317 373/375/318
f 376/376/319 374/374/317 375/373/177
f 376/376/319 377/377/320 374/374/317
f 378/378/321 377/377/320 376/376/319
f 378/378/321 379/379/322 377/377/320
f 382/380/323 381/381/324 380/382/23
f 383/383/325 381/381/324 382/380/323
f 383/383/325 384/384/326 381/381/324
f 385/385/327 384/384/326 383/383/325
f 385/385/327 386/386/328 384/384/326
f 389/387/329 388/388/330 387/389/331
f 390/390/332 388/388/330 389/387/329
f 390/390/332 391/391/333 388/388/330
f 392/392/334 391/391/333 390/390/332
f 392/392/334 393/393/335 391/391/333
f 396/394/336 395/395/337 394/396/338
f 397/397/339 395/395/337 396/394/336
f 397/397/339 398/398/340 395/395/337
f 399/399/341 398/398/340 397/397/339
f 399/399/341 400/400/331 398/398/340
f 403/401/88 402/402/82 401/403/86
f 404/404/90 402/402/82 403/401/88
f 404/404/90 405/405/342 402/402/82
f 406/406/92 405/405/342 404/404/90
f 406/406/92 407/407/343 405/405/342
f 410/408/344 409/409/345 408/410/346
f 411/411/347 409/409/345 410/408/344
f 411/411/347 412/412/2 409/409/345
f 413/413/348 412/412/2 411/411/347
f 413/413/348 414/414/349 412/412/2
f 417/415/350 416/416/191 415/417/351
f 418/418/347 416/416/191 417/415/350
f 418/418/347 419/419/329 416/416/191
f 420/420/325 419/419/329 418/418/347
f 420/420/325 421/421/352 419/419/329
f 424/422/353 423/423/354 422/424/355
f 425/425/356 423/423/354 424/422/353
f 425/425/356 426/426/197 423/423/354
f 427/427/357 426/426/197 425/425/356
f 427/427/357 428/428/358 426/426/197
f 431/429/15 430/430/359 429/431/360
f 432/432/361 430/430/359 431/429/15
f 432/432/361 433/433/362 430/430/359
f 434/434/363 433/433/362 432/432/361
f 437/435/331 436/436/364 435/437/365
f 438/438/366 436/436/364 437/435/331
f 438/438/366 439/439/367 436/436/364
f 440/440/368 439/439/367 438/438/366
f 443/441/369 442/442/370 441/443/332
f 444/444/371 442/442/370 443/441/369
f 444/444/371 445/445/183 442/442/370
f 446/446/356 445/445/183 444/444/371
f 449/447/372 448/448/373 447/449/374
f 450/450/266 448/448/373 449/447/372
f 450/450/266 451/451/375 448/448/373
f 452/452/263 451/451/375 450/450/266
f 455/453/190 454/454/351 453/455/191
f 456/456/376 454/454/351 455/453/190
f 456/456/376 457/457/377 454/454/351
f 458/458/378 457/457/377 456/456/376
f 461/459/379 460/460/380 459/461/198
f 462/462/301 460/460/380 461/459/379
f 462/462/301 463/463/381 460/460/380
f 464/464/197 463/463/381 462/462/301
f 467/465/382 466/466/230 465/467/150
f 468/468/383 466/466/230 467/465/382
f 468/468/383 469/469/160 466/466/230
f 470/470/384 469/469/160 468/468/383
f 473/471/119 472/472/385 471/473/118
f 474/474/164 472/472/385 473/471/119
f 474/474/164 475/475/386 472/472/385
f 476/476/162 475/475/386 474/474/164
f 479/477/168 478/478/174 477/479/176
f 480/480/387 478/478/174 479/477/168
f 480/480/387 481/481/388 478/478/174
f 482/482/389 481/481/388 480/480/387
f 485/483/177 484/484/390 483/485/166
f 486/486/391 484/484/390 485/483/177
f 486/486/391 487/487/171 484/484/390
f 488/488/392 487/487/171 486/486/391
f 491/489/393 490/490/394 489/491/307
f 492/492/395 490/490/394 491/489/393
f 492/492/395 493/493/396 490/490/394
f 496/494/397 495/495/309 494/496/306
f 497/497/398 495/495/309 496/494/397
f 497/497/398 498/498/399 495/495/309
f 501/499/168 500/500/400 499/501/322
f 502/502/176 500/500/400 501/499/168
f 502/502/176 503/503/401 500/500/400
f 506/504/246 505/505/402 504/506/403
f 507/507/404 505/505/402 506/504/246
f 507/507/404 508/508/22 505/505/402
f 511/509/362 510/510/405 509/511/359
f 512/512/406 510/510/405 511/509/362
f 512/512/406 513/513/407 510/510/405
f 516/514/408 515/515/359 514/516/409
f 517/517/410 515/515/359 516/514/408
f 517/517/410 518/518/411 515/515/359
f 521/519/249 520/520/412 519/521/413
f 522/522/414 520/520/412 521/519/249
f 522/522/414 523/523/415 520/520/412
f 526/524/416 525/525/417 524/526/418
f 527/527/419 525/525/417 526/524/416
f 527/527/419 528/528/420 525/525/417
f 531/529/421 530/530/83 529/531/422
f 532/532/423 530/530/83 531/529/421
f 532/532/423 533/533/424 530/530/83
f 536/534/425 535/535/426 534/536/427
f 537/537/428 535/535/426 536/534/425
f 537/537/428 538/538/100 535/535/426
f 541/539/429 540/540/264 539/541/430
f 542/542/268 540/540/264 541/539/429
f 542/542/268 543/543/431 540/540/264
f 546/544/432 545/545/433 544/546/434
f 547/547/435 545/545/433 546/544/432
f 547/547/435 548/548/436 545/545/433
f 551/549/350 550/550/437 549/551/438
f 552/552/439 550/550/437 551/549/350
f 552/552/439 553/553/440 550/550/437
f 556/554/441 555/555/288 554/556/442
f 557/557/443 555/555/288 556/554/441
f 557/557/443 558/558/444 555/555/288
f 561/559/445 560/560/446 559/561/447
f 562/562/195 560/560/446 561/559/445
f 562/562/195 563/563/197 560/560/446
f 566/564/448 565/565/449 564/566/450
f 567/567/451 565/565/449 566/564/448
f 567/567/451 568/568/452 565/565/449
f 571/569/298 570/570/453 569/571/454
f 572/572/300 570/570/453 571/569/298
f 572/572/300 573/573/455 570/570/453
f 576/574/456 575/575/457 574/576/100
f 577/577/106 575/575/457 576/574/456
f 577/577/106 578/578/458 575/575/457
f 581/579/459 580/580/460 579/581/461
f 582/582/462 580/580/460 581/579/459
f 585/583/463 584/584/464 583/585/465
f 586/586/466 584/584/464 585/583/463
f 589/587/259 588/588/255 587/589/467
f 590/590/257 588/588/255 589/587/259
f 593/591/14 592/592/468 591/593/412
f 594/594/287 592/592/468 593/591/14
f 597/595/469 596/596/365 595/597/470
f 598/598/471 596/596/365 597/595/469
f 601/599/472 600/600/182 599/601/473
f 602/602/474 600/600/182 601/599/472
f 605/603/475 604/604/307 603/605/394
f 606/606/476 604/604/307 605/603/475
f 609/607/208 608/608/477 607/609/478
f 610/610/479 608/608/477 609/607/208
f 613/611/480 612/612/339 611/613/188
f 614/614/356 612/612/339 613/611/480
f 617/615/481 616/616/211 615/617/482
f 618/618/212 616/616/211 617/615/481
f 621/619/476 620/620/483 619/621/484
f 622/622/475 620/620/483 621/619/476
f 625/623/268 624/624/273 623/625/271
f 626/626/485 624/624/273 625/623/268
f 629/627/10 628/628/486 627/629/487
f 630/630/373 628/628/486 629/627/10
f 633/631/488 632/632/489 631/633/453
f 634/634/367 632/632/489 633/631/488
f 637/635/490 636/636/491 635/637/492
f 638/638/493 636/636/491 637/635/490
f 641/639/284 640/640/494 639/641/277
f 642/642/495 640/640/494 641/639/284
f 645/643/496 644/644/497 643/645/498
f 646/646/344 644/644/497 645/643/496
f 649/647/248 648/648/499 647/649/250
f 652/650/249 651/651/500 650/652/501
f 655/653/245 654/654/502 653/655/503
f 658/656/245 657/657/504 656/658/288
f 661/659/505 660/660/353 659/661/506
f 664/662/332 663/663/329 662/664/507
f 667/665/508 666/666/506 665/667/338
f 670/668/509 669/669/186 668/670/188
f 673/671/510 672/672/449 671/673/452
f 676/674/511 675/675/512 674/676/513
f 679/677/514 678/678/310 677/679/312
f 682/680/515 681/681/516 680/682/466
f 685/683/9 684/684/410 683/685/408
f 688/686/1 687/687/517 686/688/518
f 691/689/519 690/690/265 689/691/263
f 694/692/520 693/693/351 692/694/445
f 697/695/199 696/696/198 695/697/380
f 700/698/521 699/699/353 698/700/489
f 703/701/522 702/702/523 701/703/489
f 706/704/524 705/705/525 704/706/285
f 709/707/526 708/708/426 707/709/527
o Mesh_0299.rip_noesis_meshnode_0000_Mesh_0299.rip
v -0.075894 1.746851 0.085499
v -0.078257 1.744976 0.083308
v -0.068740 1.758296 0.084707
v -0.080054 1.748617 0.079851
v -0.080917 1.744165 0.082967
v -0.108347 1.732164 0.073545
v -0.079659 1.737499 0.088341
v -0.078398 1.730797 0.093713
v -0.077807 1.740320 0.086144
v -0.042999 1.732300 0.065707
v -0.075894 1.746851 0.085499
v -0.066483 1.757125 0.085191
v -0.068740 1.758296 0.084707
v -0.055991 1.768903 0.086130
v -0.056933 1.771629 0.081199
v -0.044420 1.771815 0.090209
v -0.044129 1.775053 0.085690
v -0.028044 1.767840 0.097740
v -0.024222 1.769334 0.095953
v -0.017834 1.758139 0.105681
v -0.011249 1.763255 0.106225
v -0.007712 1.741399 0.118096
v 0.007049 1.743670 0.119200
v 0.006788 1.732985 0.139218
v 0.021752 1.740953 0.118260
v 0.026192 1.728521 0.134156
v 0.029717 1.739127 0.114269
v 0.032609 1.727690 0.117581
v 0.057363 1.730871 0.066273
v 0.041640 1.715726 0.119022
v 0.056043 1.709226 0.115636
v 0.035569 1.717117 0.140802
v 0.055593 1.690703 0.137460
v 0.055478 1.703233 0.172047
v 0.062160 1.675733 0.176265
v 0.052570 1.709794 0.208013
v 0.056045 1.682376 0.211074
v 0.037028 1.712314 0.233433
v 0.036337 1.685335 0.240891
v 0.005981 1.716648 0.241910
v 0.005522 1.685997 0.247784
v -0.025219 1.686225 0.240549
v -0.024545 1.661037 0.231279
v -0.044664 1.683773 0.210505
v -0.036878 1.660461 0.203740
v -0.050567 1.677333 0.175632
v -0.035977 1.654951 0.169912
v -0.048798 1.666899 0.152282
v -0.045443 1.650577 0.165429
v -0.068891 1.657502 0.160722
v -0.044941 1.641227 0.175019
v -0.063152 1.646963 0.165928
v -0.063567 1.645417 0.164164
v -0.064140 1.645017 0.166249
v -0.041939 1.634628 0.173235
v -0.044320 1.633563 0.177838
v -0.009693 1.634501 0.184377
v -0.010684 1.632768 0.189653
v 0.006486 1.634378 0.186634
v 0.006490 1.632830 0.191921
v 0.029717 1.739127 0.114269
v 0.033557 1.752935 0.104123
v 0.057363 1.730871 0.066273
v 0.045051 1.764798 0.096044
v 0.043110 1.766807 0.097296
v 0.059496 1.771480 0.090001
v 0.059681 1.771016 0.090028
v 0.071204 1.767412 0.086140
v 0.072336 1.769826 0.081923
v 0.084225 1.754359 0.084255
v 0.087184 1.758786 0.078303
v 0.094869 1.746625 0.078432
v 0.100233 1.764253 0.059264
v 0.122759 1.729007 0.074796
v 0.110465 1.789502 -0.003723
v 0.134582 1.764908 -0.006674
v 0.142166 1.769140 -0.033787
v 0.144189 1.753732 -0.000717
v 0.145917 1.767727 -0.025115
v 0.162029 1.779824 -0.027323
v 0.182153 1.770862 -0.048511
v 0.180626 1.721346 -0.026513
v 0.199981 1.749419 -0.059292
v 0.210357 1.730789 -0.058800
v 0.181212 1.730868 -0.055890
v 0.192681 1.714363 -0.055262
v 0.195800 1.709348 -0.060114
v 0.201682 1.693681 -0.035745
v 0.221890 1.669003 -0.079197
v 0.243101 1.650156 -0.002769
v 0.299904 1.597145 -0.006005
v 0.220035 1.643231 0.089071
v 0.279401 1.580190 0.088106
v 0.233745 1.567352 0.128741
v 0.203778 1.511179 0.208941
v 0.161323 1.582632 0.164259
v 0.137558 1.530479 0.206843
v 0.097311 1.577688 0.188411
v 0.077924 1.550703 0.226902
v 0.052089 1.537926 0.245302
v 0.137558 1.530479 0.206843
v 0.088448 1.491931 0.282819
v 0.203778 1.511179 0.208941
v 0.084722 1.469322 0.287825
v 0.199293 1.477758 0.218235
v 0.085137 1.452531 0.269651
v 0.187030 1.459680 0.205337
v -0.011430 1.631770 0.184198
v 0.005196 1.638130 0.187996
v 0.005113 1.631601 0.186652
v 0.021681 1.631276 0.184381
v 0.022367 1.637716 0.185886
v 0.054017 1.634566 0.173374
v 0.055817 1.639842 0.175529
v 0.074866 1.643564 0.164774
v 0.074479 1.645120 0.166536
v 0.075413 1.643149 0.166863
v 0.085145 1.649466 0.166921
v 0.066599 1.615019 0.187554
v 0.097311 1.577688 0.188411
v 0.039081 1.561279 0.239170
v 0.052089 1.537926 0.245302
v 0.004607 1.558788 0.250355
v 0.003924 1.534391 0.260267
v -0.044027 1.539183 0.244963
v -0.081248 1.493802 0.282342
v -0.131495 1.535477 0.206186
v -0.195704 1.515557 0.207811
v -0.151311 1.585248 0.160035
v -0.224016 1.574395 0.130391
v -0.152601 1.634799 0.124828
v -0.208185 1.649020 0.087017
v -0.139867 1.676152 0.118914
v -0.177908 1.684333 0.080239
v -0.139982 1.716210 0.076100
v -0.192014 1.690446 0.001007
v -0.161348 1.713089 0.018365
v -0.165427 1.726184 -0.028469
v -0.145415 1.746672 0.008200
v -0.136106 1.765414 -0.002690
v -0.128396 1.757535 -0.002258
v -0.145205 1.784127 -0.029060
v -0.129461 1.771582 -0.026671
v -0.165331 1.775723 -0.050476
v -0.145003 1.756767 -0.047012
v -0.183624 1.754781 -0.061461
v -0.165415 1.735711 -0.057849
v -0.194517 1.736446 -0.061089
v -0.177344 1.719530 -0.057354
v -0.203840 1.715793 -0.041048
v -0.187136 1.699109 -0.037943
v -0.202220 1.699378 -0.014788
v -0.192014 1.690446 0.001007
v -0.165427 1.726184 -0.028469
v -0.737174 0.920268 -0.143006
v -0.711522 0.921119 0.199717
v -0.753160 0.756920 -0.158857
v -0.732579 0.723091 0.201302
v -0.636517 0.929734 0.418771
v -0.664483 0.691202 0.434364
v -0.529382 0.812702 0.634695
v -0.547778 0.665217 0.640002
v -0.388203 0.663282 0.759479
v -0.363214 0.505222 0.710702
v -0.206500 0.661639 0.876181
v -0.167361 0.502332 0.784387
v 0.000000 0.506716 0.804444
v 0.000130 0.406268 0.716606
v 0.167366 0.502349 0.784414
v 0.322616 0.416803 0.621148
v 0.362822 0.504654 0.710897
v 0.524280 0.538465 0.572640
v 0.546800 0.662991 0.641360
v 0.626393 0.570296 0.430520
v 0.663954 0.687986 0.436449
v 0.732933 0.719543 0.203595
v 0.636732 0.925479 0.421955
v 0.712783 0.916356 0.203271
v 0.675117 1.062359 0.194716
v 0.740157 0.915326 -0.139329
v 0.689855 1.077198 -0.112204
v 0.582660 1.107224 -0.436422
v 0.505215 1.247961 -0.349997
v 0.233932 1.134779 -0.608332
v 0.217159 1.270580 -0.522609
v 0.003008 1.134507 -0.657192
v 0.004265 1.268801 -0.571663
v -0.208755 1.272341 -0.523841
v 0.005646 1.417566 -0.442496
v -0.151148 1.416538 -0.406697
v 0.006028 1.494479 -0.356490
v -0.124997 1.485436 -0.322863
v -0.120892 1.504380 -0.326060
v -0.304356 1.499509 -0.168812
v -0.262013 1.537337 -0.149708
v -0.378402 1.475223 0.004754
v -0.316383 1.505250 -0.005253
v 0.041845 1.766516 0.085393
v 0.052736 1.768974 0.080581
v 0.056707 1.765275 0.092230
v 0.066344 1.764261 0.089304
v 0.064324 1.767525 0.077200
v 0.075384 1.760018 0.087644
v 0.075211 1.762336 0.075659
v 0.082737 1.753080 0.087385
v 0.084084 1.754038 0.076143
v 0.087518 1.744374 0.088207
v 0.089872 1.743631 0.078594
v 0.089145 1.734726 0.090872
v 0.091878 1.732371 0.082717
v 0.087423 1.725383 0.094735
v 0.089860 1.721615 0.088014
v 0.082561 1.717495 0.099246
v 0.084061 1.712661 0.093846
v 0.075148 1.712098 0.103535
v 0.075179 1.707411 0.101671
v 0.066076 1.709768 0.107374
v 0.064289 1.704130 0.104322
v 0.056439 1.710785 0.110300
v 0.052702 1.705583 0.107703
v 0.047399 1.715028 0.111960
v 0.041815 1.710771 0.109244
v 0.040047 1.721983 0.112153
v 0.032942 1.719069 0.108760
v 0.035269 1.730813 0.110857
v 0.027154 1.729475 0.106308
v 0.033642 1.740452 0.108227
v 0.025147 1.740735 0.102186
v 0.035362 1.749737 0.104581
v 0.027166 1.751491 0.096889
v 0.040222 1.757549 0.100359
v 0.032965 1.760444 0.091057
v 0.047634 1.762945 0.096069
v 0.041845 1.766516 0.085393
v 0.056707 1.765275 0.092230
v -0.032160 1.763994 0.095598
v -0.041116 1.766672 0.091714
v -0.026715 1.767475 0.085006
v -0.037479 1.770233 0.080071
v -0.050771 1.766032 0.088741
v -0.049063 1.769106 0.076560
v -0.059961 1.762142 0.087037
v -0.060072 1.764221 0.074895
v -0.067575 1.755476 0.086807
v -0.069176 1.756172 0.075278
v -0.072697 1.746837 0.088079
v -0.075278 1.745930 0.077662
v -0.074709 1.737268 0.090700
v -0.077643 1.734730 0.081759
v -0.073368 1.727923 0.094353
v -0.075983 1.723923 0.087077
v -0.068835 1.719929 0.098599
v -0.070501 1.714813 0.092973
v -0.061657 1.714250 0.102924
v -0.061858 1.709319 0.100897
v -0.052701 1.711571 0.106807
v -0.051094 1.705739 0.103670
v -0.043046 1.712215 0.109781
v -0.039509 1.706870 0.107182
v -0.033857 1.716104 0.111485
v -0.028500 1.711754 0.108847
v -0.026242 1.722770 0.111715
v -0.019396 1.719802 0.108464
v -0.021120 1.731408 0.110443
v -0.013294 1.730044 0.106080
v -0.019108 1.740977 0.107822
v -0.010929 1.741243 0.101982
v -0.020449 1.750321 0.104168
v -0.012588 1.752050 0.096665
v -0.024982 1.758315 0.099923
v -0.018071 1.761160 0.090769
v -0.032160 1.763994 0.095598
v -0.026715 1.767475 0.085006
v 0.193817 1.697041 -0.164108
v 0.167283 1.757628 -0.112388
v 0.130437 1.718598 -0.211452
v 0.125319 1.756264 -0.173033
v 0.141032 1.806772 -0.097260
v 0.112293 1.813368 -0.141989
v 0.134181 1.847600 -0.091272
v 0.106461 1.873473 -0.125282
v 0.129795 1.877893 -0.078009
v 0.122861 1.910372 -0.079337
v 0.108260 1.882605 -0.005260
v 0.110435 1.924507 -0.011704
v 0.089266 1.922652 0.036814
v 0.076180 1.959839 -0.000650
v 0.065110 1.947887 0.046956
v 0.026775 1.961570 0.050525
v 0.018464 1.906911 0.078033
v -0.011545 1.956913 0.047912
v -0.016806 1.910129 0.073326
v -0.044858 1.937061 0.038248
v -0.054860 1.906592 0.051248
v -0.077187 1.902681 -0.002814
v -0.074522 1.844883 -0.008436
v -0.086828 1.894747 -0.076381
v -0.083539 1.854123 -0.078429
v -0.059407 1.885595 -0.124509
v -0.051202 1.818195 -0.142473
v 0.009943 1.822124 -0.159265
v -0.057911 1.760798 -0.185210
v 0.009083 1.759679 -0.201352
v -0.062538 1.724634 -0.231517
v 0.008952 1.729158 -0.253103
v 0.008507 1.688356 -0.274631
v 0.130437 1.718598 -0.211452
v 0.121562 1.674806 -0.231317
v 0.193817 1.697041 -0.164108
v 0.099645 1.637451 -0.243399
v 0.180653 1.657478 -0.171789
v 0.709710 1.489784 -0.014297
v 0.755533 1.501705 0.004792
v 0.698012 1.471069 0.001881
v 0.741378 1.487065 0.026688
v 0.796298 1.500399 0.049684
v 0.774397 1.490253 0.057665
v 0.779545 1.506889 0.074957
v 0.775255 1.497469 0.083203
v 0.781661 1.508924 0.083905
v 0.780836 1.505411 0.093746
v 0.794116 1.510831 0.087423
v 0.801039 1.500948 0.088072
v 0.793842 1.510008 0.076708
v 0.804078 1.488028 0.060744
v 0.796298 1.500399 0.049684
v 0.819094 1.487275 0.061330
v 0.820109 1.500304 0.051982
v 0.832391 1.499395 0.059922
v 0.841796 1.499056 0.050742
v 0.864977 1.505321 0.072127
v 0.849824 1.485064 0.045133
v 0.871924 1.493847 0.067232
v 0.868940 1.484298 0.086398
v 0.877400 1.494654 0.077353
v 0.874563 1.504213 0.085361
v 0.864977 1.505321 0.072127
v 0.862383 1.506527 0.088887
v 0.854043 1.507982 0.080961
v 0.855577 1.497120 0.093266
v 0.832391 1.499395 0.059922
v 0.828643 1.488196 0.066026
v 0.819094 1.487275 0.061330
v -0.685721 1.447708 0.034670
v -0.723126 1.460219 0.061653
v -0.734891 1.478625 0.041236
v -0.773813 1.482108 0.087620
v -0.754007 1.467547 0.094096
v -0.755394 1.483708 0.112510
v -0.752725 1.473142 0.120018
v -0.756819 1.485526 0.121639
v -0.756384 1.481297 0.131219
v -0.768576 1.489504 0.125771
v -0.777225 1.481073 0.126137
v -0.768781 1.489332 0.115025
v -0.783466 1.470731 0.098263
v -0.773813 1.482108 0.087620
v -0.798327 1.472770 0.099424
v -0.797131 1.486329 0.090888
v -0.809121 1.487232 0.099263
v -0.818687 1.489251 0.090475
v -0.839616 1.498365 0.113120
v -0.829386 1.477401 0.084408
v -0.848754 1.488733 0.107866
v -0.847068 1.477587 0.126313
v -0.853674 1.489903 0.118234
v -0.848841 1.498227 0.126652
v -0.839616 1.498365 0.113120
v -0.836344 1.497986 0.129800
v -0.828119 1.498357 0.121633
v -0.831319 1.487210 0.133348
v -0.809121 1.487232 0.099263
v -0.807385 1.475162 0.104555
v -0.798327 1.472770 0.099424
v -0.839830 1.476697 0.071522
v -0.867023 1.483114 0.090051
v -0.846711 1.463125 0.062865
v -0.872952 1.474020 0.082929
v -0.880669 1.473122 0.091564
v -0.874684 1.461106 0.100537
v -0.878745 1.481537 0.101100
v -0.861832 1.471854 0.111028
v -0.867134 1.482298 0.106799
v -0.858184 1.484023 0.099549
v -0.867023 1.483114 0.090051
v -0.829386 1.477401 0.084408
v -0.839830 1.476697 0.071522
v -0.823956 1.477213 0.058227
v -0.846711 1.463125 0.062865
v -0.837348 1.459858 0.034957
v -0.851643 1.460751 0.048088
v -0.849449 1.445618 0.038053
v -0.879250 1.462234 0.056369
v -0.881291 1.453068 0.047659
v -0.889715 1.450578 0.053074
v -0.885387 1.439026 0.063013
v -0.891515 1.458380 0.062691
v -0.878611 1.450477 0.077132
v -0.883329 1.460261 0.071752
v -0.874321 1.463621 0.068035
v -0.879250 1.462234 0.056369
v -0.846711 1.463125 0.062865
v -0.851643 1.460751 0.048088
v 0.867050 1.462441 0.009309
v 0.894763 1.459135 0.016656
v 0.863264 1.466550 0.024043
v 0.890668 1.462099 0.028350
v 0.899031 1.457310 0.032006
v 0.892789 1.448922 0.038140
v 0.906340 1.453394 0.022845
v 0.896711 1.435604 0.024589
v 0.902714 1.445537 0.013805
v 0.894690 1.449264 0.008494
v 0.894763 1.459135 0.016656
v 0.861647 1.447447 0.000334
v 0.867050 1.462441 0.009309
v 0.852312 1.463523 -0.003308
v 0.863264 1.466550 0.024043
v 0.843381 1.484409 0.019190
v 0.859412 1.481655 0.032014
v 0.849824 1.485064 0.045133
v 0.888067 1.483853 0.049279
v 0.879954 1.486964 0.058958
v 0.888714 1.483992 0.066035
v 0.881726 1.475002 0.071080
v 0.899731 1.480717 0.060054
v 0.891893 1.461428 0.060922
v 0.899649 1.471556 0.051024
v 0.891888 1.473406 0.042581
v 0.888067 1.483853 0.049279
v 0.863264 1.466550 0.024043
v 0.859412 1.481655 0.032014
v -0.167361 0.502332 0.784387
v 0.000130 0.406268 0.716606
v -0.322206 0.416885 0.621376
v 0.000117 0.402146 0.657175
v 0.322616 0.416803 0.621148
v 0.306784 0.417995 0.566326
v 0.486619 0.445059 0.508315
v 0.531134 0.458759 0.378626
v 0.563570 0.464835 0.418384
v 0.684475 0.525779 0.150815
v 0.715002 0.629047 0.186250
v 0.719170 0.572822 -0.170245
v 0.754803 0.753270 -0.156508
v 0.615519 0.612416 -0.493439
v 0.642585 0.774688 -0.496005
v 0.275972 0.621085 -0.716596
v 0.281822 0.758189 -0.734123
v 0.000000 0.618081 -0.754459
v 0.000000 0.748190 -0.773588
v -0.281634 0.758251 -0.734155
v 0.000282 0.948674 -0.746781
v -0.266453 0.950114 -0.695908
v -0.228095 1.136118 -0.609216
v -0.576487 1.111667 -0.439556
v -0.497088 1.252801 -0.353469
v -0.685514 1.082780 -0.116219
v -0.589060 1.210853 -0.093945
v 0.586951 0.363135 -0.060719
v 0.436634 0.195468 -0.031008
v 0.465754 0.239426 -0.011879
v 0.449809 0.278038 0.070161
v 0.462373 0.272483 0.072537
v 0.463411 0.319940 0.135622
v 0.472446 0.359720 0.137028
v 0.544514 0.366247 0.127295
v 0.596803 0.381800 0.103975
v 0.609655 0.379216 0.061357
v 0.635051 0.380941 -0.072688
v 0.586951 0.363135 -0.060719
v 0.557167 0.284851 -0.124049
v 0.436634 0.195468 -0.031008
v 0.555256 0.317722 -0.284071
v 0.434136 0.231775 -0.291859
v 0.394928 0.379113 -0.467627
v 0.000000 0.428802 -0.367394
v 0.000000 0.532421 -0.674903
v -0.395308 0.379003 -0.467280
v -0.550084 0.518182 -0.480873
v -0.555560 0.317508 -0.283378
v -0.650148 0.450861 -0.192382
v -0.556028 0.289347 -0.128411
v -0.634133 0.384473 -0.075153
v -0.580705 0.373347 -0.093229
v -0.606334 0.371858 0.018641
v 0.006490 1.632830 0.191921
v 0.005792 1.601412 0.219372
v -0.010684 1.632768 0.189653
v -0.014058 1.605275 0.216440
v -0.029747 1.562299 0.242273
v -0.055625 1.616305 0.188601
v -0.087419 1.579785 0.189278
v -0.074062 1.651679 0.166054
v -0.096320 1.644987 0.160306
v -0.068891 1.657502 0.160722
v -0.085362 1.668879 0.153505
v -0.048798 1.666899 0.152282
v -0.065076 1.680916 0.140994
v -0.043124 1.692093 0.136883
v -0.068889 1.700052 0.123023
v -0.042811 1.710615 0.115071
v -0.059853 1.713415 0.110077
v -0.042999 1.732300 0.065707
v -0.071348 1.720370 0.101368
v -0.078398 1.730797 0.093713
v -0.092382 1.715483 0.106252
v -0.108347 1.732164 0.073545
v -0.139982 1.716210 0.076100
v -0.135873 1.742521 0.009714
v -0.161348 1.713089 0.018365
v -0.145415 1.746672 0.008200
v -0.533700 0.143109 -0.085158
v -0.563452 0.156061 -0.078797
v -0.561676 0.143265 -0.086230
v -0.585942 0.125942 -0.061241
v -0.581311 0.147507 -0.062872
v -0.588765 0.131693 -0.057334
v -0.592026 0.143262 -0.045469
v -0.618566 0.106215 -0.013742
v -0.612246 0.120185 -0.004705
v -0.620540 0.087157 0.032128
v -0.614527 0.102757 0.031825
v -0.598029 0.080383 0.049991
v -0.595529 0.096781 0.047566
v -0.574676 0.080347 0.049045
v -0.572815 0.096237 0.048049
v -0.550637 0.093284 0.018271
v -0.555053 0.109305 0.021945
v -0.532263 0.120564 -0.029358
v -0.538095 0.133030 -0.018722
v -0.524711 0.136327 -0.034865
v -0.534216 0.152002 -0.028353
v -0.514509 0.147826 -0.057966
v -0.524356 0.158155 -0.050564
v -0.535766 0.156240 -0.078129
v -0.539296 0.164969 -0.067611
v 0.540740 0.145629 0.025991
v 0.526792 0.142555 0.044866
v 0.538825 0.133488 0.019045
v 0.518846 0.128963 0.041619
v 0.537131 0.145669 0.067490
v 0.530360 0.127444 0.066821
v 0.543825 0.131772 0.082650
v 0.540236 0.115752 0.076901
v 0.563662 0.125698 0.128192
v 0.561921 0.108878 0.130127
v 0.582839 0.124885 0.156465
v 0.587194 0.110704 0.162537
v 0.605181 0.128780 0.154996
v 0.610224 0.114695 0.162561
v 0.623246 0.132136 0.137478
v 0.631665 0.118645 0.142649
v 0.618830 0.135999 0.097365
v 0.627450 0.121002 0.093171
v 0.595879 0.140928 0.052064
v 0.594705 0.125741 0.044766
v 0.584918 0.137485 0.034636
v 0.592902 0.118659 0.043063
v 0.566194 0.137425 0.017456
v 0.566607 0.122785 0.014690
v 0.539000 0.118624 0.016780
v 0.085145 1.649466 0.166921
v 0.080227 1.655403 0.161598
v 0.107311 1.642168 0.161379
v 0.097011 1.666330 0.154544
v 0.060447 1.665364 0.152907
v 0.077267 1.678920 0.141825
v 0.055593 1.690703 0.137460
v 0.081782 1.697943 0.123887
v 0.056043 1.709226 0.115636
v 0.073210 1.711551 0.110834
v 0.057363 1.730871 0.066273
v 0.084991 1.718184 0.102256
v 0.092387 1.728391 0.094677
v 0.105836 1.712710 0.107378
v 0.122759 1.729007 0.074796
v 0.153761 1.712131 0.077755
v 0.151109 1.738504 0.011336
v 0.175656 1.708361 0.020268
v 0.160778 1.742385 0.009930
v 0.180626 1.721346 -0.026513
v 0.152117 1.761376 -0.001061
v 0.162029 1.779824 -0.027323
v 0.144189 1.753732 -0.000717
v -0.206500 0.661639 0.876181
v -0.000680 0.803240 0.896696
v -0.000233 0.661375 0.926293
v 0.205849 0.661348 0.876400
v 0.213261 0.794098 0.859731
v 0.386899 0.661966 0.760404
v 0.382571 0.802946 0.751386
v 0.528560 0.810326 0.636515
v 0.365665 0.940161 0.704778
v 0.502917 0.937105 0.602884
v 0.390605 1.097771 0.586563
v 0.600435 1.070165 0.363301
v 0.543285 1.203803 0.277064
v 0.616342 1.184866 0.130147
v 0.532076 1.310675 0.031989
v 0.594957 1.205128 -0.089835
v 0.521598 1.301465 -0.107173
v 0.505215 1.247961 -0.349997
v 0.406156 1.367921 -0.282812
v 0.217159 1.270580 -0.522609
v 0.162141 1.414871 -0.405500
v 0.005646 1.417566 -0.442496
v 0.006028 1.494479 -0.356490
v -0.837348 1.459858 0.034957
v -0.849449 1.445618 0.038053
v -0.839702 1.445812 0.022116
v -0.869498 1.441082 0.020424
v -0.871063 1.441752 0.031937
v -0.878170 1.436652 0.030945
v -0.875045 1.428026 0.037118
v -0.879853 1.434579 0.020116
v -0.871752 1.418245 0.022704
v -0.873130 1.429085 0.013082
v -0.865551 1.433503 0.012440
v -0.869498 1.441082 0.020424
v -0.840916 1.435242 0.017181
v -0.839702 1.445812 0.022116
v -0.825707 1.442840 0.008862
v -0.837348 1.459858 0.034957
v -0.817961 1.462408 0.016002
v -0.823956 1.477213 0.058227
v -0.798167 1.481684 0.038436
v -0.808023 1.486224 0.077044
v -0.779966 1.488147 0.060224
v -0.773813 1.482108 0.087620
v -0.734891 1.478625 0.041236
v 0.755533 1.501705 0.004792
v 0.802340 1.503582 0.021786
v 0.796298 1.500399 0.049684
v 0.830208 1.497341 0.037855
v 0.818092 1.492545 -0.000074
v 0.843381 1.484409 0.019190
v 0.832980 1.468612 -0.021805
v 0.852312 1.463523 -0.003308
v 0.836620 1.447553 -0.027902
v 0.851459 1.448572 -0.015287
v 0.850465 1.437699 -0.019568
v 0.879745 1.438189 -0.017556
v 0.874122 1.431051 -0.024917
v 0.880758 1.425320 -0.024219
v 0.877771 1.415508 -0.013884
v 0.888676 1.429834 -0.017754
v 0.883431 1.425298 -0.000231
v 0.887860 1.432806 -0.007034
v 0.881882 1.439210 -0.006161
v 0.879745 1.438189 -0.017556
v 0.861647 1.447447 0.000334
v 0.851459 1.448572 -0.015287
v 0.852312 1.463523 -0.003308
v -0.685514 1.082780 -0.116219
v -0.612182 1.190808 0.125878
v -0.672715 1.067829 0.190773
v -0.598975 1.075029 0.359787
v -0.539979 1.209039 0.273295
v -0.390248 1.100813 0.584332
v -0.353077 1.233624 0.448290
v -0.185362 1.097951 0.688624
v -0.151811 1.227309 0.564486
v 0.000539 1.219660 0.608278
v 0.001640 1.334479 0.457475
v 0.153254 1.225911 0.565528
v 0.133002 1.337509 0.430001
v 0.355402 1.230212 0.450761
v 0.278452 1.342771 0.336312
v 0.438073 1.330555 0.207382
v 0.352015 1.360151 0.247558
v 0.381728 1.391687 0.170151
v 0.385764 1.412322 0.183507
v 0.381594 1.447741 0.009336
v 0.384098 1.470276 0.007993
v 0.284222 1.472944 0.123120
v 0.328715 1.516060 -0.004542
v 0.325369 1.498965 -0.002126
v 0.276307 1.548676 -0.151083
v 0.263921 1.574978 -0.149961
v 0.104317 1.584069 -0.275207
v 0.102394 1.612291 -0.264753
v 0.007326 1.620336 -0.288425
v 0.007666 1.646580 -0.265197
v -0.088094 1.610231 -0.265667
v -0.084740 1.639728 -0.244387
v -0.251777 1.580475 -0.152556
v -0.165583 1.662320 -0.173750
v -0.245249 1.623146 -0.113219
v -0.173204 1.683336 -0.131184
v -0.203674 1.669309 -0.082590
v -0.133716 1.757638 -0.057131
v -0.180544 1.714574 -0.062241
v -0.165415 1.735711 -0.057849
v -0.177344 1.719530 -0.057354
v -0.589060 1.210853 -0.093945
v -0.523173 1.317529 0.030429
v -0.612182 1.190808 0.125878
v -0.539979 1.209039 0.273295
v -0.432495 1.335481 0.203813
v -0.353077 1.233624 0.448290
v -0.274020 1.346127 0.334002
v -0.129437 1.339090 0.428899
v -0.132927 1.349782 0.452954
v 0.001548 1.344383 0.466730
v 0.002422 1.420784 0.359591
v 0.136198 1.348050 0.454105
v 0.110025 1.423174 0.355726
v 0.290368 1.362827 0.354378
v 0.235058 1.432760 0.265832
v 0.359966 1.380507 0.263260
v 0.326633 1.453858 0.146517
v 0.385764 1.412322 0.183507
v 0.384098 1.470276 0.007993
v 0.284230 1.472987 0.123124
v 0.235058 1.432760 0.265832
v 0.187036 1.459730 0.205344
v 0.085140 1.452581 0.269660
v 0.110025 1.423174 0.355726
v 0.003092 1.454855 0.285811
v 0.002422 1.420784 0.359591
v -0.105090 1.424909 0.354857
v -0.132927 1.349782 0.452954
v -0.286028 1.366562 0.351923
v -0.274020 1.346127 0.334002
v -0.332674 1.391964 0.266096
v -0.324666 1.371248 0.250503
v -0.379302 1.417287 0.180254
v -0.375293 1.396293 0.166991
v -0.374566 1.451833 0.004912
v -0.435683 1.398117 0.086863
v -0.392804 1.457551 -0.002089
v -0.443474 1.408066 0.045130
v -0.055991 1.768903 0.086130
v -0.054809 1.768972 0.086468
v -0.066483 1.757125 0.085191
v -0.042999 1.732300 0.065707
v -0.044391 1.771740 0.090495
v -0.030006 1.765156 0.096452
v -0.028044 1.767840 0.097740
v -0.019938 1.753404 0.104131
v -0.017834 1.758139 0.105681
v -0.015679 1.739794 0.114015
v -0.007712 1.741399 0.118096
v -0.012674 1.729098 0.133939
v 0.006788 1.732985 0.139218
v 0.006643 1.732858 0.164453
v 0.026192 1.728521 0.134156
v 0.031145 1.724291 0.167576
v 0.035569 1.717117 0.140802
v 0.055478 1.703233 0.172047
v -0.685514 1.082780 -0.116219
v -0.737174 0.920268 -0.143006
v -0.576487 1.111667 -0.439556
v -0.632207 0.925278 -0.484939
v -0.640577 0.776820 -0.497466
v -0.281634 0.758251 -0.734155
v -0.276181 0.621049 -0.716504
v 0.000000 0.618081 -0.754459
v 0.000000 0.611174 -0.702201
v 0.275972 0.621085 -0.716596
v 0.256232 0.605039 -0.675817
v 0.615519 0.612416 -0.493439
v 0.576250 0.594944 -0.479540
v 0.719170 0.572822 -0.170245
v 0.668827 0.556583 -0.170214
v 0.684475 0.525779 0.150815
v 0.638663 0.506488 0.129105
v 0.531134 0.458759 0.378626
v -0.101310 1.568421 -0.276716
v -0.264886 1.554010 -0.153723
v -0.262008 1.537307 -0.149705
v -0.316382 1.505248 -0.005253
v -0.319376 1.522440 -0.007699
v -0.276809 1.478430 0.120668
v -0.289123 1.499252 0.108388
v -0.180172 1.463259 0.204131
v -0.192168 1.481591 0.216952
v -0.078873 1.454130 0.269112
v -0.077804 1.470925 0.287406
v 0.003437 1.471881 0.302571
v -0.081248 1.493802 0.282342
v 0.003565 1.492555 0.293575
v 0.003924 1.534391 0.260267
v 0.088448 1.491931 0.282819
v 0.052089 1.537926 0.245302
v 0.089579 1.744628 0.086540
v 0.091694 1.738242 0.088233
v 0.057363 1.730871 0.066273
v 0.092387 1.728391 0.094677
v 0.093893 1.735055 0.089320
v 0.122759 1.729007 0.074796
v 0.095387 1.741475 0.085155
v 0.094869 1.746625 0.078432
v 0.092042 1.742783 0.083610
v 0.084225 1.754359 0.084255
v 0.089579 1.744628 0.086540
v 0.082620 1.754581 0.085222
v 0.057363 1.730871 0.066273
v 0.070198 1.768861 0.087201
v 0.059496 1.771480 0.090001
v 0.071204 1.767412 0.086140
v -0.496536 1.336130 -0.107634
v -0.513731 1.306750 -0.108655
v -0.432110 1.383218 -0.240598
v -0.398948 1.370272 -0.285939
v -0.497088 1.252801 -0.353469
v -0.208755 1.272341 -0.523841
v -0.228095 1.136118 -0.609216
v 0.003008 1.134507 -0.657192
v 0.000282 0.948674 -0.746781
v 0.233932 1.134779 -0.608332
v 0.268155 0.949630 -0.695591
v 0.582660 1.107224 -0.436422
v 0.635235 0.922639 -0.483217
v 0.740157 0.915326 -0.139329
v 0.642585 0.774688 -0.496005
v 0.754803 0.753270 -0.156508
v 0.627284 1.393767 -0.131980
v 0.644203 1.411207 -0.182343
v 0.597167 1.393432 -0.138119
v 0.600255 1.410929 -0.191919
v 0.648880 1.460063 -0.187824
v 0.603625 1.460503 -0.195252
v 0.637208 1.497844 -0.142141
v 0.604431 1.498442 -0.146989
v 0.619335 1.492126 -0.076538
v 0.603138 1.493673 -0.078980
v 0.609032 1.456050 -0.041661
v 0.601818 1.457170 -0.037956
v 0.609961 1.414502 -0.059140
v 0.598449 1.413607 -0.059943
v 0.627284 1.393767 -0.131980
v 0.597167 1.393432 -0.138119
v 0.741274 1.405083 -0.031714
v 0.768276 1.409014 -0.069005
v 0.627284 1.393767 -0.131980
v 0.644203 1.411207 -0.182343
v 0.780120 1.444503 -0.084172
v 0.648880 1.460063 -0.187824
v 0.765477 1.492030 -0.062438
v 0.637208 1.497844 -0.142141
v 0.731217 1.504351 -0.014625
v 0.619335 1.492126 -0.076538
v 0.707696 1.476987 0.019422
v 0.609032 1.456050 -0.041661
v 0.710114 1.438043 0.011851
v 0.609961 1.414502 -0.059140
v 0.741274 1.405083 -0.031714
v 0.627284 1.393767 -0.131980
v 0.154451 1.753604 -0.055502
v 0.142166 1.769140 -0.033787
v 0.167283 1.757628 -0.112388
v 0.141032 1.806772 -0.097260
v 0.110465 1.789502 -0.003723
v 0.113847 1.814939 -0.001919
v 0.077526 1.810161 0.027409
v 0.076188 1.839723 0.050661
v 0.033075 1.813322 0.048200
v 0.045567 1.845186 0.070825
v 0.009396 1.815552 0.062190
v 0.011856 1.849312 0.080658
v -0.021954 1.849969 0.071112
v -0.016806 1.910129 0.073326
v -0.054860 1.906592 0.051248
v 0.054131 1.633555 0.173188
v 0.056496 1.632438 0.177787
v 0.022649 1.634159 0.184260
v 0.023644 1.632406 0.189529
v 0.066599 1.615019 0.187554
v 0.025543 1.604815 0.216422
v 0.039081 1.561279 0.239170
v 0.005792 1.601412 0.219372
v 0.004607 1.558788 0.250355
v -0.029747 1.562299 0.242273
v -0.044027 1.539183 0.244963
v -0.087419 1.579785 0.189278
v -0.072207 1.559572 0.215248
v -0.151311 1.585248 0.160035
v -0.131495 1.535477 0.206186
v -0.012674 1.729098 0.133939
v -0.018924 1.728441 0.117292
v -0.015679 1.739794 0.114015
v -0.042999 1.732300 0.065707
v -0.028299 1.716733 0.118630
v -0.042811 1.710615 0.115071
v -0.022439 1.717959 0.140477
v -0.043124 1.692093 0.136883
v -0.043078 1.704637 0.171493
v -0.050567 1.677333 0.175632
v -0.040395 1.711084 0.207488
v -0.044664 1.683773 0.210505
v -0.025078 1.713213 0.233087
v -0.025219 1.686225 0.240549
v 0.005981 1.716648 0.241910
v -0.606334 0.371858 0.018641
v -0.607331 0.367820 0.093578
v -0.548416 0.356002 0.085116
v -0.476519 0.343236 0.128850
v -0.497720 0.380264 0.319386
v -0.461849 0.285367 0.228089
v -0.294848 0.284632 0.453665
v -0.247533 0.163445 0.260842
v 0.000000 0.187107 0.439001
v 0.000000 0.151788 0.326348
v 0.247599 0.163462 0.260802
v 0.000000 0.126221 0.024363
v 0.391584 0.192837 0.074508
v 0.436634 0.195468 -0.031008
v 0.462373 0.272483 0.072537
v -0.590087 1.373559 -0.105521
v -0.602645 1.386910 -0.159690
v -0.637946 1.386699 -0.146703
v -0.644936 1.434850 -0.155226
v -0.608621 1.435972 -0.165805
v -0.632504 1.476103 -0.112267
v -0.603165 1.477350 -0.120254
v -0.611066 1.475600 -0.046662
v -0.590616 1.477687 -0.052522
v -0.597507 1.442429 -0.009636
v -0.581100 1.444389 -0.009477
v -0.597582 1.399770 -0.024459
v -0.579495 1.399437 -0.028944
v -0.617726 1.373426 -0.095636
v -0.590087 1.373559 -0.105521
v -0.617726 1.373426 -0.095636
v -0.637946 1.386699 -0.146703
v -0.763403 1.390046 -0.035751
v -0.773365 1.426819 -0.050985
v -0.644936 1.434850 -0.155226
v -0.754409 1.473871 -0.029333
v -0.632504 1.476103 -0.112267
v -0.717235 1.483880 0.018468
v -0.611066 1.475600 -0.046662
v -0.694212 1.454501 0.052604
v -0.597507 1.442429 -0.009636
v -0.699729 1.415246 0.045062
v -0.597582 1.399770 -0.024459
v -0.735093 1.384126 0.001555
v -0.617726 1.373426 -0.095636
v -0.737174 0.920268 -0.143006
v -0.672715 1.067829 0.190773
v -0.711522 0.921119 0.199717
v -0.636517 0.929734 0.418771
v -0.598975 1.075029 0.359787
v -0.503544 0.940463 0.600361
v -0.390248 1.100813 0.584332
v -0.366794 0.942599 0.702935
v -0.185362 1.097951 0.688624
v -0.205796 0.961914 0.798927
v -0.000212 1.089337 0.713919
v -0.000434 0.961283 0.817224
v 0.204935 0.960823 0.799787
v 0.213261 0.794098 0.859731
v 0.382571 0.802946 0.751386
v 0.114279 1.566308 -0.275666
v 0.007017 1.594101 -0.297641
v 0.006756 1.571259 -0.297869
v -0.101310 1.568421 -0.276716
v -0.091184 1.591088 -0.277677
v -0.264886 1.554010 -0.153723
v -0.251777 1.580475 -0.152556
v -0.319376 1.522440 -0.007699
v -0.311905 1.565700 -0.018588
v -0.292291 1.540618 0.097054
v -0.269134 1.587065 0.085832
v -0.195704 1.515557 0.207811
v -0.224016 1.574395 0.130391
v 0.074479 1.645120 0.166536
v 0.055817 1.639842 0.175529
v 0.080227 1.655403 0.161598
v 0.056512 1.649140 0.166021
v 0.022367 1.637716 0.185886
v 0.047021 1.653765 0.170377
v 0.005364 1.647499 0.181287
v 0.031780 1.650826 0.213086
v 0.005160 1.648366 0.219453
v 0.035069 1.660175 0.231611
v 0.005211 1.659217 0.237113
v 0.005522 1.685997 0.247784
v -0.024545 1.661037 0.231279
v 0.029717 1.739127 0.114269
v 0.021752 1.740953 0.118260
v 0.031288 1.757421 0.105515
v 0.026028 1.762701 0.106433
v 0.007049 1.743670 0.119200
v 0.007380 1.762241 0.106227
v -0.011249 1.763255 0.106225
v 0.007817 1.787126 0.090126
v -0.024222 1.769334 0.095953
v -0.020758 1.782167 0.080108
v -0.045661 1.783763 0.071846
v -0.014387 1.815282 0.048154
v -0.044931 1.817813 0.027753
v -0.443474 1.408066 0.045130
v -0.466302 1.435704 0.019005
v -0.392804 1.457551 -0.002089
v -0.433933 1.479002 -0.031064
v -0.590616 1.477687 -0.052522
v -0.417278 1.477119 -0.125950
v -0.603165 1.477350 -0.120254
v -0.428321 1.441519 -0.213009
v -0.608621 1.435972 -0.165805
v -0.469925 1.381037 -0.211112
v -0.602645 1.386910 -0.159690
v -0.502039 1.364248 -0.103789
v -0.590087 1.373559 -0.105521
v 0.597167 1.393432 -0.138119
v 0.600255 1.410929 -0.191919
v 0.509160 1.364752 -0.113467
v 0.466706 1.392882 -0.215058
v 0.603625 1.460503 -0.195252
v 0.423434 1.453558 -0.207637
v 0.604431 1.498442 -0.146989
v 0.415280 1.480752 -0.117286
v 0.603138 1.493673 -0.078980
v 0.444688 1.479032 -0.025759
v 0.487413 1.430637 0.017407
v 0.407363 1.452407 0.002841
v 0.455933 1.402461 0.047759
v 0.504502 1.332215 -0.107324
v 0.436245 1.380778 -0.237241
v 0.521598 1.301465 -0.107173
v 0.406156 1.367921 -0.282812
v 0.385155 1.448525 -0.224016
v 0.339879 1.451675 -0.255581
v 0.378870 1.468158 -0.118047
v 0.310910 1.480537 -0.178674
v 0.381594 1.447741 0.009336
v 0.314887 1.495496 -0.166185
v 0.384098 1.470276 0.007993
v 0.273084 1.532150 -0.147107
v 0.325386 1.499045 -0.002126
v 0.074866 1.643564 0.164774
v 0.051927 1.649014 0.160834
v 0.054017 1.634566 0.173374
v 0.021681 1.631276 0.184381
v 0.021038 1.649153 0.171559
v 0.005113 1.631601 0.186652
v 0.005457 1.651648 0.175008
v -0.010147 1.649620 0.171386
v -0.043721 1.639477 0.112906
v -0.040905 1.650336 0.160313
v -0.063567 1.645417 0.164164
v -0.043264 1.635904 0.172881
v 0.755533 1.501705 0.004792
v 0.777811 1.495900 -0.026688
v 0.802340 1.503582 0.021786
v 0.818092 1.492545 -0.000074
v 0.796952 1.467386 -0.050332
v 0.832980 1.468612 -0.021805
v 0.801889 1.444067 -0.054571
v 0.836620 1.447553 -0.027902
v 0.827071 1.423629 -0.009736
v 0.850465 1.437699 -0.019568
v 0.845897 1.427264 -0.010416
v 0.877771 1.415508 -0.013884
v 0.084991 1.718184 0.102256
v 0.105836 1.712710 0.107378
v 0.081782 1.697943 0.123887
v 0.124879 1.703507 0.113757
v 0.153761 1.712131 0.077755
v 0.152137 1.672087 0.120541
v 0.190739 1.679205 0.082311
v 0.220035 1.643231 0.089071
v 0.205878 1.684895 0.003256
v 0.243101 1.650156 -0.002769
v 0.201682 1.693681 -0.035745
v 0.112293 1.813368 -0.141989
v 0.106461 1.873473 -0.125282
v 0.009943 1.822124 -0.159265
v 0.013522 1.886430 -0.138140
v 0.026226 1.953130 -0.085986
v -0.059407 1.885595 -0.124509
v -0.070838 1.933543 -0.076853
v -0.086828 1.894747 -0.076381
v -0.058243 1.943292 0.015390
v -0.077187 1.902681 -0.002814
v -0.044858 1.937061 0.038248
v 0.181212 1.730868 -0.055890
v 0.154451 1.753604 -0.055502
v 0.195800 1.709348 -0.060114
v 0.221890 1.669003 -0.079197
v 0.188373 1.678287 -0.129138
v 0.258402 1.616565 -0.110451
v 0.180653 1.657478 -0.171789
v 0.263921 1.574978 -0.149961
v 0.099645 1.637451 -0.243399
v 0.102394 1.612291 -0.264753
v 0.007666 1.646580 -0.265197
v -0.129461 1.771582 -0.026671
v -0.113532 1.772722 -0.035232
v -0.128396 1.757535 -0.002258
v -0.118476 1.767528 0.000232
v -0.080818 1.798689 0.002490
v -0.108347 1.732164 0.073545
v -0.084678 1.766678 0.058380
v -0.080054 1.748617 0.079851
v -0.070871 1.762684 0.078381
v -0.068740 1.758296 0.084707
v -0.056933 1.771629 0.081199
v -0.606334 0.371858 0.018641
v -0.616724 0.266113 0.030475
v -0.580705 0.373347 -0.093229
v -0.589745 0.246582 -0.058399
v -0.617646 0.216643 0.014079
v -0.589133 0.211220 -0.065357
v -0.580235 0.149027 -0.077036
v -0.510576 0.193327 -0.067341
v -0.516624 0.151568 -0.084103
v -0.498179 0.190177 -0.009036
v -0.505375 0.137843 -0.034127
v -0.752823 1.398506 -0.038068
v -0.759582 1.430641 -0.049615
v -0.787292 1.404661 -0.003203
v -0.793073 1.434624 -0.019370
v -0.750130 1.452806 -0.041522
v -0.783681 1.456283 -0.014009
v -0.722211 1.473844 -0.012583
v -0.758788 1.479128 0.010421
v -0.696775 1.467490 0.018446
v -0.734891 1.478625 0.041236
v -0.685721 1.447708 0.034670
v -0.779966 1.488147 0.060224
v -0.798167 1.481684 0.038436
v -0.758788 1.479128 0.010421
v -0.783681 1.456283 -0.014009
v -0.817961 1.462408 0.016002
v -0.793073 1.434624 -0.019370
v -0.825707 1.442840 0.008862
v -0.820332 1.416437 0.025218
v -0.840916 1.435242 0.017181
v -0.838138 1.423572 0.025524
v -0.871752 1.418245 0.022704
v -0.861832 1.471854 0.111028
v -0.825111 1.461976 0.091461
v -0.874684 1.461106 0.100537
v -0.841640 1.449315 0.070378
v -0.823241 1.441101 0.065904
v -0.835625 1.429885 0.045882
v -0.793536 1.418935 0.062257
v -0.820332 1.416437 0.025218
v -0.757069 1.406948 0.037711
v -0.787292 1.404661 -0.003203
v -0.752823 1.398506 -0.038068
v 0.509030 0.128912 0.065329
v 0.519669 0.126981 0.013406
v 0.496091 0.197979 0.064829
v 0.513263 0.182835 0.009701
v 0.583148 0.135073 0.020110
v 0.591636 0.201439 0.012413
v 0.613622 0.231868 0.088199
v 0.592210 0.237027 0.004465
v 0.612421 0.282543 0.085326
v 0.586951 0.363135 -0.060719
v 0.609655 0.379216 0.061357
v 0.306784 0.417995 0.566326
v 0.000000 0.269904 0.546126
v 0.000117 0.402146 0.657175
v -0.306415 0.418073 0.566544
v -0.294848 0.284632 0.453665
v -0.530811 0.458957 0.379165
v -0.497720 0.380264 0.319386
v -0.638577 0.506727 0.129761
v -0.637305 0.430473 0.103318
v -0.650148 0.450861 -0.192382
v -0.634133 0.384473 -0.075153
v 0.523526 1.335320 0.010275
v 0.532076 1.310675 0.031989
v 0.445637 1.391465 0.090098
v 0.438073 1.330555 0.207382
v 0.543285 1.203803 0.277064
v 0.355402 1.230212 0.450761
v 0.390605 1.097771 0.586563
v 0.185143 1.096563 0.689669
v 0.365665 0.940161 0.704778
v 0.204935 0.960823 0.799787
v 0.382571 0.802946 0.751386
v 0.391584 0.192837 0.074508
v 0.459497 0.296223 0.233598
v 0.462373 0.272483 0.072537
v 0.472446 0.359720 0.137028
v 0.498212 0.380399 0.318601
v 0.596803 0.381800 0.103975
v 0.637445 0.430544 0.103660
v 0.635051 0.380941 -0.072688
v 0.649812 0.451037 -0.193418
v 0.557167 0.284851 -0.124049
v 0.555256 0.317722 -0.284071
v 0.702396 1.439149 -0.004664
v 0.744764 1.453693 0.026415
v 0.722995 1.415838 -0.029125
v 0.763719 1.427039 0.005212
v 0.802768 1.433282 0.027847
v 0.827071 1.423629 -0.009736
v 0.845454 1.435096 0.009562
v 0.845897 1.427264 -0.010416
v 0.858206 1.437717 0.009635
v 0.877771 1.415508 -0.013884
v 0.883431 1.425298 -0.000231
v 0.325369 1.498965 -0.002126
v 0.276307 1.548676 -0.151083
v 0.273069 1.532066 -0.147099
v 0.114279 1.566308 -0.275666
v 0.104317 1.584069 -0.275207
v 0.007017 1.594101 -0.297641
v 0.007326 1.620336 -0.288425
v -0.091184 1.591088 -0.277677
v -0.088094 1.610231 -0.265667
v -0.251777 1.580475 -0.152556
v -0.083539 1.854123 -0.078429
v -0.085847 1.809748 -0.098580
v -0.051202 1.818195 -0.142473
v -0.057911 1.760798 -0.185210
v -0.109826 1.761636 -0.114060
v -0.062538 1.724634 -0.231517
v -0.134671 1.701654 -0.166090
v -0.065694 1.680762 -0.251351
v -0.084740 1.639728 -0.244387
v 0.007666 1.646580 -0.265197
v -0.753160 0.756920 -0.158857
v -0.714925 0.630989 0.185473
v -0.719365 0.573091 -0.169499
v -0.684357 0.526035 0.151518
v -0.563203 0.465045 0.418956
v -0.530811 0.458957 0.379165
v -0.486168 0.445239 0.508806
v -0.306415 0.418073 0.566544
v -0.322206 0.416885 0.621376
v 0.000117 0.402146 0.657175
v -0.353077 1.233624 0.448290
v -0.129437 1.339090 0.428899
v -0.151811 1.227309 0.564486
v 0.001640 1.334479 0.457475
v 0.001548 1.344383 0.466730
v 0.133002 1.337509 0.430001
v 0.136198 1.348050 0.454105
v 0.278452 1.342771 0.336312
v 0.290368 1.362827 0.354378
v 0.359966 1.380507 0.263260
v 0.740157 0.915326 -0.139329
v 0.754803 0.753270 -0.156508
v 0.712783 0.916356 0.203271
v 0.732933 0.719543 0.203595
v 0.715002 0.629047 0.186250
v 0.626393 0.570296 0.430520
v 0.563570 0.464835 0.418384
v 0.524280 0.538465 0.572640
v 0.486619 0.445059 0.508315
v 0.322616 0.416803 0.621148
v 0.698012 1.471069 0.001881
v 0.741378 1.487065 0.026688
v 0.702396 1.439149 -0.004664
v 0.744764 1.453693 0.026415
v 0.774397 1.490253 0.057665
v 0.789158 1.472741 0.062196
v 0.775255 1.497469 0.083203
v 0.789229 1.490854 0.094703
v 0.780836 1.505411 0.093746
v 0.801039 1.500948 0.088072
v 0.029717 1.739127 0.114269
v 0.031288 1.757421 0.105515
v 0.033557 1.752935 0.104123
v 0.043110 1.766807 0.097296
v 0.039429 1.768406 0.096346
v 0.059584 1.773591 0.086284
v 0.061532 1.782240 0.072465
v 0.072336 1.769826 0.081923
v 0.087184 1.758786 0.078303
v 0.056512 1.649140 0.166021
v 0.047021 1.653765 0.170377
v 0.060447 1.665364 0.152907
v 0.062160 1.675733 0.176265
v 0.047692 1.659288 0.204218
v 0.056045 1.682376 0.211074
v 0.035069 1.660175 0.231611
v 0.036337 1.685335 0.240891
v 0.005522 1.685997 0.247784
v 0.081782 1.697943 0.123887
v 0.124879 1.703507 0.113757
v 0.077267 1.678920 0.141825
v 0.097011 1.666330 0.154544
v 0.152137 1.672087 0.120541
v 0.107311 1.642168 0.161379
v 0.163379 1.631234 0.131737
v 0.097311 1.577688 0.188411
v 0.161323 1.582632 0.164259
v 0.026028 1.762701 0.106433
v 0.007817 1.787126 0.090126
v 0.039429 1.768406 0.096346
v 0.036548 1.781225 0.080572
v 0.033075 1.813322 0.048200
v 0.061532 1.782240 0.072465
v 0.077526 1.810161 0.027409
v 0.100233 1.764253 0.059264
v 0.110465 1.789502 -0.003723
v 0.113847 1.814939 -0.001919
v 0.076188 1.839723 0.050661
v 0.107717 1.843648 -0.006882
v 0.082081 1.890538 0.052386
v 0.045567 1.845186 0.070825
v 0.053824 1.900741 0.072259
v 0.011856 1.849312 0.080658
v 0.018464 1.906911 0.078033
v -0.016806 1.910129 0.073326
v 0.134181 1.847600 -0.091272
v 0.107717 1.843648 -0.006882
v 0.129795 1.877893 -0.078009
v 0.108260 1.882605 -0.005260
v 0.082081 1.890538 0.052386
v 0.089266 1.922652 0.036814
v 0.053824 1.900741 0.072259
v 0.065110 1.947887 0.046956
v 0.018464 1.906911 0.078033
v -0.044858 1.937061 0.038248
v -0.019350 1.974844 0.001200
v -0.011545 1.956913 0.047912
v 0.026775 1.961570 0.050525
v 0.028396 1.977786 -0.007720
v 0.076180 1.959839 -0.000650
v 0.026226 1.953130 -0.085986
v 0.122861 1.910372 -0.079337
v 0.106461 1.873473 -0.125282
v -0.009693 1.634501 0.184377
v 0.006165 1.609724 0.150873
v 0.006486 1.634378 0.186634
v 0.022649 1.634159 0.184260
v 0.021663 1.610246 0.147710
v 0.052537 1.612709 0.136875
v 0.054975 1.638074 0.113461
v 0.074866 1.643564 0.164774
v 0.051927 1.649014 0.160834
v 0.005981 1.716648 0.241910
v -0.020631 1.726662 0.205332
v 0.006438 1.735557 0.207415
v 0.006643 1.732858 0.164453
v -0.018120 1.725000 0.167300
v -0.012674 1.729098 0.133939
v -0.022439 1.717959 0.140477
v -0.018924 1.728441 0.117292
v -0.028299 1.716733 0.118630
v -0.151311 1.585248 0.160035
v -0.152601 1.634799 0.124828
v -0.087419 1.579785 0.189278
v -0.096320 1.644987 0.160306
v -0.139867 1.676152 0.118914
v -0.085362 1.668879 0.153505
v -0.111755 1.706815 0.112427
v -0.065076 1.680916 0.140994
v -0.068889 1.700052 0.123023
v 0.005211 1.659217 0.237113
v 0.005160 1.648366 0.219453
v -0.024545 1.661037 0.231279
v -0.021308 1.651589 0.212789
v 0.005364 1.647499 0.181287
v -0.035977 1.654951 0.169912
v -0.011955 1.638226 0.185695
v -0.045443 1.650577 0.165429
v -0.044941 1.641227 0.175019
v -0.503544 0.940463 0.600361
v -0.366794 0.942599 0.702935
v -0.529382 0.812702 0.634695
v -0.383735 0.804473 0.750179
v -0.205796 0.961914 0.798927
v -0.214549 0.794774 0.859164
v -0.000434 0.961283 0.817224
v -0.000680 0.803240 0.896696
v 0.213261 0.794098 0.859731
v -0.580235 0.149027 -0.077036
v -0.617646 0.216643 0.014079
v -0.594148 0.136732 -0.021076
v -0.573225 0.131646 0.003080
v -0.590149 0.210523 0.053572
v -0.537575 0.129330 -0.002392
v -0.536630 0.197535 0.047479
v -0.498179 0.190177 -0.009036
v -0.487323 0.227104 0.000464
v -0.395308 0.379003 -0.467280
v -0.434303 0.231673 -0.291532
v 0.000000 0.428802 -0.367394
v 0.000000 0.126221 0.024363
v -0.436600 0.195366 -0.030686
v -0.391473 0.192746 0.074795
v -0.447115 0.265104 0.054719
v -0.461849 0.285367 0.228089
v -0.476519 0.343236 0.128850
v -0.208755 1.272341 -0.523841
v -0.151148 1.416538 -0.406697
v -0.398948 1.370272 -0.285939
v -0.331868 1.453662 -0.260260
v -0.124997 1.485436 -0.322863
v -0.301751 1.481943 -0.183703
v -0.304356 1.499509 -0.168812
v -0.374566 1.451833 0.004912
v -0.378402 1.475223 0.004754
v -0.262013 1.537337 -0.149708
v -0.120892 1.504380 -0.326060
v -0.101312 1.568450 -0.276721
v 0.006217 1.515570 -0.362799
v 0.006028 1.494479 -0.356490
v 0.132852 1.502754 -0.324989
v 0.136649 1.483862 -0.321777
v 0.314887 1.495496 -0.166185
v 0.310910 1.480537 -0.178674
v -0.692658 1.415716 0.028187
v -0.732784 1.428162 0.059606
v -0.723126 1.460219 0.061653
v -0.754007 1.467547 0.094096
v -0.771679 1.452858 0.098220
v -0.752725 1.473142 0.120018
v -0.767351 1.468541 0.131686
v -0.756384 1.481297 0.131219
v -0.777225 1.481073 0.126137
v -0.752823 1.398506 -0.038068
v -0.757069 1.406948 0.037711
v -0.715956 1.393619 0.003826
v -0.732784 1.428162 0.059606
v -0.793536 1.418935 0.062257
v -0.771679 1.452858 0.098220
v -0.804365 1.454606 0.093522
v -0.798327 1.472770 0.099424
v -0.807385 1.475162 0.104555
v 0.000000 0.506716 0.804444
v 0.205849 0.661348 0.876400
v 0.167366 0.502349 0.784414
v 0.362822 0.504654 0.710897
v 0.386899 0.661966 0.760404
v 0.546800 0.662991 0.641360
v 0.528560 0.810326 0.636515
v 0.663954 0.687986 0.436449
v 0.636732 0.925479 0.421955
v 0.486274 0.233650 0.025854
v 0.529369 0.223871 0.135026
v 0.496091 0.197979 0.064829
v 0.541416 0.135386 0.097729
v 0.582581 0.238528 0.135066
v 0.576496 0.143932 0.101685
v 0.613622 0.231868 0.088199
v 0.597246 0.143533 0.076899
v 0.583148 0.135073 0.020110
v 0.505215 1.247961 -0.349997
v 0.689855 1.077198 -0.112204
v 0.594957 1.205128 -0.089835
v 0.616342 1.184866 0.130147
v 0.675117 1.062359 0.194716
v 0.600435 1.070165 0.363301
v 0.636732 0.925479 0.421955
v 0.502917 0.937105 0.602884
v 0.528560 0.810326 0.636515
v 0.709710 1.489784 -0.014297
v 0.734149 1.494318 -0.045345
v 0.777811 1.495900 -0.026688
v 0.796952 1.467386 -0.050332
v 0.759226 1.471731 -0.074402
v 0.801889 1.444067 -0.054571
v 0.766733 1.449288 -0.082572
v 0.791265 1.416720 -0.036352
v 0.758244 1.418140 -0.071094
v 0.858206 1.437717 0.009635
v 0.845454 1.435096 0.009562
v 0.856008 1.454406 0.032573
v 0.836227 1.449586 0.029184
v 0.802768 1.433282 0.027847
v 0.821371 1.467987 0.056428
v 0.789158 1.472741 0.062196
v 0.819094 1.487275 0.061330
v 0.804078 1.488028 0.060744
v -0.177344 1.719530 -0.057354
v -0.187136 1.699109 -0.037943
v -0.180544 1.714574 -0.062241
v -0.203674 1.669309 -0.082590
v -0.230116 1.656754 -0.005443
v -0.288396 1.604831 -0.009238
v -0.208185 1.649020 0.087017
v -0.269134 1.587065 0.085832
v -0.224016 1.574395 0.130391
v -0.580705 0.373347 -0.093229
v -0.462805 0.273370 -0.069804
v -0.556028 0.289347 -0.128411
v -0.436600 0.195366 -0.030686
v -0.436971 0.290889 0.020763
v -0.447115 0.265104 0.054719
v -0.471481 0.320024 0.083593
v -0.476519 0.343236 0.128850
v -0.548416 0.356002 0.085116
v 0.187030 1.459680 0.205337
v 0.297046 1.493504 0.110949
v 0.284222 1.472944 0.123120
v 0.328715 1.516060 -0.004542
v 0.301275 1.533982 0.099359
v 0.322361 1.558424 -0.015299
v 0.279401 1.580190 0.088106
v 0.299904 1.597145 -0.006005
v 0.054975 1.638074 0.113461
v 0.006165 1.609724 0.150873
v 0.005535 1.638597 0.129131
v -0.043721 1.639477 0.112906
v -0.009342 1.610566 0.147820
v -0.040238 1.613618 0.137201
v -0.009693 1.634501 0.184377
v -0.041939 1.634628 0.173235
v -0.113532 1.772722 -0.035232
v -0.065569 1.811728 -0.001670
v -0.080818 1.798689 0.002490
v -0.044931 1.817813 0.027753
v -0.054526 1.848366 0.048275
v -0.014387 1.815282 0.048154
v -0.021954 1.849969 0.071112
v 0.009396 1.815552 0.062190
v -0.173204 1.683336 -0.131184
v -0.109826 1.761636 -0.114060
v -0.133716 1.757638 -0.057131
v -0.113532 1.772722 -0.035232
v -0.085847 1.809748 -0.098580
v -0.065569 1.811728 -0.001670
v -0.083539 1.854123 -0.078429
v -0.074522 1.844883 -0.008436
v -0.392804 1.457551 -0.002089
v -0.417278 1.477119 -0.125950
v -0.371373 1.471888 -0.124306
v -0.380756 1.451086 -0.229949
v -0.428321 1.441519 -0.213009
v -0.432110 1.383218 -0.240598
v -0.469925 1.381037 -0.211112
v -0.502039 1.364248 -0.103789
v -0.496536 1.336130 -0.107634
v -0.512147 1.340548 0.010692
v -0.513731 1.306750 -0.108655
v -0.523173 1.317529 0.030429
v -0.435683 1.398117 0.086863
v -0.432495 1.335481 0.203813
v -0.375293 1.396293 0.166991
v -0.324666 1.371248 0.250503
v -0.534216 0.152002 -0.028353
v -0.566266 0.144596 -0.022885
v -0.561168 0.157115 -0.028496
v -0.578408 0.159058 -0.041220
v -0.592026 0.143262 -0.045469
v -0.567950 0.164509 -0.068317
v -0.581311 0.147507 -0.062872
v -0.563452 0.156061 -0.078797
v 0.613622 0.231868 0.088199
v 0.582581 0.238528 0.135066
v 0.612421 0.282543 0.085326
v 0.577543 0.291736 0.136525
v 0.529369 0.223871 0.135026
v 0.521024 0.270182 0.139826
v 0.486274 0.233650 0.025854
v 0.449809 0.278038 0.070161
v 0.256232 0.605039 -0.675817
v 0.549271 0.518333 -0.481754
v 0.576250 0.594944 -0.479540
v 0.668827 0.556583 -0.170214
v 0.649812 0.451037 -0.193418
v 0.638663 0.506488 0.129105
v 0.637445 0.430544 0.103660
v 0.498212 0.380399 0.318601
v 0.605181 0.128780 0.154996
v 0.589288 0.136373 0.114475
v 0.623246 0.132136 0.137478
v 0.618830 0.135999 0.097365
v 0.569856 0.145575 0.073899
v 0.595879 0.140928 0.052064
v 0.579844 0.154911 0.051407
v 0.569109 0.149443 0.024421
v 0.592902 0.118659 0.043063
v 0.540236 0.115752 0.076901
v 0.594705 0.125741 0.044766
v 0.627450 0.121002 0.093171
v 0.561921 0.108878 0.130127
v 0.631665 0.118645 0.142649
v 0.587194 0.110704 0.162537
v 0.610224 0.114695 0.162561
v 0.180626 1.721346 -0.026513
v 0.216504 1.693530 -0.012422
v 0.205878 1.684895 0.003256
v 0.201682 1.693681 -0.035745
v 0.218875 1.709889 -0.038658
v 0.192681 1.714363 -0.055262
v 0.210357 1.730789 -0.058800
v -0.010684 1.632768 0.189653
v -0.055625 1.616305 0.188601
v -0.044320 1.633563 0.177838
v -0.064140 1.645017 0.166249
v -0.074062 1.651679 0.166054
v -0.063152 1.646963 0.165928
v -0.068891 1.657502 0.160722
v -0.059853 1.713415 0.110077
v -0.068889 1.700052 0.123023
v -0.071348 1.720370 0.101368
v -0.092382 1.715483 0.106252
v -0.111755 1.706815 0.112427
v -0.139982 1.716210 0.076100
v -0.139867 1.676152 0.118914
v -0.732579 0.723091 0.201302
v -0.626742 0.571997 0.429834
v -0.714925 0.630989 0.185473
v -0.563203 0.465045 0.418956
v -0.524871 0.539888 0.572061
v -0.486168 0.445239 0.508806
v -0.322206 0.416885 0.621376
v -0.737174 0.920268 -0.143006
v -0.753160 0.756920 -0.158857
v -0.640577 0.776820 -0.497466
v -0.616034 0.612643 -0.492794
v -0.719365 0.573091 -0.169499
v -0.576758 0.595157 -0.478936
v -0.669029 0.556832 -0.169521
v -0.616724 0.266113 0.030475
v -0.585586 0.261748 0.075120
v -0.590149 0.210523 0.053572
v -0.536630 0.197535 0.047479
v -0.528967 0.241084 0.070403
v -0.487323 0.227104 0.000464
v -0.436971 0.290889 0.020763
v -0.669029 0.556832 -0.169521
v -0.550084 0.518182 -0.480873
v -0.576758 0.595157 -0.478936
v -0.256429 0.605004 -0.675732
v 0.000000 0.532421 -0.674903
v 0.000000 0.611174 -0.702201
v 0.256232 0.605039 -0.675817
v -0.590616 1.477687 -0.052522
v -0.466302 1.435704 0.019005
v -0.581100 1.444389 -0.009477
v -0.579495 1.399437 -0.028944
v -0.518453 1.381778 -0.012372
v -0.590087 1.373559 -0.105521
v -0.502039 1.364248 -0.103789
v -0.101312 1.568450 -0.276721
v 0.006217 1.515570 -0.362799
v 0.006756 1.571261 -0.297870
v 0.114285 1.566393 -0.275681
v 0.132852 1.502754 -0.324989
v 0.273084 1.532150 -0.147107
v 0.314887 1.495496 -0.166185
v -0.078874 1.454147 0.269116
v -0.229208 1.436551 0.263969
v -0.180174 1.463276 0.204133
v -0.276812 1.478445 0.120670
v -0.319497 1.459144 0.143878
v -0.316383 1.505250 -0.005253
v -0.378402 1.475223 0.004754
v -0.374566 1.451833 0.004912
v -0.371373 1.471888 -0.124306
v -0.301751 1.481943 -0.183703
v -0.331868 1.453662 -0.260260
v -0.380756 1.451086 -0.229949
v -0.398948 1.370272 -0.285939
v -0.432110 1.383218 -0.240598
v -0.378402 1.475223 0.004754
v -0.319497 1.459144 0.143878
v -0.379302 1.417287 0.180254
v -0.332674 1.391964 0.266096
v -0.229208 1.436551 0.263969
v -0.286028 1.366562 0.351923
v -0.105090 1.424909 0.354857
v -0.664483 0.691202 0.434364
v -0.547778 0.665217 0.640002
v -0.626742 0.571997 0.429834
v -0.524871 0.539888 0.572061
v -0.363214 0.505222 0.710702
v -0.322206 0.416885 0.621376
v -0.167361 0.502332 0.784387
v -0.878611 1.450477 0.077132
v -0.841640 1.449315 0.070378
v -0.885387 1.439026 0.063013
v -0.847641 1.434840 0.046631
v -0.835625 1.429885 0.045882
v -0.838138 1.423572 0.025524
v -0.820332 1.416437 0.025218
v -0.831319 1.487210 0.133348
v -0.807385 1.475162 0.104555
v -0.847068 1.477587 0.126313
v -0.825111 1.461976 0.091461
v -0.804365 1.454606 0.093522
v -0.823241 1.441101 0.065904
v -0.793536 1.418935 0.062257
v -0.618566 0.106215 -0.013742
v -0.532263 0.120564 -0.029358
v -0.588765 0.131693 -0.057334
v -0.585942 0.125942 -0.061241
v -0.531530 0.115293 -0.034445
v -0.533700 0.143109 -0.085158
v -0.511540 0.134940 -0.064966
v -0.595529 0.096781 0.047566
v -0.582517 0.119648 0.012072
v -0.572815 0.096237 0.048049
v -0.555053 0.109305 0.021945
v -0.566266 0.144596 -0.022885
v -0.538095 0.133030 -0.018722
v -0.534216 0.152002 -0.028353
v 0.391584 0.192837 0.074508
v 0.247599 0.163462 0.260802
v 0.459497 0.296223 0.233598
v 0.295425 0.284742 0.453334
v 0.000000 0.187107 0.439001
v 0.000000 0.269904 0.546126
v -0.294848 0.284632 0.453665
v 0.586951 0.363135 -0.060719
v 0.465754 0.239426 -0.011879
v 0.592210 0.237027 0.004465
v 0.506377 0.208621 0.003377
v 0.486274 0.233650 0.025854
v 0.513263 0.182835 0.009701
v 0.496091 0.197979 0.064829
v 0.466706 1.392882 -0.215058
v 0.423434 1.453558 -0.207637
v 0.436245 1.380778 -0.237241
v 0.385155 1.448525 -0.224016
v 0.415280 1.480752 -0.117286
v 0.378870 1.468158 -0.118047
v 0.407363 1.452407 0.002841
v 0.537131 0.145669 0.067490
v 0.569856 0.145575 0.073899
v 0.543825 0.131772 0.082650
v 0.563662 0.125698 0.128192
v 0.589288 0.136373 0.114475
v 0.582839 0.124885 0.156465
v 0.605181 0.128780 0.154996
v 0.077249 1.639298 0.153683
v 0.040901 1.617721 0.181160
v 0.041249 1.633380 0.168567
v 0.006351 1.629998 0.172888
v 0.006329 1.618107 0.185850
v -0.028916 1.618464 0.181236
v 0.077206 1.657747 0.149549
v 0.040274 1.633272 0.170609
v 0.040602 1.647366 0.164409
v 0.005441 1.647898 0.168824
v 0.005208 1.633816 0.175042
v -0.029808 1.634245 0.170213
v 0.221890 1.669003 -0.079197
v 0.258402 1.616565 -0.110451
v 0.299904 1.597145 -0.006005
v 0.322361 1.558424 -0.015299
v 0.263921 1.574978 -0.149961
v 0.328715 1.516060 -0.004542
v 0.187030 1.459680 0.205337
v 0.199293 1.477758 0.218235
v 0.297046 1.493504 0.110949
v 0.301275 1.533982 0.099359
v 0.203778 1.511179 0.208941
v 0.279401 1.580190 0.088106
v 0.051927 1.649014 0.160834
v 0.054975 1.638074 0.113461
v 0.021038 1.649153 0.171559
v 0.005457 1.651648 0.175008
v 0.005535 1.638597 0.129131
v -0.043721 1.639477 0.112906
v 0.022367 1.637716 0.185886
v 0.005196 1.638130 0.187996
v 0.005364 1.647499 0.181287
v -0.011955 1.638226 0.185695
v -0.011430 1.631770 0.184198
v -0.043264 1.635904 0.172881
v 0.005981 1.716648 0.241910
v 0.006438 1.735557 0.207415
v 0.037028 1.712314 0.233433
v 0.033270 1.725877 0.205632
v 0.006643 1.732858 0.164453
v 0.031145 1.724291 0.167576
v -0.081248 1.493802 0.282342
v -0.192168 1.481591 0.216952
v -0.195704 1.515557 0.207811
v -0.292291 1.540618 0.097054
v -0.289123 1.499252 0.108388
v -0.319376 1.522440 -0.007699
v -0.510576 0.193327 -0.067341
v -0.503771 0.218735 -0.061232
v -0.589133 0.211220 -0.065357
v -0.589745 0.246582 -0.058399
v -0.462805 0.273370 -0.069804
v -0.580705 0.373347 -0.093229
v -0.498179 0.190177 -0.009036
v -0.487323 0.227104 0.000464
v -0.510576 0.193327 -0.067341
v -0.503771 0.218735 -0.061232
v -0.436971 0.290889 0.020763
v -0.462805 0.273370 -0.069804
v -0.502039 1.364248 -0.103789
v -0.518453 1.381778 -0.012372
v -0.496536 1.336130 -0.107634
v -0.512147 1.340548 0.010692
v -0.466302 1.435704 0.019005
v -0.443474 1.408066 0.045130
v -0.185362 1.097951 0.688624
v 0.000539 1.219660 0.608278
v -0.000212 1.089337 0.713919
v 0.185143 1.096563 0.689669
v 0.153254 1.225911 0.565528
v 0.355402 1.230212 0.450761
v 0.609655 0.379216 0.061357
v 0.577543 0.291736 0.136525
v 0.544514 0.366247 0.127295
v 0.463411 0.319940 0.135622
v 0.521024 0.270182 0.139826
v 0.449809 0.278038 0.070161
v 0.603138 1.493673 -0.078980
v 0.601818 1.457170 -0.037956
v 0.487413 1.430637 0.017407
v 0.534274 1.370994 -0.023203
v 0.598449 1.413607 -0.059943
v 0.597167 1.393432 -0.138119
v 0.539000 0.118624 0.016780
v 0.518846 0.128963 0.041619
v 0.518088 0.114195 0.039335
v 0.540440 0.109056 0.073850
v 0.530360 0.127444 0.066821
v 0.540236 0.115752 0.076901
v 0.538825 0.133488 0.019045
v 0.566194 0.137425 0.017456
v 0.540740 0.145629 0.025991
v 0.569109 0.149443 0.024421
v 0.584918 0.137485 0.034636
v 0.595879 0.140928 0.052064
v 0.006351 1.629998 0.172888
v -0.028916 1.618464 0.181236
v -0.028723 1.634094 0.168705
v -0.065496 1.641027 0.153377
v -0.066014 1.627089 0.160385
v 0.005441 1.647898 0.168824
v -0.029808 1.634245 0.170213
v -0.029669 1.648342 0.164013
v -0.065426 1.659619 0.148916
v -0.065702 1.645482 0.155065
v 0.056707 1.765275 0.092230
v 0.062884 1.738594 0.105732
v 0.047634 1.762945 0.096069
v 0.040222 1.757549 0.100359
v 0.035362 1.749737 0.104581
v 0.035362 1.749737 0.104581
v 0.062884 1.738594 0.105732
v 0.033642 1.740452 0.108227
v 0.035269 1.730813 0.110857
v 0.040047 1.721983 0.112153
v 0.040047 1.721983 0.112153
v 0.062884 1.738594 0.105732
v 0.047399 1.715028 0.111960
v 0.056439 1.710785 0.110300
v 0.066076 1.709768 0.107374
v 0.066076 1.709768 0.107374
v 0.062884 1.738594 0.105732
v 0.075148 1.712098 0.103535
v 0.082561 1.717495 0.099246
v 0.087423 1.725383 0.094735
v 0.087423 1.725383 0.094735
v 0.062884 1.738594 0.105732
v 0.089145 1.734726 0.090872
v 0.087518 1.744374 0.088207
v 0.082737 1.753080 0.087385
v 0.082737 1.753080 0.087385
v 0.062884 1.738594 0.105732
v 0.075384 1.760018 0.087644
v 0.066344 1.764261 0.089304
v 0.056707 1.765275 0.092230
v -0.032160 1.763994 0.095598
v -0.048387 1.740255 0.105171
v -0.041116 1.766672 0.091714
v -0.050771 1.766032 0.088741
v -0.059961 1.762142 0.087037
v -0.019108 1.740977 0.107822
v -0.048387 1.740255 0.105171
v -0.020449 1.750321 0.104168
v -0.024982 1.758315 0.099923
v -0.032160 1.763994 0.095598
v -0.033857 1.716104 0.111485
v -0.048387 1.740255 0.105171
v -0.026242 1.722770 0.111715
v -0.021120 1.731408 0.110443
v -0.019108 1.740977 0.107822
v -0.061657 1.714250 0.102924
v -0.048387 1.740255 0.105171
v -0.052701 1.711571 0.106807
v -0.043046 1.712215 0.109781
v -0.033857 1.716104 0.111485
v -0.074709 1.737268 0.090700
v -0.048387 1.740255 0.105171
v -0.073368 1.727923 0.094353
v -0.068835 1.719929 0.098599
v -0.061657 1.714250 0.102924
v -0.059961 1.762142 0.087037
v -0.048387 1.740255 0.105171
v -0.067575 1.755476 0.086807
v -0.072697 1.746837 0.088079
v -0.074709 1.737268 0.090700
v 0.142166 1.769140 -0.033787
v 0.161270 1.752480 -0.045280
v 0.145917 1.767727 -0.025115
v 0.182153 1.770862 -0.048511
v 0.199981 1.749419 -0.059292
v 0.009943 1.822124 -0.159265
v 0.009083 1.759679 -0.201352
v 0.125319 1.756264 -0.173033
v 0.130437 1.718598 -0.211452
v 0.008952 1.729158 -0.253103
v 0.003091 1.454805 0.285801
v 0.003437 1.471881 0.302571
v 0.085137 1.452531 0.269651
v 0.084722 1.469322 0.287825
v 0.088448 1.491931 0.282819
v 0.134582 1.764908 -0.006674
v 0.144189 1.753732 -0.000717
v 0.151109 1.738504 0.011336
v 0.160778 1.742385 0.009930
v 0.152117 1.761376 -0.001061
v 0.022649 1.634159 0.184260
v 0.023644 1.632406 0.189529
v 0.006486 1.634378 0.186634
v 0.006490 1.632830 0.191921
v 0.005792 1.601412 0.219372
v 0.033075 1.813322 0.048200
v 0.007817 1.787126 0.090126
v 0.009396 1.815552 0.062190
v -0.014387 1.815282 0.048154
v -0.020758 1.782167 0.080108
v 0.199981 1.749419 -0.059292
v 0.161270 1.752480 -0.045280
v 0.181212 1.730868 -0.055890
v 0.154451 1.753604 -0.055502
v 0.142166 1.769140 -0.033787
v 0.180626 1.721346 -0.026513
v 0.205878 1.684895 0.003256
v 0.175656 1.708361 0.020268
v 0.153761 1.712131 0.077755
v 0.190739 1.679205 0.082311
v 0.093893 1.735055 0.089320
v 0.091694 1.738242 0.088233
v 0.095387 1.741475 0.085155
v 0.092042 1.742783 0.083610
v 0.089579 1.744628 0.086540
v 0.180653 1.657478 -0.171789
v 0.188373 1.678287 -0.129138
v 0.193817 1.697041 -0.164108
v 0.167283 1.757628 -0.112388
v 0.154451 1.753604 -0.055502
v 0.121562 1.674806 -0.231317
v 0.008507 1.688356 -0.274631
v 0.007666 1.646580 -0.265197
v -0.065694 1.680762 -0.251351
v -0.062538 1.724634 -0.231517
v 0.161323 1.582632 0.164259
v 0.163379 1.631234 0.131737
v 0.233745 1.567352 0.128741
v 0.220035 1.643231 0.089071
v 0.152137 1.672087 0.120541
v 0.074866 1.643564 0.164774
v 0.075413 1.643149 0.166863
v 0.054131 1.633555 0.173188
v 0.056496 1.632438 0.177787
v 0.066599 1.615019 0.187554
v -0.187136 1.699109 -0.037943
v -0.192014 1.690446 0.001007
v -0.230116 1.656754 -0.005443
v -0.208185 1.649020 0.087017
v -0.177908 1.684333 0.080239
v -0.203674 1.669309 -0.082590
v -0.288396 1.604831 -0.009238
v -0.245249 1.623146 -0.113219
v -0.311905 1.565700 -0.018588
v -0.269134 1.587065 0.085832
v -0.129461 1.771582 -0.026671
v -0.145003 1.756767 -0.047012
v -0.113532 1.772722 -0.035232
v -0.133716 1.757638 -0.057131
v -0.165415 1.735711 -0.057849
v -0.108347 1.732164 0.073545
v -0.135873 1.742521 0.009714
v -0.118476 1.767528 0.000232
v -0.128396 1.757535 -0.002258
v -0.145415 1.746672 0.008200
v -0.043264 1.635904 0.172881
v -0.011430 1.631770 0.184198
v -0.040905 1.650336 0.160313
v -0.010147 1.649620 0.171386
v 0.005113 1.631601 0.186652
v -0.075894 1.746851 0.085499
v -0.077807 1.740320 0.086144
v -0.078257 1.744976 0.083308
v -0.080917 1.744165 0.082967
v -0.079659 1.737499 0.088341
v -0.028044 1.767840 0.097740
v -0.044391 1.771740 0.090495
v -0.044420 1.771815 0.090209
v -0.055991 1.768903 0.086130
v -0.054809 1.768972 0.086468
v -0.018120 1.725000 0.167300
v -0.020631 1.726662 0.205332
v -0.043078 1.704637 0.171493
v -0.040395 1.711084 0.207488
v -0.025078 1.713213 0.233087
v -0.044931 1.817813 0.027753
v -0.045661 1.783763 0.071846
v -0.084678 1.766678 0.058380
v -0.070871 1.762684 0.078381
v -0.056933 1.771629 0.081199
v -0.183624 1.754781 -0.061461
v -0.165427 1.726184 -0.028469
v -0.194517 1.736446 -0.061089
v -0.203840 1.715793 -0.041048
v -0.202220 1.699378 -0.014788
v -0.136106 1.765414 -0.002690
v -0.165427 1.726184 -0.028469
v -0.145205 1.784127 -0.029060
v -0.165331 1.775723 -0.050476
v -0.183624 1.754781 -0.061461
v 0.026226 1.953130 -0.085986
v -0.019350 1.974844 0.001200
v -0.070838 1.933543 -0.076853
v -0.058243 1.943292 0.015390
v -0.044858 1.937061 0.038248
v -0.084740 1.639728 -0.244387
v -0.134671 1.701654 -0.166090
v -0.165583 1.662320 -0.173750
v -0.173204 1.683336 -0.131184
v -0.109826 1.761636 -0.114060
v -0.021954 1.849969 0.071112
v -0.054526 1.848366 0.048275
v -0.054860 1.906592 0.051248
v -0.074522 1.844883 -0.008436
v -0.065569 1.811728 -0.001670
v 0.037028 1.712314 0.233433
v 0.033270 1.725877 0.205632
v 0.052570 1.709794 0.208013
v 0.055478 1.703233 0.172047
v 0.031145 1.724291 0.167576
v -0.640577 0.776820 -0.497466
v -0.616034 0.612643 -0.492794
v -0.276181 0.621049 -0.716504
v -0.256429 0.605004 -0.675732
v -0.576758 0.595157 -0.478936
v -0.719365 0.573091 -0.169499
v -0.684357 0.526035 0.151518
v -0.669029 0.556832 -0.169521
v -0.638577 0.506727 0.129761
v -0.530811 0.458957 0.379165
v -0.461849 0.285367 0.228089
v -0.247533 0.163445 0.260842
v -0.391473 0.192746 0.074795
v 0.000000 0.126221 0.024363
v 0.000000 0.151788 0.326348
v -0.471481 0.320024 0.083593
v -0.585586 0.261748 0.075120
v -0.548416 0.356002 0.085116
v -0.606334 0.371858 0.018641
v -0.616724 0.266113 0.030475
v -0.395308 0.379003 -0.467280
v -0.555560 0.317508 -0.283378
v -0.434303 0.231673 -0.291532
v -0.436600 0.195366 -0.030686
v -0.556028 0.289347 -0.128411
v -0.580235 0.149027 -0.077036
v -0.556637 0.186028 -0.024656
v -0.516624 0.151568 -0.084103
v -0.505375 0.137843 -0.034127
v -0.537575 0.129330 -0.002392
v -0.537575 0.129330 -0.002392
v -0.556637 0.186028 -0.024656
v -0.573225 0.131646 0.003080
v -0.594148 0.136732 -0.021076
v -0.580235 0.149027 -0.077036
v -0.694212 1.454501 0.052604
v -0.733777 1.434027 0.000673
v -0.717235 1.483880 0.018468
v -0.754409 1.473871 -0.029333
v -0.773365 1.426819 -0.050985
v -0.773365 1.426819 -0.050985
v -0.733777 1.434027 0.000673
v -0.763403 1.390046 -0.035751
v -0.735093 1.384126 0.001555
v -0.699729 1.415246 0.045062
v -0.497720 0.380264 0.319386
v -0.607331 0.367820 0.093578
v -0.637305 0.430473 0.103318
v -0.634133 0.384473 -0.075153
v -0.606334 0.371858 0.018641
v -0.206500 0.661639 0.876181
v -0.388203 0.663282 0.759479
v -0.214549 0.794774 0.859164
v -0.383735 0.804473 0.750179
v -0.529382 0.812702 0.634695
v -0.823956 1.477213 0.058227
v -0.808023 1.486224 0.077044
v -0.829386 1.477401 0.084408
v -0.818687 1.489251 0.090475
v -0.797131 1.486329 0.090888
v -0.858184 1.484023 0.099549
v -0.829386 1.477401 0.084408
v -0.861832 1.471854 0.111028
v -0.825111 1.461976 0.091461
v -0.847068 1.477587 0.126313
v -0.878611 1.450477 0.077132
v -0.846711 1.463125 0.062865
v -0.841640 1.449315 0.070378
v -0.874684 1.461106 0.100537
v -0.872952 1.474020 0.082929
v -0.875045 1.428026 0.037118
v -0.849449 1.445618 0.038053
v -0.847641 1.434840 0.046631
v -0.885387 1.439026 0.063013
v -0.881291 1.453068 0.047659
v -0.768576 1.489504 0.125771
v -0.768781 1.489332 0.115025
v -0.756819 1.485526 0.121639
v -0.755394 1.483708 0.112510
v -0.773813 1.482108 0.087620
v -0.798327 1.472770 0.099424
v -0.783466 1.470731 0.098263
v -0.771679 1.452858 0.098220
v -0.767351 1.468541 0.131686
v -0.777225 1.481073 0.126137
v -0.524711 0.136327 -0.034865
v -0.514509 0.147826 -0.057966
v -0.531530 0.115293 -0.034445
v -0.511540 0.134940 -0.064966
v -0.533700 0.143109 -0.085158
v -0.614527 0.102757 0.031825
v -0.612246 0.120185 -0.004705
v -0.582517 0.119648 0.012072
v -0.566266 0.144596 -0.022885
v -0.592026 0.143262 -0.045469
v -0.567950 0.164509 -0.068317
v -0.563452 0.156061 -0.078797
v -0.539296 0.164969 -0.067611
v -0.535766 0.156240 -0.078129
v -0.533700 0.143109 -0.085158
v -0.618566 0.106215 -0.013742
v -0.620540 0.087157 0.032128
v -0.550637 0.093284 0.018271
v -0.574676 0.080347 0.049045
v -0.598029 0.080383 0.049991
v 0.000282 0.948674 -0.746781
v 0.281822 0.758189 -0.734123
v 0.268155 0.949630 -0.695591
v 0.635235 0.922639 -0.483217
v 0.642585 0.774688 -0.496005
v 0.459497 0.296223 0.233598
v 0.295425 0.284742 0.453334
v 0.498212 0.380399 0.318601
v 0.531134 0.458759 0.378626
v 0.306784 0.417995 0.566326
v 0.519669 0.126981 0.013406
v 0.553772 0.182080 0.059018
v 0.583148 0.135073 0.020110
v 0.597246 0.143533 0.076899
v 0.576496 0.143932 0.101685
v 0.576496 0.143932 0.101685
v 0.553772 0.182080 0.059018
v 0.541416 0.135386 0.097729
v 0.509030 0.128912 0.065329
v 0.519669 0.126981 0.013406
v 0.649812 0.451037 -0.193418
v 0.549271 0.518333 -0.481754
v 0.555256 0.317722 -0.284071
v 0.394928 0.379113 -0.467627
v 0.000000 0.532421 -0.674903
v 0.731217 1.504351 -0.014625
v 0.743426 1.454228 -0.032515
v 0.707696 1.476987 0.019422
v 0.710114 1.438043 0.011851
v 0.741274 1.405083 -0.031714
v 0.768276 1.409014 -0.069005
v 0.743426 1.454228 -0.032515
v 0.780120 1.444503 -0.084172
v 0.765477 1.492030 -0.062438
v 0.731217 1.504351 -0.014625
v 0.523526 1.335320 0.010275
v 0.534274 1.370994 -0.023203
v 0.504502 1.332215 -0.107324
v 0.509160 1.364752 -0.113467
v 0.597167 1.393432 -0.138119
v 0.406156 1.367921 -0.282812
v 0.339879 1.451675 -0.255581
v 0.162141 1.414871 -0.405500
v 0.136649 1.483862 -0.321777
v 0.310910 1.480537 -0.178674
v 0.384098 1.470276 0.007993
v 0.326633 1.453858 0.146517
v 0.325386 1.499045 -0.002126
v 0.284230 1.472987 0.123124
v 0.235058 1.432760 0.265832
v 0.455933 1.402461 0.047759
v 0.445637 1.391465 0.090098
v 0.407363 1.452407 0.002841
v 0.381594 1.447741 0.009336
v 0.381728 1.391687 0.170151
v 0.722995 1.415838 -0.029125
v 0.763719 1.427039 0.005212
v 0.758244 1.418140 -0.071094
v 0.791265 1.416720 -0.036352
v 0.827071 1.423629 -0.009736
v 0.819094 1.487275 0.061330
v 0.828643 1.488196 0.066026
v 0.821371 1.467987 0.056428
v 0.843029 1.471160 0.053284
v 0.868940 1.484298 0.086398
v 0.821371 1.467987 0.056428
v 0.843029 1.471160 0.053284
v 0.836227 1.449586 0.029184
v 0.856008 1.454406 0.032573
v 0.891893 1.461428 0.060922
v 0.820109 1.500304 0.051982
v 0.830208 1.497341 0.037855
v 0.841796 1.499056 0.050742
v 0.849824 1.485064 0.045133
v 0.843381 1.484409 0.019190
v 0.891888 1.473406 0.042581
v 0.863264 1.466550 0.024043
v 0.891893 1.461428 0.060922
v 0.856008 1.454406 0.032573
v 0.892789 1.448922 0.038140
v 0.894690 1.449264 0.008494
v 0.861647 1.447447 0.000334
v 0.896711 1.435604 0.024589
v 0.858206 1.437717 0.009635
v 0.883431 1.425298 -0.000231
v 0.868940 1.484298 0.086398
v 0.849824 1.485064 0.045133
v 0.843029 1.471160 0.053284
v 0.881726 1.475002 0.071080
v 0.879954 1.486964 0.058958
v 0.796298 1.500399 0.049684
v 0.793842 1.510008 0.076708
v 0.779545 1.506889 0.074957
v 0.781661 1.508924 0.083905
v 0.794116 1.510831 0.087423
v 0.540236 0.115752 0.076901
v 0.592902 0.118659 0.043063
v 0.540440 0.109056 0.073850
v 0.539000 0.118624 0.016780
v 0.566607 0.122785 0.014690
v 0.022649 1.634159 0.184260
v 0.052537 1.612709 0.136875
v 0.054131 1.633555 0.173188
v 0.074866 1.643564 0.164774
v 0.070198 1.768861 0.087201
v 0.071204 1.767412 0.086140
v 0.082620 1.754581 0.085222
v 0.084225 1.754359 0.084255
v 0.047021 1.653765 0.170377
v 0.031780 1.650826 0.213086
v 0.047692 1.659288 0.204218
v 0.035069 1.660175 0.231611
v 0.026192 1.728521 0.134156
v 0.032609 1.727690 0.117581
v 0.035569 1.717117 0.140802
v 0.041640 1.715726 0.119022
v 0.043110 1.766807 0.097296
v 0.059584 1.773591 0.086284
v 0.059681 1.771016 0.090028
v 0.072336 1.769826 0.081923
v 0.216504 1.693530 -0.012422
v 0.180626 1.721346 -0.026513
v 0.218875 1.709889 -0.038658
v 0.210357 1.730789 -0.058800
v 0.113847 1.814939 -0.001919
v 0.107717 1.843648 -0.006882
v 0.141032 1.806772 -0.097260
v 0.134181 1.847600 -0.091272
v -0.056933 1.771629 0.081199
v -0.045661 1.783763 0.071846
v -0.044129 1.775053 0.085690
v -0.024222 1.769334 0.095953
v -0.043721 1.639477 0.112906
v -0.040238 1.613618 0.137201
v -0.063567 1.645417 0.164164
v -0.041939 1.634628 0.173235
v -0.063567 1.645417 0.164164
v -0.044941 1.641227 0.175019
v -0.043264 1.635904 0.172881
v -0.011955 1.638226 0.185695
v -0.015679 1.739794 0.114015
v -0.042999 1.732300 0.065707
v -0.019938 1.753404 0.104131
v -0.030006 1.765156 0.096452
v -0.035977 1.654951 0.169912
v -0.036878 1.660461 0.203740
v -0.021308 1.651589 0.212789
v -0.024545 1.661037 0.231279
v -0.281634 0.758251 -0.734155
v -0.266453 0.950114 -0.695908
v -0.632207 0.925278 -0.484939
v -0.576487 1.111667 -0.439556
v -0.206500 0.661639 0.876181
v -0.000233 0.661375 0.926293
v 0.000000 0.506716 0.804444
v 0.205849 0.661348 0.876400
v -0.638577 0.506727 0.129761
v -0.650148 0.450861 -0.192382
v -0.669029 0.556832 -0.169521
v -0.550084 0.518182 -0.480873
v -0.436971 0.290889 0.020763
v -0.528967 0.241084 0.070403
v -0.471481 0.320024 0.083593
v -0.585586 0.261748 0.075120
v -0.229208 1.436551 0.263969
v -0.078874 1.454147 0.269116
v -0.105090 1.424909 0.354857
v 0.003092 1.454855 0.285811
v -0.880669 1.473122 0.091564
v -0.867023 1.483114 0.090051
v -0.878745 1.481537 0.101100
v -0.867134 1.482298 0.106799
v -0.889715 1.450578 0.053074
v -0.879250 1.462234 0.056369
v -0.891515 1.458380 0.062691
v -0.883329 1.460261 0.071752
v -0.873130 1.429085 0.013082
v -0.869498 1.441082 0.020424
v -0.879853 1.434579 0.020116
v -0.878170 1.436652 0.030945
v -0.838138 1.423572 0.025524
v -0.871752 1.418245 0.022704
v -0.847641 1.434840 0.046631
v -0.875045 1.428026 0.037118
v -0.836344 1.497986 0.129800
v -0.831319 1.487210 0.133348
v -0.848841 1.498227 0.126652
v -0.847068 1.477587 0.126313
v 0.592210 0.237027 0.004465
v 0.506377 0.208621 0.003377
v 0.591636 0.201439 0.012413
v 0.513263 0.182835 0.009701
v 0.436634 0.195468 -0.031008
v 0.434136 0.231775 -0.291859
v 0.000000 0.126221 0.024363
v 0.000000 0.428802 -0.367394
v 0.534274 1.370994 -0.023203
v 0.523526 1.335320 0.010275
v 0.487413 1.430637 0.017407
v 0.455933 1.402461 0.047759
v 0.466706 1.392882 -0.215058
v 0.436245 1.380778 -0.237241
v 0.509160 1.364752 -0.113467
v 0.504502 1.332215 -0.107324
v 0.532076 1.310675 0.031989
v 0.523526 1.335320 0.010275
v 0.521598 1.301465 -0.107173
v 0.504502 1.332215 -0.107324
v 0.385764 1.412322 0.183507
v 0.352015 1.360151 0.247558
v 0.359966 1.380507 0.263260
v 0.278452 1.342771 0.336312
v 0.899649 1.471556 0.051024
v 0.899731 1.480717 0.060054
v 0.888067 1.483853 0.049279
v 0.888714 1.483992 0.066035
v 0.902714 1.445537 0.013805
v 0.906340 1.453394 0.022845
v 0.894763 1.459135 0.016656
v 0.899031 1.457310 0.032006
v 0.892789 1.448922 0.038140
v 0.896711 1.435604 0.024589
v 0.856008 1.454406 0.032573
v 0.858206 1.437717 0.009635
v 0.880758 1.425320 -0.024219
v 0.888676 1.429834 -0.017754
v 0.879745 1.438189 -0.017556
v 0.887860 1.432806 -0.007034
v 0.868940 1.484298 0.086398
v 0.855577 1.497120 0.093266
v 0.874563 1.504213 0.085361
v 0.862383 1.506527 0.088887
v 0.801039 1.500948 0.088072
v 0.804078 1.488028 0.060744
v 0.789229 1.490854 0.094703
v 0.789158 1.472741 0.062196
v 0.537131 0.145669 0.067490
v 0.562922 0.154594 0.064692
v 0.569856 0.145575 0.073899
v 0.579844 0.154911 0.051407
v 0.040901 1.617721 0.181160
v 0.077249 1.639298 0.153683
v 0.077082 1.622923 0.166059
v 0.040274 1.633272 0.170609
v 0.077206 1.657747 0.149549
v 0.077063 1.643606 0.155692
v 0.009943 1.822124 -0.159265
v 0.125319 1.756264 -0.173033
v 0.112293 1.813368 -0.141989
v 0.151109 1.738504 0.011336
v 0.122759 1.729007 0.074796
v 0.134582 1.764908 -0.006674
v 0.006165 1.609724 0.150873
v 0.054975 1.638074 0.113461
v 0.021663 1.610246 0.147710
v 0.005792 1.601412 0.219372
v 0.023644 1.632406 0.189529
v 0.025543 1.604815 0.216422
v 0.085145 1.649466 0.166921
v 0.074479 1.645120 0.166536
v 0.080227 1.655403 0.161598
v 0.057363 1.730871 0.066273
v 0.045051 1.764798 0.096044
v 0.059496 1.771480 0.090001
v 0.062160 1.675733 0.176265
v 0.055593 1.690703 0.137460
v 0.060447 1.665364 0.152907
v 0.084991 1.718184 0.102256
v 0.081782 1.697943 0.123887
v 0.073210 1.711551 0.110834
v 0.088448 1.491931 0.282819
v 0.003437 1.471881 0.302571
v 0.003565 1.492555 0.293575
v 0.056512 1.649140 0.166021
v 0.060447 1.665364 0.152907
v 0.080227 1.655403 0.161598
v 0.097311 1.577688 0.188411
v 0.085145 1.649466 0.166921
v 0.107311 1.642168 0.161379
v 0.039429 1.768406 0.096346
v 0.031288 1.757421 0.105515
v 0.026028 1.762701 0.106433
v 0.087184 1.758786 0.078303
v 0.061532 1.782240 0.072465
v 0.100233 1.764253 0.059264
v 0.076180 1.959839 -0.000650
v 0.122861 1.910372 -0.079337
v 0.110435 1.924507 -0.011704
v 0.121562 1.674806 -0.231317
v 0.007666 1.646580 -0.265197
v 0.099645 1.637451 -0.243399
v 0.061532 1.782240 0.072465
v 0.039429 1.768406 0.096346
v 0.036548 1.781225 0.080572
v 0.007817 1.787126 0.090126
v 0.026028 1.762701 0.106433
v 0.007380 1.762241 0.106227
v -0.078873 1.454130 0.269112
v 0.003437 1.471881 0.302571
v 0.003091 1.454805 0.285801
v -0.055625 1.616305 0.188601
v -0.010684 1.632768 0.189653
v -0.014058 1.605275 0.216440
v 0.006165 1.609724 0.150873
v -0.009693 1.634501 0.184377
v -0.009342 1.610566 0.147820
v -0.043124 1.692093 0.136883
v -0.050567 1.677333 0.175632
v -0.048798 1.666899 0.152282
v -0.020631 1.726662 0.205332
v 0.005981 1.716648 0.241910
v -0.025078 1.713213 0.233087
v -0.044931 1.817813 0.027753
v -0.084678 1.766678 0.058380
v -0.080818 1.798689 0.002490
v -0.059407 1.885595 -0.124509
v 0.009943 1.822124 -0.159265
v 0.013522 1.886430 -0.138140
v 0.028396 1.977786 -0.007720
v -0.019350 1.974844 0.001200
v 0.026226 1.953130 -0.085986
v -0.192168 1.481591 0.216952
v -0.081248 1.493802 0.282342
v -0.077804 1.470925 0.287406
v -0.245249 1.623146 -0.113219
v -0.311905 1.565700 -0.018588
v -0.251777 1.580475 -0.152556
v -0.044027 1.539183 0.244963
v -0.131495 1.535477 0.206186
v -0.072207 1.559572 0.215248
v -0.043078 1.704637 0.171493
v -0.022439 1.717959 0.140477
v -0.018120 1.725000 0.167300
v -0.753160 0.756920 -0.158857
v -0.732579 0.723091 0.201302
v -0.714925 0.630989 0.185473
v -0.626742 0.571997 0.429834
v -0.732579 0.723091 0.201302
v -0.664483 0.691202 0.434364
v 0.000000 0.611174 -0.702201
v -0.276181 0.621049 -0.716504
v -0.256429 0.605004 -0.675732
v -0.616724 0.266113 0.030475
v -0.590149 0.210523 0.053572
v -0.617646 0.216643 0.014079
v -0.537575 0.129330 -0.002392
v -0.498179 0.190177 -0.009036
v -0.505375 0.137843 -0.034127
v -0.694212 1.454501 0.052604
v -0.699729 1.415246 0.045062
v -0.733777 1.434027 0.000673
v -0.590087 1.373559 -0.105521
v -0.637946 1.386699 -0.146703
v -0.617726 1.373426 -0.095636
v -0.617726 1.373426 -0.095636
v -0.763403 1.390046 -0.035751
v -0.735093 1.384126 0.001555
v -0.523173 1.317529 0.030429
v -0.589060 1.210853 -0.093945
v -0.513731 1.306750 -0.108655
v -0.612182 1.190808 0.125878
v -0.685514 1.082780 -0.116219
v -0.589060 1.210853 -0.093945
v -0.497088 1.252801 -0.353469
v -0.513731 1.306750 -0.108655
v -0.589060 1.210853 -0.093945
v -0.371373 1.471888 -0.124306
v -0.374566 1.451833 0.004912
v -0.392804 1.457551 -0.002089
v -0.417278 1.477119 -0.125950
v -0.392804 1.457551 -0.002089
v -0.433933 1.479002 -0.031064
v -0.432110 1.383218 -0.240598
v -0.502039 1.364248 -0.103789
v -0.496536 1.336130 -0.107634
v -0.672715 1.067829 0.190773
v -0.737174 0.920268 -0.143006
v -0.685514 1.082780 -0.116219
v -0.435683 1.398117 0.086863
v -0.512147 1.340548 0.010692
v -0.443474 1.408066 0.045130
v -0.529382 0.812702 0.634695
v -0.636517 0.929734 0.418771
v -0.503544 0.940463 0.600361
v -0.000680 0.803240 0.896696
v -0.206500 0.661639 0.876181
v -0.214549 0.794774 0.859164
v -0.379302 1.417287 0.180254
v -0.374566 1.451833 0.004912
v -0.378402 1.475223 0.004754
v -0.692658 1.415716 0.028187
v -0.723126 1.460219 0.061653
v -0.685721 1.447708 0.034670
v -0.715956 1.393619 0.003826
v -0.732784 1.428162 0.059606
v -0.692658 1.415716 0.028187
v -0.779966 1.488147 0.060224
v -0.758788 1.479128 0.010421
v -0.734891 1.478625 0.041236
v -0.808023 1.486224 0.077044
v -0.773813 1.482108 0.087620
v -0.797131 1.486329 0.090888
v -0.846711 1.463125 0.062865
v -0.878611 1.450477 0.077132
v -0.874321 1.463621 0.068035
v -0.849449 1.445618 0.038053
v -0.875045 1.428026 0.037118
v -0.871063 1.441752 0.031937
v -0.871752 1.418245 0.022704
v -0.840916 1.435242 0.017181
v -0.865551 1.433503 0.012440
v -0.839616 1.498365 0.113120
v -0.853674 1.489903 0.118234
v -0.848754 1.488733 0.107866
v -0.839616 1.498365 0.113120
v -0.809121 1.487232 0.099263
v -0.828119 1.498357 0.121633
v -0.793073 1.434624 -0.019370
v -0.820332 1.416437 0.025218
v -0.787292 1.404661 -0.003203
v -0.532263 0.120564 -0.029358
v -0.618566 0.106215 -0.013742
v -0.550637 0.093284 0.018271
v -0.533700 0.143109 -0.085158
v -0.514509 0.147826 -0.057966
v -0.535766 0.156240 -0.078129
v -0.614527 0.102757 0.031825
v -0.582517 0.119648 0.012072
v -0.595529 0.096781 0.047566
v -0.524711 0.136327 -0.034865
v -0.531530 0.115293 -0.034445
v -0.532263 0.120564 -0.029358
v -0.585942 0.125942 -0.061241
v -0.533700 0.143109 -0.085158
v -0.561676 0.143265 -0.086230
v 0.281822 0.758189 -0.734123
v 0.000282 0.948674 -0.746781
v 0.000000 0.748190 -0.773588
v 0.496091 0.197979 0.064829
v 0.541416 0.135386 0.097729
v 0.509030 0.128912 0.065329
v 0.000000 0.269904 0.546126
v 0.306784 0.417995 0.566326
v 0.295425 0.284742 0.453334
v 0.577543 0.291736 0.136525
v 0.609655 0.379216 0.061357
v 0.612421 0.282543 0.085326
v 0.486274 0.233650 0.025854
v 0.465754 0.239426 -0.011879
v 0.449809 0.278038 0.070161
v 0.549271 0.518333 -0.481754
v 0.256232 0.605039 -0.675817
v 0.000000 0.532421 -0.674903
v 0.741274 1.405083 -0.031714
v 0.743426 1.454228 -0.032515
v 0.768276 1.409014 -0.069005
v 0.217159 1.270580 -0.522609
v 0.005646 1.417566 -0.442496
v 0.004265 1.268801 -0.571663
v 0.381728 1.391687 0.170151
v 0.445637 1.391465 0.090098
v 0.438073 1.330555 0.207382
v 0.204935 0.960823 0.799787
v -0.000212 1.089337 0.713919
v 0.185143 1.096563 0.689669
v 0.381594 1.447741 0.009336
v 0.378870 1.468158 -0.118047
v 0.407363 1.452407 0.002841
v 0.407363 1.452407 0.002841
v 0.415280 1.480752 -0.117286
v 0.444688 1.479032 -0.025759
v 0.638663 0.506488 0.129105
v 0.498212 0.380399 0.318601
v 0.531134 0.458759 0.378626
v 0.006028 1.494479 -0.356490
v 0.162141 1.414871 -0.405500
v 0.136649 1.483862 -0.321777
v 0.523526 1.335320 0.010275
v 0.445637 1.391465 0.090098
v 0.455933 1.402461 0.047759
v 0.709710 1.489784 -0.014297
v 0.777811 1.495900 -0.026688
v 0.755533 1.501705 0.004792
v 0.802768 1.433282 0.027847
v 0.744764 1.453693 0.026415
v 0.789158 1.472741 0.062196
v 0.796298 1.500399 0.049684
v 0.830208 1.497341 0.037855
v 0.820109 1.500304 0.051982
v 0.891893 1.461428 0.060922
v 0.843029 1.471160 0.053284
v 0.881726 1.475002 0.071080
v 0.892789 1.448922 0.038140
v 0.863264 1.466550 0.024043
v 0.890668 1.462099 0.028350
v 0.883431 1.425298 -0.000231
v 0.861647 1.447447 0.000334
v 0.881882 1.439210 -0.006161
v 0.850465 1.437699 -0.019568
v 0.877771 1.415508 -0.013884
v 0.874122 1.431051 -0.024917
v 0.877400 1.494654 0.077353
v 0.864977 1.505321 0.072127
v 0.871924 1.493847 0.067232
v 0.832391 1.499395 0.059922
v 0.864977 1.505321 0.072127
v 0.854043 1.507982 0.080961
v 0.868940 1.484298 0.086398
v 0.828643 1.488196 0.066026
v 0.855577 1.497120 0.093266
v 0.827071 1.423629 -0.009736
v 0.801889 1.444067 -0.054571
v 0.791265 1.416720 -0.036352
v 0.518846 0.128963 0.041619
v 0.539000 0.118624 0.016780
v 0.538825 0.133488 0.019045
v 0.539000 0.118624 0.016780
v 0.566194 0.137425 0.017456
v 0.538825 0.133488 0.019045
v 0.540440 0.109056 0.073850
v 0.539000 0.118624 0.016780
v 0.518088 0.114195 0.039335
v -0.274020 1.346127 0.334002
v -0.432495 1.335481 0.203813
v -0.324666 1.371248 0.250503
vt 0.072102 0.058862
vt 0.087111 0.088219
vt 0.087111 0.088219
vt 0.085312 0.071609
vt 0.087111 0.088219
vt 0.115989 0.099307
vt 0.077604 0.110445
vt 0.077604 0.110445
vt 0.087111 0.088219
vt 0.051007 0.100813
vt 0.087111 0.088219
vt 0.070019 0.077174
vt 0.072102 0.058862
vt 0.060063 0.065392
vt 0.060971 0.055332
vt 0.051774 0.072823
vt 0.049839 0.055754
vt 0.040581 0.075136
vt 0.033529 0.060821
vt 0.028700 0.082258
vt 0.018421 0.072587
vt 0.019395 0.095522
vt 0.003477 0.092214
vt 0.003477 0.112918
vt 0.019395 0.095522
vt 0.014892 0.112652
vt 0.019395 0.095522
vt 0.030463 0.117273
vt 0.051007 0.100813
vt 0.030463 0.117273
vt 0.046112 0.126428
vt 0.019771 0.125793
vt 0.038368 0.148416
vt 0.026280 0.149628
vt 0.030249 0.169344
vt 0.026280 0.149628
vt 0.030249 0.169344
vt 0.015653 0.157670
vt 0.015924 0.178265
vt 0.003477 0.160532
vt 0.003477 0.178717
vt 0.015924 0.178265
vt 0.015924 0.178265
vt 0.030249 0.169344
vt 0.025152 0.191168
vt 0.030249 0.169344
vt 0.025152 0.191168
vt 0.041781 0.172759
vt 0.040385 0.196508
vt 0.051972 0.203653
vt 0.029996 0.206831
vt 0.040327 0.217781
vt 0.040327 0.217781
vt 0.040327 0.217781
vt 0.031195 0.232279
vt 0.031195 0.232279
vt 0.004853 0.226724
vt 0.010951 0.236914
vt 0.004853 0.226724
vt 0.010951 0.236914
vt 0.051007 0.100813
vt 0.028700 0.082258
vt 0.019395 0.095522
vt 0.040581 0.075136
vt 0.040581 0.075136
vt 0.051774 0.072823
vt 0.051774 0.072823
vt 0.060063 0.065392
vt 0.060971 0.055332
vt 0.072102 0.058862
vt 0.072102 0.058862
vt 0.085312 0.071609
vt 0.093556 0.051382
vt 0.115989 0.099307
vt 0.126896 0.008321
vt 0.178324 0.049527
vt 0.222569 0.032999
vt 0.204506 0.072241
vt 0.241361 0.063985
vt 0.250128 0.080761
vt 0.262585 0.097512
vt 0.232905 0.124452
vt 0.265226 0.116460
vt 0.263200 0.129235
vt 0.287419 0.120144
vt 0.273428 0.137977
vt 0.286758 0.139556
vt 0.257678 0.158791
vt 0.304607 0.163561
vt 0.253024 0.202100
vt 0.267426 0.252785
vt 0.175718 0.218122
vt 0.204648 0.264139
vt 0.146025 0.269435
vt 0.112451 0.310694
vt 0.096480 0.251895
vt 0.078950 0.279021
vt 0.061923 0.251203
vt 0.048139 0.267058
vt 0.034772 0.283364
vt 0.078950 0.279021
vt 0.055430 0.317662
vt 0.112451 0.310694
vt 0.055028 0.349822
vt 0.112785 0.340966
vt 0.052017 0.376126
vt 0.114152 0.380424
vt 0.003477 0.207716
vt 0.003477 0.207716
vt 0.003477 0.207716
vt 0.003477 0.207716
vt 0.003477 0.207716
vt 0.029996 0.206831
vt 0.029996 0.206831
vt 0.040327 0.217781
vt 0.040327 0.217781
vt 0.040327 0.217781
vt 0.055735 0.222010
vt 0.040489 0.238994
vt 0.061923 0.251203
vt 0.026654 0.271585
vt 0.034772 0.283364
vt 0.003477 0.275755
vt 0.003477 0.294925
vt 0.034772 0.283364
vt 0.055430 0.317662
vt 0.078950 0.279021
vt 0.112451 0.310694
vt 0.096480 0.251895
vt 0.146025 0.269435
vt 0.113030 0.215476
vt 0.175718 0.218122
vt 0.113723 0.189297
vt 0.156781 0.189041
vt 0.127315 0.139092
vt 0.211461 0.167148
vt 0.193347 0.132618
vt 0.232905 0.124452
vt 0.188544 0.103126
vt 0.211568 0.081174
vt 0.204506 0.072241
vt 0.250128 0.080761
vt 0.241361 0.063985
vt 0.262585 0.097512
vt 0.286069 0.085293
vt 0.265226 0.116460
vt 0.287419 0.120144
vt 0.263200 0.129235
vt 0.273428 0.137977
vt 0.252339 0.146482
vt 0.257678 0.158791
vt 0.230105 0.156124
vt 0.211461 0.167148
vt 0.232905 0.124452
vt 0.000677 0.918201
vt 0.074836 0.854244
vt 0.000677 0.870164
vt 0.069976 0.916065
vt 0.121126 0.859574
vt 0.113822 0.918348
vt 0.155869 0.888208
vt 0.158851 0.921970
vt 0.197304 0.922697
vt 0.196690 0.958747
vt 0.240679 0.926535
vt 0.238725 0.964130
vt 0.276961 0.968561
vt 0.276961 0.984344
vt 0.315197 0.964130
vt 0.360548 0.984344
vt 0.357231 0.958747
vt 0.400939 0.953711
vt 0.395071 0.921970
vt 0.434384 0.949759
vt 0.440099 0.918348
vt 0.490473 0.910119
vt 0.432795 0.859574
vt 0.479085 0.863822
vt 0.474962 0.817411
vt 0.549806 0.873741
vt 0.549806 0.814681
vt 0.625236 0.822880
vt 0.623849 0.779776
vt 0.717224 0.821941
vt 0.712689 0.787168
vt 0.772923 0.822121
vt 0.772923 0.789381
vt 0.833156 0.787168
vt 0.772923 0.750093
vt 0.824135 0.747980
vt 0.772923 0.722556
vt 0.810031 0.720351
vt 0.810031 0.720351
vt 0.865557 0.710003
vt 0.847135 0.689381
vt 0.888437 0.686013
vt 0.876420 0.670930
vt 0.396419 0.014173
vt 0.396419 0.014173
vt 0.379356 0.015613
vt 0.413647 0.017978
vt 0.413647 0.017978
vt 0.432884 0.021048
vt 0.432884 0.021048
vt 0.436723 0.042597
vt 0.436723 0.042597
vt 0.441105 0.059159
vt 0.441105 0.059159
vt 0.432884 0.082437
vt 0.449011 0.079206
vt 0.432884 0.082437
vt 0.432884 0.097144
vt 0.420135 0.103803
vt 0.430967 0.117905
vt 0.404594 0.110994
vt 0.430967 0.117905
vt 0.387532 0.112433
vt 0.386522 0.122697
vt 0.371005 0.107947
vt 0.366673 0.117308
vt 0.357008 0.098075
vt 0.349862 0.105452
vt 0.347228 0.084010
vt 0.338117 0.088560
vt 0.342845 0.067447
vt 0.332853 0.068667
vt 0.344388 0.050384
vt 0.344388 0.050384
vt 0.351671 0.034880
vt 0.351671 0.034880
vt 0.363815 0.022804
vt 0.363815 0.022804
vt 0.379356 0.015613
vt 0.379356 0.015613
vt 0.396419 0.014173
vt 0.379356 0.015613
vt 0.396419 0.014173
vt 0.379356 0.015613
vt 0.396419 0.014173
vt 0.413647 0.017978
vt 0.413647 0.017978
vt 0.432884 0.021048
vt 0.432884 0.021048
vt 0.436723 0.042597
vt 0.436723 0.042597
vt 0.441105 0.059159
vt 0.441105 0.059159
vt 0.432884 0.082437
vt 0.449011 0.079206
vt 0.432884 0.082437
vt 0.432884 0.097144
vt 0.420135 0.103803
vt 0.430967 0.117905
vt 0.404594 0.110994
vt 0.430967 0.117905
vt 0.387532 0.112433
vt 0.386522 0.122697
vt 0.371005 0.107947
vt 0.366673 0.117308
vt 0.357008 0.098075
vt 0.349862 0.105452
vt 0.347228 0.084010
vt 0.338117 0.088560
vt 0.342845 0.067447
vt 0.332853 0.068667
vt 0.344388 0.050384
vt 0.344388 0.050384
vt 0.351671 0.034880
vt 0.351671 0.034880
vt 0.363815 0.022804
vt 0.363815 0.022804
vt 0.379356 0.015613
vt 0.379356 0.015613
vt 0.408645 0.514446
vt 0.365855 0.442409
vt 0.356143 0.501864
vt 0.408307 0.477582
vt 0.387037 0.404235
vt 0.416655 0.437677
vt 0.405916 0.389916
vt 0.433301 0.409747
vt 0.416145 0.378238
vt 0.429470 0.375666
vt 0.413915 0.326330
vt 0.435801 0.338030
vt 0.444988 0.305383
vt 0.457577 0.326086
vt 0.464034 0.302493
vt 0.483726 0.301841
vt 0.486580 0.274427
vt 0.502949 0.302010
vt 0.510651 0.279050
vt 0.528010 0.301596
vt 0.538368 0.290677
vt 0.558460 0.325689
vt 0.585599 0.323104
vt 0.557607 0.374072
vt 0.573135 0.382141
vt 0.537031 0.408125
vt 0.554836 0.440070
vt 0.494789 0.455333
vt 0.555211 0.485863
vt 0.494798 0.497870
vt 0.553279 0.525006
vt 0.494431 0.534723
vt 0.493810 0.563981
vt 0.408645 0.514446
vt 0.410053 0.548771
vt 0.356143 0.501864
vt 0.418623 0.573971
vt 0.350211 0.529454
vt 0.826010 0.438912
vt 0.790483 0.395878
vt 0.795199 0.443299
vt 0.825316 0.390979
vt 0.794240 0.339825
vt 0.824251 0.344096
vt 0.816318 0.313985
vt 0.816318 0.313985
vt 0.816318 0.313985
vt 0.816318 0.313985
vt 0.804423 0.305768
vt 0.804423 0.305768
vt 0.792547 0.316316
vt 0.791670 0.328794
vt 0.794240 0.339825
vt 0.792547 0.316316
vt 0.778374 0.322059
vt 0.778254 0.308947
vt 0.766052 0.307464
vt 0.774885 0.280292
vt 0.751010 0.302479
vt 0.769208 0.269115
vt 0.766440 0.255722
vt 0.769208 0.269115
vt 0.769208 0.269115
vt 0.774885 0.280292
vt 0.791444 0.274144
vt 0.791444 0.287680
vt 0.791444 0.260609
vt 0.778254 0.308947
vt 0.792547 0.316316
vt 0.792547 0.316316
vt 0.790483 0.395878
vt 0.825316 0.390979
vt 0.826010 0.438912
vt 0.794240 0.339825
vt 0.824251 0.344096
vt 0.816318 0.313985
vt 0.816318 0.313985
vt 0.816318 0.313985
vt 0.816318 0.313985
vt 0.804423 0.305768
vt 0.804423 0.305768
vt 0.792547 0.316316
vt 0.791670 0.328794
vt 0.794240 0.339825
vt 0.792547 0.316316
vt 0.778374 0.322059
vt 0.778254 0.308947
vt 0.766052 0.307464
vt 0.774885 0.280292
vt 0.751010 0.302479
vt 0.769208 0.269115
vt 0.766440 0.255722
vt 0.769208 0.269115
vt 0.769208 0.269115
vt 0.774885 0.280292
vt 0.791444 0.274144
vt 0.791444 0.287680
vt 0.791444 0.260609
vt 0.778254 0.308947
vt 0.792547 0.316316
vt 0.792547 0.316316
vt 0.715794 0.304530
vt 0.732449 0.274747
vt 0.733924 0.304697
vt 0.723798 0.265903
vt 0.723798 0.265903
vt 0.717413 0.253621
vt 0.723798 0.265903
vt 0.746747 0.257281
vt 0.739265 0.264020
vt 0.732449 0.274747
vt 0.732449 0.274747
vt 0.751010 0.302479
vt 0.733924 0.304697
vt 0.734828 0.323579
vt 0.715794 0.304530
vt 0.703067 0.330499
vt 0.701719 0.312027
vt 0.686498 0.320805
vt 0.690266 0.288757
vt 0.679058 0.284524
vt 0.679058 0.284524
vt 0.667591 0.273277
vt 0.679058 0.284524
vt 0.692899 0.277190
vt 0.692899 0.277190
vt 0.690266 0.288757
vt 0.690266 0.288757
vt 0.715794 0.304530
vt 0.701719 0.312027
vt 0.715794 0.304530
vt 0.690266 0.288757
vt 0.701719 0.312027
vt 0.690266 0.288757
vt 0.692899 0.277190
vt 0.692899 0.277190
vt 0.679058 0.284524
vt 0.667591 0.273277
vt 0.679058 0.284524
vt 0.679058 0.284524
vt 0.690266 0.288757
vt 0.686498 0.320805
vt 0.701719 0.312027
vt 0.703067 0.330499
vt 0.715794 0.304530
vt 0.734828 0.323579
vt 0.733924 0.304697
vt 0.751010 0.302479
vt 0.732449 0.274747
vt 0.732449 0.274747
vt 0.739265 0.264020
vt 0.746747 0.257281
vt 0.723798 0.265903
vt 0.717413 0.253621
vt 0.723798 0.265903
vt 0.723798 0.265903
vt 0.732449 0.274747
vt 0.715794 0.304530
vt 0.733924 0.304697
vt 0.193373 0.984344
vt 0.276961 0.984344
vt 0.238725 0.964130
vt 0.276961 0.997900
vt 0.360548 0.984344
vt 0.363825 0.997900
vt 0.403548 0.984344
vt 0.432005 0.997900
vt 0.430679 0.984344
vt 0.489114 0.980219
vt 0.486331 0.942468
vt 0.549806 0.984344
vt 0.549806 0.918201
vt 0.626509 0.984344
vt 0.625475 0.921232
vt 0.716303 0.984344
vt 0.718446 0.920986
vt 0.772923 0.984344
vt 0.772923 0.925012
vt 0.827399 0.920986
vt 0.772923 0.868360
vt 0.827064 0.868998
vt 0.828621 0.821941
vt 0.920610 0.822880
vt 0.921996 0.779776
vt 0.998251 0.814681
vt 0.998251 0.771869
vt 0.779582 0.150824
vt 0.778867 0.127578
vt 0.790406 0.181159
vt 0.758939 0.153573
vt 0.746541 0.143662
vt 0.740273 0.159733
vt 0.718325 0.158456
vt 0.731339 0.174862
vt 0.731928 0.189443
vt 0.756778 0.187455
vt 0.794933 0.191673
vt 0.790406 0.181159
vt 0.808569 0.167036
vt 0.778867 0.127578
vt 0.841651 0.158793
vt 0.838171 0.128554
vt 0.897608 0.122165
vt 0.876355 0.005669
vt 0.970742 0.005670
vt 0.897608 0.122165
vt 0.910977 0.172350
vt 0.841651 0.158793
vt 0.828260 0.208243
vt 0.808569 0.167036
vt 0.794933 0.191673
vt 0.790406 0.181159
vt 0.756778 0.187455
vt 0.010951 0.236914
vt 0.005602 0.256827
vt 0.010951 0.236914
vt 0.013534 0.247012
vt 0.026654 0.271585
vt 0.040489 0.238994
vt 0.061923 0.251203
vt 0.055735 0.222010
vt 0.074365 0.219208
vt 0.051972 0.203653
vt 0.070073 0.191852
vt 0.041781 0.172759
vt 0.058487 0.164270
vt 0.038368 0.148416
vt 0.063527 0.139669
vt 0.046112 0.126428
vt 0.055834 0.123182
vt 0.051007 0.100813
vt 0.077604 0.110445
vt 0.077604 0.110445
vt 0.087922 0.128117
vt 0.115989 0.099307
vt 0.127315 0.139092
vt 0.188544 0.103126
vt 0.193347 0.132618
vt 0.188544 0.103126
vt 0.578853 0.573838
vt 0.587772 0.588600
vt 0.607877 0.561627
vt 0.545910 0.597897
vt 0.566470 0.605102
vt 0.548086 0.615410
vt 0.548086 0.615410
vt 0.488203 0.622519
vt 0.496923 0.637087
vt 0.446984 0.657818
vt 0.463202 0.661888
vt 0.446470 0.692108
vt 0.462539 0.685489
vt 0.466355 0.712694
vt 0.476431 0.701102
vt 0.512685 0.713924
vt 0.512443 0.697485
vt 0.577779 0.708106
vt 0.566016 0.683462
vt 0.590394 0.689932
vt 0.587854 0.670290
vt 0.611540 0.693661
vt 0.610235 0.677946
vt 0.640360 0.689039
vt 0.634930 0.675327
vt 0.640360 0.689039
vt 0.610235 0.677946
vt 0.634930 0.675327
vt 0.611540 0.693661
vt 0.587854 0.670290
vt 0.590394 0.689932
vt 0.566016 0.683462
vt 0.577779 0.708106
vt 0.512443 0.697485
vt 0.512685 0.713924
vt 0.476431 0.701102
vt 0.466355 0.712694
vt 0.462539 0.685489
vt 0.446470 0.692108
vt 0.463202 0.661888
vt 0.446984 0.657818
vt 0.496923 0.637087
vt 0.488203 0.622519
vt 0.548086 0.615410
vt 0.548086 0.615410
vt 0.566470 0.605102
vt 0.545910 0.597897
vt 0.587772 0.588600
vt 0.578853 0.573838
vt 0.607877 0.561627
vt 0.074365 0.219208
vt 0.051972 0.203653
vt 0.055735 0.222010
vt 0.070073 0.191852
vt 0.041781 0.172759
vt 0.058487 0.164270
vt 0.038368 0.148416
vt 0.063527 0.139669
vt 0.046112 0.126428
vt 0.055834 0.123182
vt 0.051007 0.100813
vt 0.077604 0.110445
vt 0.077604 0.110445
vt 0.087922 0.128117
vt 0.115989 0.099307
vt 0.127315 0.139092
vt 0.188544 0.103126
vt 0.193347 0.132618
vt 0.188544 0.103126
vt 0.232905 0.124452
vt 0.211568 0.081174
vt 0.250128 0.080761
vt 0.204506 0.072241
vt 0.276961 0.924753
vt 0.276961 0.892379
vt 0.240679 0.926535
vt 0.314932 0.922671
vt 0.316896 0.894601
vt 0.356617 0.922697
vt 0.348940 0.894920
vt 0.391759 0.889500
vt 0.354670 0.859038
vt 0.387971 0.858532
vt 0.364249 0.819038
vt 0.432373 0.820184
vt 0.432442 0.781231
vt 0.473380 0.777640
vt 0.480697 0.731260
vt 0.549806 0.771869
vt 0.549806 0.736197
vt 0.623849 0.779776
vt 0.637079 0.740484
vt 0.712689 0.787168
vt 0.721711 0.747565
vt 0.772923 0.750093
vt 0.772923 0.722556
vt 0.683941 0.338801
vt 0.686498 0.320805
vt 0.703067 0.330499
vt 0.662533 0.320272
vt 0.662533 0.320272
vt 0.659043 0.310047
vt 0.659043 0.310047
vt 0.651959 0.322869
vt 0.639829 0.318836
vt 0.651959 0.322869
vt 0.651959 0.322869
vt 0.662533 0.320272
vt 0.673355 0.341001
vt 0.683941 0.338801
vt 0.685962 0.357365
vt 0.703067 0.330499
vt 0.706881 0.356090
vt 0.734828 0.323579
vt 0.741416 0.354321
vt 0.760972 0.322843
vt 0.769558 0.352308
vt 0.794240 0.339825
vt 0.790483 0.395878
vt 0.794240 0.339825
vt 0.769558 0.352308
vt 0.790483 0.395878
vt 0.760972 0.322843
vt 0.741416 0.354321
vt 0.734828 0.323579
vt 0.706881 0.356090
vt 0.703067 0.330499
vt 0.685962 0.357365
vt 0.683941 0.338801
vt 0.673355 0.341001
vt 0.662533 0.320272
vt 0.651959 0.322869
vt 0.651959 0.322869
vt 0.639829 0.318836
vt 0.651959 0.322869
vt 0.659043 0.310047
vt 0.659043 0.310047
vt 0.662533 0.320272
vt 0.662533 0.320272
vt 0.686498 0.320805
vt 0.683941 0.338801
vt 0.703067 0.330499
vt 0.081272 0.817165
vt 0.078707 0.774336
vt 0.000677 0.814681
vt 0.121548 0.820184
vt 0.121059 0.779479
vt 0.189673 0.819038
vt 0.187459 0.768698
vt 0.238483 0.820230
vt 0.241917 0.778873
vt 0.276961 0.785933
vt 0.276961 0.741870
vt 0.312005 0.778873
vt 0.311731 0.741345
vt 0.365991 0.775381
vt 0.359318 0.735048
vt 0.422480 0.734844
vt 0.383230 0.727762
vt 0.407143 0.720477
vt 0.393301 0.718994
vt 0.429317 0.705806
vt 0.422516 0.697867
vt 0.280988 0.335698
vt 0.274903 0.312507
vt 0.190957 0.358406
vt 0.378915 0.250052
vt 0.372411 0.225361
vt 0.501339 0.139723
vt 0.486434 0.124185
vt 0.536873 0.069302
vt 0.514975 0.052206
vt 0.486434 0.124185
vt 0.463634 0.104384
vt 0.372411 0.225361
vt 0.383177 0.138972
vt 0.338363 0.205591
vt 0.342292 0.135431
vt 0.304607 0.163561
vt 0.297039 0.053073
vt 0.286758 0.139556
vt 0.287419 0.120144
vt 0.273428 0.137977
vt 0.078707 0.774336
vt 0.073224 0.731260
vt 0.003832 0.768698
vt 0.121059 0.779479
vt 0.135617 0.745159
vt 0.187459 0.768698
vt 0.194604 0.735048
vt 0.242190 0.741345
vt 0.242190 0.741345
vt 0.276961 0.741870
vt 0.276961 0.708432
vt 0.311731 0.741345
vt 0.308891 0.710634
vt 0.359318 0.735048
vt 0.348812 0.705864
vt 0.372513 0.725512
vt 0.385760 0.701179
vt 0.393301 0.718994
vt 0.422516 0.697867
vt 0.346276 0.689332
vt 0.348812 0.705864
vt 0.378863 0.689689
vt 0.309832 0.684959
vt 0.308891 0.710634
vt 0.276961 0.687777
vt 0.276961 0.708432
vt 0.245030 0.710634
vt 0.242190 0.741345
vt 0.194604 0.735048
vt 0.194604 0.735048
vt 0.181408 0.725512
vt 0.170691 0.727762
vt 0.160620 0.718994
vt 0.146779 0.720477
vt 0.124604 0.705806
vt 0.117729 0.721369
vt 0.124604 0.705806
vt 0.108705 0.711495
vt 0.070019 0.077174
vt 0.070019 0.077174
vt 0.060063 0.065392
vt 0.051007 0.100813
vt 0.051774 0.072823
vt 0.040581 0.075136
vt 0.040581 0.075136
vt 0.028700 0.082258
vt 0.028700 0.082258
vt 0.019395 0.095522
vt 0.019395 0.095522
vt 0.014892 0.112652
vt 0.003477 0.112918
vt 0.003477 0.130992
vt 0.014892 0.112652
vt 0.003477 0.130992
vt 0.019771 0.125793
vt 0.026280 0.149628
vt 0.920610 0.822880
vt 0.998251 0.877318
vt 0.998251 0.814681
vt 0.921034 0.884980
vt 0.920371 0.921232
vt 0.827399 0.920986
vt 0.829543 0.984344
vt 0.772923 0.984344
vt 0.772923 0.997900
vt 0.716303 0.984344
vt 0.716105 0.997900
vt 0.626509 0.984344
vt 0.628983 0.997900
vt 0.549806 0.984344
vt 0.549806 0.997900
vt 0.489114 0.980219
vt 0.489496 0.997640
vt 0.432005 0.997900
vt 0.392663 0.274144
vt 0.378915 0.250052
vt 0.512018 0.157307
vt 0.280988 0.335698
vt 0.274903 0.312507
vt 0.190957 0.358406
vt 0.191935 0.335172
vt 0.114152 0.380424
vt 0.112785 0.340966
vt 0.052017 0.376126
vt 0.055028 0.349822
vt 0.003477 0.352179
vt 0.055430 0.317662
vt 0.003477 0.323884
vt 0.003477 0.294925
vt 0.055430 0.317662
vt 0.034772 0.283364
vt 0.051007 0.100813
vt 0.087111 0.088219
vt 0.087111 0.088219
vt 0.077604 0.110445
vt 0.077604 0.110445
vt 0.115989 0.099307
vt 0.087111 0.088219
vt 0.085312 0.071609
vt 0.087111 0.088219
vt 0.072102 0.058862
vt 0.087111 0.088219
vt 0.070019 0.077174
vt 0.051007 0.100813
vt 0.070019 0.077174
vt 0.051774 0.072823
vt 0.060063 0.065392
vt 0.922607 0.727597
vt 0.998251 0.736197
vt 0.998251 0.736197
vt 0.908766 0.740899
vt 0.921996 0.779776
vt 0.833156 0.787168
vt 0.828621 0.821941
vt 0.772923 0.822121
vt 0.772923 0.868360
vt 0.717224 0.821941
vt 0.718781 0.868998
vt 0.625236 0.822880
vt 0.624811 0.867789
vt 0.549806 0.873741
vt 0.625475 0.921232
vt 0.549806 0.918201
vt 0.218437 0.371467
vt 0.233832 0.407160
vt 0.242131 0.371467
vt 0.212297 0.406109
vt 0.233363 0.439277
vt 0.214571 0.439160
vt 0.236663 0.480560
vt 0.219497 0.481844
vt 0.241584 0.529574
vt 0.224179 0.531070
vt 0.253499 0.563376
vt 0.228044 0.572443
vt 0.250781 0.608763
vt 0.234665 0.610109
vt 0.261148 0.668934
vt 0.249806 0.668934
vt 0.242131 0.371467
vt 0.324711 0.411080
vt 0.324711 0.371467
vt 0.233832 0.407160
vt 0.322993 0.447451
vt 0.233363 0.439277
vt 0.324711 0.480373
vt 0.236663 0.480560
vt 0.324711 0.522030
vt 0.241584 0.529574
vt 0.324710 0.568853
vt 0.253499 0.563376
vt 0.324710 0.608624
vt 0.250781 0.608763
vt 0.324710 0.668934
vt 0.261148 0.668934
vt 0.365855 0.442409
vt 0.344480 0.375688
vt 0.339249 0.409870
vt 0.387037 0.404235
vt 0.359239 0.327153
vt 0.378055 0.322280
vt 0.388512 0.287680
vt 0.417208 0.275103
vt 0.441920 0.235125
vt 0.450653 0.255007
vt 0.488824 0.227148
vt 0.488589 0.246948
vt 0.526469 0.254237
vt 0.510651 0.279050
vt 0.538368 0.290677
vt 0.004853 0.226724
vt 0.031195 0.232279
vt 0.031195 0.232279
vt 0.010951 0.236914
vt 0.040489 0.238994
vt 0.013534 0.247012
vt 0.026654 0.271585
vt 0.005602 0.256827
vt 0.003477 0.275755
vt 0.026654 0.271585
vt 0.034772 0.283364
vt 0.061923 0.251203
vt 0.048139 0.267058
vt 0.096480 0.251895
vt 0.078950 0.279021
vt 0.019395 0.095522
vt 0.030463 0.117273
vt 0.014892 0.112652
vt 0.051007 0.100813
vt 0.030463 0.117273
vt 0.046112 0.126428
vt 0.019771 0.125793
vt 0.038368 0.148416
vt 0.026280 0.149628
vt 0.030249 0.169344
vt 0.026280 0.149628
vt 0.030249 0.169344
vt 0.015653 0.157670
vt 0.015924 0.178265
vt 0.003477 0.160532
vt 0.731339 0.174862
vt 0.731928 0.189443
vt 0.756778 0.187455
vt 0.718325 0.158456
vt 0.666997 0.164269
vt 0.692961 0.133180
vt 0.625634 0.104081
vt 0.668820 0.073113
vt 0.619600 0.009113
vt 0.643542 0.009113
vt 0.668820 0.073113
vt 0.749820 0.022783
vt 0.726507 0.107524
vt 0.778867 0.127578
vt 0.746541 0.143662
vt 0.233832 0.407160
vt 0.212297 0.406109
vt 0.218437 0.371467
vt 0.233363 0.439277
vt 0.214571 0.439160
vt 0.236663 0.480560
vt 0.219497 0.481844
vt 0.241584 0.529574
vt 0.224179 0.531070
vt 0.253499 0.563376
vt 0.228044 0.572443
vt 0.250781 0.608763
vt 0.234665 0.610109
vt 0.261148 0.668934
vt 0.249806 0.668934
vt 0.324711 0.411080
vt 0.233832 0.407160
vt 0.242131 0.371467
vt 0.322993 0.447451
vt 0.233363 0.439277
vt 0.324711 0.480373
vt 0.236663 0.480560
vt 0.324711 0.522030
vt 0.241584 0.529574
vt 0.324710 0.568853
vt 0.253499 0.563376
vt 0.324710 0.608624
vt 0.250781 0.608763
vt 0.324710 0.668934
vt 0.261148 0.668934
vt 0.074836 0.854244
vt 0.081272 0.817165
vt 0.000677 0.870164
vt 0.121126 0.859574
vt 0.121548 0.820184
vt 0.165950 0.858532
vt 0.189673 0.819038
vt 0.199251 0.859038
vt 0.238483 0.820230
vt 0.234984 0.857578
vt 0.276961 0.820024
vt 0.276961 0.855233
vt 0.318937 0.857578
vt 0.316896 0.894601
vt 0.348940 0.894920
vt 0.559110 0.102822
vt 0.551172 0.081196
vt 0.512018 0.157307
vt 0.512018 0.157307
vt 0.501339 0.139723
vt 0.378915 0.250052
vt 0.372411 0.225361
vt 0.274903 0.312507
vt 0.275824 0.278448
vt 0.196979 0.306178
vt 0.204648 0.264139
vt 0.112451 0.310694
vt 0.146025 0.269435
vt 0.051972 0.203653
vt 0.029996 0.206831
vt 0.040327 0.217781
vt 0.040385 0.196508
vt 0.003477 0.207716
vt 0.025152 0.191168
vt 0.003477 0.191499
vt 0.015924 0.178265
vt 0.003477 0.178717
vt 0.015924 0.178265
vt 0.003477 0.178717
vt 0.003477 0.178717
vt 0.015924 0.178265
vt 0.028700 0.082258
vt 0.019395 0.095522
vt 0.019395 0.095522
vt 0.018421 0.072587
vt 0.003477 0.092214
vt 0.003477 0.070402
vt 0.018421 0.072587
vt 0.003477 0.045391
vt 0.033529 0.060821
vt 0.032810 0.042427
vt 0.053993 0.040490
vt 0.030009 0.003447
vt 0.060492 0.002766
vt 0.101466 0.555583
vt 0.162307 0.586447
vt 0.134261 0.599221
vt 0.135314 0.542484
vt 0.224179 0.531070
vt 0.125574 0.493049
vt 0.219497 0.481844
vt 0.130774 0.445372
vt 0.214571 0.439160
vt 0.149018 0.402801
vt 0.212297 0.406109
vt 0.167885 0.371467
vt 0.218437 0.371467
vt 0.167885 0.371467
vt 0.212297 0.406109
vt 0.218437 0.371467
vt 0.149018 0.402801
vt 0.214571 0.439160
vt 0.130774 0.445372
vt 0.219497 0.481844
vt 0.125574 0.493049
vt 0.224179 0.531070
vt 0.135314 0.542484
vt 0.162307 0.586447
vt 0.101466 0.555583
vt 0.134261 0.599221
vt 0.549806 0.736197
vt 0.623239 0.727597
vt 0.546922 0.717664
vt 0.637079 0.740484
vt 0.649598 0.724122
vt 0.662782 0.729781
vt 0.660457 0.708637
vt 0.676015 0.714195
vt 0.640360 0.689039
vt 0.682605 0.705737
vt 0.655443 0.684515
vt 0.697500 0.689490
vt 0.670203 0.676098
vt 0.524251 0.022081
vt 0.511735 0.032162
vt 0.544060 0.041385
vt 0.481296 0.009974
vt 0.461406 0.013414
vt 0.461406 0.013414
vt 0.461406 0.013414
vt 0.461406 0.013414
vt 0.511735 0.032162
vt 0.511735 0.032162
vt 0.544060 0.041385
vt 0.524251 0.022081
vt 0.769558 0.352308
vt 0.749687 0.399529
vt 0.790483 0.395878
vt 0.741416 0.354321
vt 0.708565 0.400242
vt 0.706881 0.356090
vt 0.685627 0.400343
vt 0.685962 0.357365
vt 0.656809 0.360855
vt 0.673355 0.341001
vt 0.660376 0.347667
vt 0.639829 0.318836
vt 0.063527 0.139669
vt 0.087922 0.128117
vt 0.077604 0.110445
vt 0.104381 0.149365
vt 0.127315 0.139092
vt 0.113723 0.189297
vt 0.156781 0.189041
vt 0.175718 0.218122
vt 0.211461 0.167148
vt 0.253024 0.202100
vt 0.257678 0.158791
vt 0.494789 0.455333
vt 0.433301 0.409747
vt 0.416655 0.437677
vt 0.492175 0.425003
vt 0.484417 0.373957
vt 0.537031 0.408125
vt 0.536839 0.369230
vt 0.557607 0.374072
vt 0.534464 0.312445
vt 0.558460 0.325689
vt 0.528010 0.301596
vt 0.286758 0.139556
vt 0.297039 0.053073
vt 0.287419 0.120144
vt 0.304607 0.163561
vt 0.342292 0.135431
vt 0.338363 0.205591
vt 0.383177 0.138972
vt 0.372411 0.225361
vt 0.463634 0.104384
vt 0.486434 0.124185
vt 0.514975 0.052206
vt 0.204506 0.072241
vt 0.222569 0.032999
vt 0.241361 0.063985
vt 0.178324 0.049527
vt 0.126896 0.008321
vt 0.115989 0.099307
vt 0.093556 0.051382
vt 0.085312 0.071609
vt 0.072102 0.058862
vt 0.072102 0.058862
vt 0.060971 0.055332
vt 0.752271 0.453738
vt 0.844575 0.545758
vt 0.836448 0.459168
vt 0.776736 0.565383
vt 0.837791 0.580761
vt 0.778216 0.593411
vt 0.784235 0.649359
vt 0.722287 0.617347
vt 0.740911 0.669451
vt 0.680323 0.635310
vt 0.709773 0.679729
vt 0.652808 0.399625
vt 0.683204 0.445636
vt 0.649610 0.442779
vt 0.685627 0.400343
vt 0.707699 0.446663
vt 0.708565 0.400242
vt 0.752271 0.453738
vt 0.749687 0.399529
vt 0.795199 0.443299
vt 0.790483 0.395878
vt 0.826010 0.438912
vt 0.749687 0.399529
vt 0.741416 0.354321
vt 0.769558 0.352308
vt 0.708565 0.400242
vt 0.706881 0.356090
vt 0.685627 0.400343
vt 0.685962 0.357365
vt 0.656809 0.360855
vt 0.673355 0.341001
vt 0.660376 0.347667
vt 0.639829 0.318836
vt 0.925608 0.252216
vt 0.898138 0.293713
vt 0.906597 0.253034
vt 0.930554 0.296609
vt 0.923525 0.315576
vt 0.951561 0.321697
vt 0.905100 0.353366
vt 0.956957 0.348574
vt 0.914549 0.392059
vt 0.957723 0.392689
vt 0.960219 0.436949
vt 0.680323 0.635310
vt 0.740911 0.669451
vt 0.709773 0.679729
vt 0.722287 0.617347
vt 0.784235 0.649359
vt 0.778216 0.593411
vt 0.837791 0.580761
vt 0.776736 0.565383
vt 0.844575 0.545758
vt 0.752271 0.453738
vt 0.836448 0.459168
vt 0.542014 0.009113
vt 0.590316 0.009113
vt 0.580871 0.126306
vt 0.580871 0.126306
vt 0.625634 0.104081
vt 0.647860 0.192501
vt 0.666997 0.164269
vt 0.721004 0.226580
vt 0.730550 0.204353
vt 0.828260 0.208243
vt 0.794933 0.191673
vt 0.436193 0.721369
vt 0.480697 0.731260
vt 0.480697 0.731260
vt 0.422480 0.734844
vt 0.432442 0.781231
vt 0.365991 0.775381
vt 0.364249 0.819038
vt 0.319774 0.825529
vt 0.354670 0.859038
vt 0.318937 0.857578
vt 0.348940 0.894920
vt 0.746541 0.143662
vt 0.692961 0.133180
vt 0.726507 0.107524
vt 0.718325 0.158456
vt 0.666997 0.164269
vt 0.731928 0.189443
vt 0.730550 0.204353
vt 0.794933 0.191673
vt 0.828260 0.208243
vt 0.808569 0.167036
vt 0.841651 0.158793
vt 0.904588 0.438018
vt 0.863947 0.390338
vt 0.862359 0.437908
vt 0.914549 0.392059
vt 0.905100 0.353366
vt 0.956957 0.348574
vt 0.951561 0.321697
vt 0.970086 0.333131
vt 0.958338 0.310377
vt 0.997237 0.314022
vt 0.987720 0.299858
vt 0.392663 0.274144
vt 0.378915 0.250052
vt 0.280988 0.335698
vt 0.512018 0.157307
vt 0.501339 0.139723
vt 0.551172 0.081196
vt 0.536873 0.069302
vt 0.501339 0.139723
vt 0.486434 0.124185
vt 0.372411 0.225361
vt 0.554836 0.440070
vt 0.589576 0.411002
vt 0.573135 0.382141
vt 0.555211 0.485863
vt 0.607902 0.443791
vt 0.553279 0.525006
vt 0.619470 0.504789
vt 0.559474 0.556386
vt 0.569039 0.575861
vt 0.493526 0.584730
vt 0.000677 0.984344
vt 0.067591 0.942468
vt 0.000677 0.918201
vt 0.062976 0.984344
vt 0.123243 0.984344
vt 0.121916 0.997900
vt 0.150373 0.984344
vt 0.183883 0.992935
vt 0.193373 0.984344
vt 0.276961 0.997900
vt 0.241917 0.778873
vt 0.242190 0.741345
vt 0.187459 0.768698
vt 0.276961 0.741870
vt 0.276961 0.741870
vt 0.311731 0.741345
vt 0.311731 0.741345
vt 0.359318 0.735048
vt 0.359318 0.735048
vt 0.372513 0.725512
vt 0.479085 0.863822
vt 0.549806 0.918201
vt 0.549806 0.873741
vt 0.490473 0.910119
vt 0.486331 0.942468
vt 0.434384 0.949759
vt 0.430679 0.984344
vt 0.400939 0.953711
vt 0.403548 0.984344
vt 0.360548 0.984344
vt 0.862359 0.437908
vt 0.825316 0.390979
vt 0.826010 0.438912
vt 0.863947 0.390338
vt 0.824251 0.344096
vt 0.854452 0.332058
vt 0.816318 0.313985
vt 0.826338 0.301176
vt 0.816318 0.313985
vt 0.804423 0.305768
vt 0.028700 0.082258
vt 0.028700 0.082258
vt 0.019395 0.095522
vt 0.040581 0.075136
vt 0.033529 0.060821
vt 0.049839 0.055754
vt 0.053993 0.040490
vt 0.060971 0.055332
vt 0.072102 0.058862
vt 0.041781 0.172759
vt 0.025152 0.191168
vt 0.040385 0.196508
vt 0.030249 0.169344
vt 0.025152 0.191168
vt 0.030249 0.169344
vt 0.015924 0.178265
vt 0.015924 0.178265
vt 0.003477 0.178717
vt 0.058487 0.164270
vt 0.104381 0.149365
vt 0.063527 0.139669
vt 0.070073 0.191852
vt 0.113723 0.189297
vt 0.074365 0.219208
vt 0.113030 0.215476
vt 0.061923 0.251203
vt 0.096480 0.251895
vt 0.033529 0.060821
vt 0.003477 0.045391
vt 0.018421 0.072587
vt 0.032810 0.042427
vt 0.030009 0.003447
vt 0.053993 0.040490
vt 0.060492 0.002766
vt 0.093556 0.051382
vt 0.126896 0.008321
vt 0.393630 0.323947
vt 0.417208 0.275103
vt 0.378055 0.322280
vt 0.435877 0.294028
vt 0.450653 0.255007
vt 0.461185 0.278992
vt 0.488589 0.246948
vt 0.486580 0.274427
vt 0.510651 0.279050
vt 0.416145 0.378238
vt 0.393630 0.323947
vt 0.405916 0.389916
vt 0.413915 0.326330
vt 0.435877 0.294028
vt 0.444988 0.305383
vt 0.461185 0.278992
vt 0.464034 0.302493
vt 0.486580 0.274427
vt 0.502949 0.302010
vt 0.508330 0.323189
vt 0.528010 0.301596
vt 0.483726 0.301841
vt 0.484133 0.330670
vt 0.457577 0.326086
vt 0.484417 0.373957
vt 0.429470 0.375666
vt 0.433301 0.409747
vt 0.448784 0.033973
vt 0.452177 0.023660
vt 0.470085 0.039797
vt 0.470085 0.039797
vt 0.471984 0.029830
vt 0.511735 0.032162
vt 0.511735 0.032162
vt 0.544060 0.041385
vt 0.511735 0.032162
vt 0.012192 0.144861
vt 0.012192 0.144861
vt 0.003477 0.160532
vt 0.003477 0.130992
vt 0.003477 0.130992
vt 0.014892 0.112652
vt 0.019771 0.125793
vt 0.030463 0.117273
vt 0.030463 0.117273
vt 0.061923 0.251203
vt 0.113030 0.215476
vt 0.096480 0.251895
vt 0.074365 0.219208
vt 0.113723 0.189297
vt 0.070073 0.191852
vt 0.104381 0.149365
vt 0.058487 0.164270
vt 0.063527 0.139669
vt 0.015924 0.178265
vt 0.003477 0.178717
vt 0.003477 0.178717
vt 0.015924 0.178265
vt 0.003477 0.191499
vt 0.025152 0.191168
vt 0.003477 0.207716
vt 0.040385 0.196508
vt 0.029996 0.206831
vt 0.155869 0.888208
vt 0.199251 0.859038
vt 0.165950 0.858532
vt 0.198072 0.892362
vt 0.234984 0.857578
vt 0.237026 0.894601
vt 0.276961 0.855233
vt 0.276961 0.892379
vt 0.316896 0.894601
vt 0.826191 0.642286
vt 0.837791 0.580761
vt 0.784235 0.649359
vt 0.852924 0.645502
vt 0.871024 0.583516
vt 0.879372 0.660450
vt 0.905982 0.603230
vt 0.943246 0.637302
vt 0.964102 0.606220
vt 0.876355 0.005669
vt 0.838171 0.128554
vt 0.897608 0.122165
vt 0.749820 0.022783
vt 0.778867 0.127578
vt 0.726507 0.107524
vt 0.746541 0.143662
vt 0.692961 0.133180
vt 0.718325 0.158456
vt 0.908766 0.740899
vt 0.824135 0.747980
vt 0.833156 0.787168
vt 0.871229 0.722077
vt 0.810031 0.720351
vt 0.865557 0.710003
vt 0.865557 0.710003
vt 0.898784 0.697639
vt 0.888437 0.686013
vt 0.803689 0.702162
vt 0.810031 0.720351
vt 0.847135 0.689381
vt 0.772923 0.722556
vt 0.772923 0.722556
vt 0.735815 0.720351
vt 0.735815 0.720351
vt 0.682605 0.705737
vt 0.676015 0.714195
vt 0.825316 0.390979
vt 0.863947 0.390338
vt 0.862359 0.437908
vt 0.824251 0.344096
vt 0.854452 0.332058
vt 0.816318 0.313985
vt 0.826338 0.301176
vt 0.816318 0.313985
vt 0.804423 0.305768
vt 0.904588 0.438018
vt 0.914549 0.392059
vt 0.960219 0.436949
vt 0.863947 0.390338
vt 0.905100 0.353366
vt 0.854452 0.332058
vt 0.879449 0.310198
vt 0.873250 0.294668
vt 0.873250 0.294668
vt 0.315197 0.964130
vt 0.314932 0.922671
vt 0.276961 0.968561
vt 0.357231 0.958747
vt 0.356617 0.922697
vt 0.395071 0.921970
vt 0.391759 0.889500
vt 0.440099 0.918348
vt 0.432795 0.859574
vt 0.943246 0.637302
vt 0.905982 0.603230
vt 0.964102 0.606220
vt 0.879372 0.660450
vt 0.871024 0.583516
vt 0.852924 0.645502
vt 0.837791 0.580761
vt 0.826191 0.642286
vt 0.784235 0.649359
vt 0.549806 0.771869
vt 0.549806 0.814681
vt 0.623849 0.779776
vt 0.473380 0.777640
vt 0.474962 0.817411
vt 0.432373 0.820184
vt 0.432795 0.859574
vt 0.387971 0.858532
vt 0.391759 0.889500
vt 0.749687 0.399529
vt 0.752271 0.453738
vt 0.795199 0.443299
vt 0.708565 0.400242
vt 0.707699 0.446663
vt 0.685627 0.400343
vt 0.683204 0.445636
vt 0.652808 0.399625
vt 0.649610 0.442779
vt 0.930554 0.296609
vt 0.951561 0.321697
vt 0.958338 0.310377
vt 0.923525 0.315576
vt 0.905100 0.353366
vt 0.879449 0.310198
vt 0.854452 0.332058
vt 0.873250 0.294668
vt 0.860327 0.311618
vt 0.286758 0.139556
vt 0.257678 0.158791
vt 0.273428 0.137977
vt 0.304607 0.163561
vt 0.253024 0.202100
vt 0.267426 0.252785
vt 0.175718 0.218122
vt 0.204648 0.264139
vt 0.146025 0.269435
vt 0.808569 0.167036
vt 0.779582 0.150824
vt 0.790406 0.181159
vt 0.778867 0.127578
vt 0.758939 0.153573
vt 0.746541 0.143662
vt 0.740273 0.159733
vt 0.718325 0.158456
vt 0.731339 0.174862
vt 0.190957 0.358406
vt 0.191935 0.335172
vt 0.114152 0.380424
vt 0.274903 0.312507
vt 0.196979 0.306178
vt 0.275824 0.278448
vt 0.204648 0.264139
vt 0.267426 0.252785
vt 0.452177 0.023660
vt 0.452177 0.023660
vt 0.511735 0.032162
vt 0.511735 0.032162
vt 0.471984 0.029830
vt 0.511735 0.032162
vt 0.470085 0.039797
vt 0.514975 0.052206
vt 0.619173 0.321968
vt 0.603760 0.320672
vt 0.633444 0.371691
vt 0.592053 0.274144
vt 0.562222 0.275823
vt 0.537617 0.234797
vt 0.526469 0.254237
vt 0.488824 0.227148
vt 0.638378 0.413571
vt 0.607902 0.443791
vt 0.649893 0.496740
vt 0.633444 0.371691
vt 0.589576 0.411002
vt 0.603760 0.320672
vt 0.573135 0.382141
vt 0.585599 0.323104
vt 0.086875 0.493094
vt 0.125574 0.493049
vt 0.101466 0.555583
vt 0.092737 0.445207
vt 0.130774 0.445372
vt 0.120952 0.399213
vt 0.149018 0.402801
vt 0.167885 0.371467
vt 0.000677 0.736197
vt 0.073224 0.731260
vt 0.000677 0.736197
vt 0.073224 0.731260
vt 0.117729 0.721369
vt 0.135617 0.745159
vt 0.146779 0.720477
vt 0.170691 0.727762
vt 0.568941 0.647912
vt 0.553512 0.652262
vt 0.587854 0.670290
vt 0.567058 0.626216
vt 0.548086 0.615410
vt 0.588105 0.602123
vt 0.566470 0.605102
vt 0.587772 0.588600
vt 0.844575 0.545758
vt 0.871024 0.583516
vt 0.837791 0.580761
vt 0.880303 0.547583
vt 0.905982 0.603230
vt 0.916447 0.567826
vt 0.964102 0.606220
vt 0.993350 0.553686
vt 0.930456 0.196032
vt 0.910977 0.172350
vt 0.982444 0.086804
vt 0.830735 0.245392
vt 0.828260 0.208243
vt 0.721004 0.226580
vt 0.730550 0.204353
vt 0.666997 0.164269
vt 0.463202 0.661888
vt 0.506625 0.668251
vt 0.462539 0.685489
vt 0.496923 0.637087
vt 0.553512 0.652262
vt 0.548086 0.615410
vt 0.567058 0.626216
vt 0.588105 0.602123
vt 0.015412 0.502424
vt 0.082156 0.507965
vt 0.015412 0.502424
vt 0.010471 0.554540
vt 0.083030 0.569151
vt 0.016543 0.603935
vt 0.067982 0.609304
vt 0.044404 0.616172
vt 0.211461 0.167148
vt 0.230105 0.156124
vt 0.232905 0.124452
vt 0.257678 0.158791
vt 0.252339 0.146482
vt 0.273428 0.137977
vt 0.263200 0.129235
vt 0.031195 0.232279
vt 0.040489 0.238994
vt 0.010951 0.236914
vt 0.040327 0.217781
vt 0.055735 0.222010
vt 0.040327 0.217781
vt 0.051972 0.203653
vt 0.077604 0.110445
vt 0.063527 0.139669
vt 0.055834 0.123182
vt 0.087922 0.128117
vt 0.104381 0.149365
vt 0.127315 0.139092
vt 0.113723 0.189297
vt 0.067591 0.942468
vt 0.119538 0.949759
vt 0.069976 0.916065
vt 0.123243 0.984344
vt 0.152982 0.953711
vt 0.150373 0.984344
vt 0.193373 0.984344
vt 0.920371 0.921232
vt 0.998251 0.918201
vt 0.998251 0.877318
vt 0.919337 0.984344
vt 0.995447 0.993145
vt 0.916862 0.997900
vt 0.995447 0.993145
vt 0.871024 0.583516
vt 0.880303 0.547583
vt 0.844575 0.545758
vt 0.905982 0.603230
vt 0.916447 0.567826
vt 0.964102 0.606220
vt 0.993350 0.553686
vt 0.930456 0.196032
vt 0.910977 0.172350
vt 0.830735 0.245392
vt 0.982444 0.086804
vt 0.970742 0.005670
vt 0.999073 0.009113
vt 0.982444 0.086804
vt 0.228044 0.572443
vt 0.162307 0.586447
vt 0.224179 0.531070
vt 0.234665 0.610109
vt 0.190983 0.619857
vt 0.249806 0.668934
vt 0.205081 0.668934
vt 0.772923 0.703604
vt 0.772923 0.722556
vt 0.803689 0.702162
vt 0.742156 0.701326
vt 0.735815 0.720351
vt 0.697500 0.689490
vt 0.682605 0.705737
vt 0.205677 0.691294
vt 0.205110 0.705864
vt 0.240680 0.685827
vt 0.175058 0.689689
vt 0.168162 0.701179
vt 0.149810 0.673267
vt 0.131406 0.697867
vt 0.865557 0.710003
vt 0.885184 0.706277
vt 0.898784 0.697639
vt 0.871229 0.722077
vt 0.889985 0.717886
vt 0.908766 0.740899
vt 0.922607 0.727597
vt 0.160620 0.718994
vt 0.168162 0.701179
vt 0.131406 0.697867
vt 0.181408 0.725512
vt 0.205110 0.705864
vt 0.194604 0.735048
vt 0.245030 0.710634
vt 0.119538 0.949759
vt 0.158851 0.921970
vt 0.113822 0.918348
vt 0.152982 0.953711
vt 0.196690 0.958747
vt 0.193373 0.984344
vt 0.238725 0.964130
vt 0.970659 0.273082
vt 0.930554 0.296609
vt 0.953310 0.266173
vt 0.958338 0.310377
vt 0.951561 0.321697
vt 0.970086 0.333131
vt 0.956957 0.348574
vt 0.880617 0.253155
vt 0.873250 0.294668
vt 0.855326 0.262929
vt 0.898138 0.293713
vt 0.879449 0.310198
vt 0.923525 0.315576
vt 0.905100 0.353366
vt 0.015412 0.502424
vt 0.082156 0.507965
vt 0.010471 0.554540
vt 0.015412 0.502424
vt 0.086875 0.493094
vt 0.042821 0.439862
vt 0.078421 0.455527
vt 0.476431 0.701102
vt 0.506625 0.668251
vt 0.462539 0.685489
vt 0.512443 0.697485
vt 0.553512 0.652262
vt 0.566016 0.683462
vt 0.587854 0.670290
vt 0.692961 0.133180
vt 0.668820 0.073113
vt 0.726507 0.107524
vt 0.625634 0.104081
vt 0.619600 0.009113
vt 0.590316 0.009113
vt 0.625634 0.104081
vt 0.776736 0.565383
vt 0.678733 0.516702
vt 0.752271 0.453738
vt 0.712488 0.596332
vt 0.664383 0.611336
vt 0.722287 0.617347
vt 0.680323 0.635310
vt 0.120952 0.399213
vt 0.130774 0.445372
vt 0.149018 0.402801
vt 0.092737 0.445207
vt 0.125574 0.493049
vt 0.086875 0.493094
vt 0.101466 0.555583
vt 0.566016 0.683462
vt 0.553512 0.652262
vt 0.587854 0.670290
vt 0.512443 0.697485
vt 0.506625 0.668251
vt 0.476431 0.701102
vt 0.462539 0.685489
vt 0.058242 0.626970
vt 0.058242 0.673266
vt 0.149810 0.626970
vt 0.149810 0.626970
vt 0.149810 0.673267
vt 0.058242 0.673266
vt 0.058242 0.626970
vt 0.058242 0.673266
vt 0.149810 0.626970
vt 0.149810 0.626970
vt 0.149810 0.673267
vt 0.058242 0.673266
vt 0.267426 0.252785
vt 0.338363 0.205591
vt 0.304607 0.163561
vt 0.275824 0.278448
vt 0.372411 0.225361
vt 0.274903 0.312507
vt 0.191935 0.335172
vt 0.112785 0.340966
vt 0.114152 0.380424
vt 0.196979 0.306178
vt 0.112451 0.310694
vt 0.204648 0.264139
vt 0.461406 0.013414
vt 0.511735 0.032162
vt 0.511735 0.032162
vt 0.461406 0.013414
vt 0.461406 0.013414
vt 0.511735 0.032162
vt 0.003477 0.191499
vt 0.003477 0.207716
vt 0.003477 0.207716
vt 0.003477 0.207716
vt 0.003477 0.207716
vt 0.029996 0.206831
vt 0.015653 0.157670
vt 0.012192 0.144861
vt 0.003477 0.160532
vt 0.012192 0.144861
vt 0.003477 0.130992
vt 0.003477 0.130992
vt 0.112451 0.310694
vt 0.112785 0.340966
vt 0.055430 0.317662
vt 0.196979 0.306178
vt 0.191935 0.335172
vt 0.274903 0.312507
vt 0.778216 0.593411
vt 0.712488 0.596332
vt 0.722287 0.617347
vt 0.776736 0.565383
vt 0.678733 0.516702
vt 0.752271 0.453738
vt 0.722287 0.617347
vt 0.664383 0.611336
vt 0.680323 0.635310
vt 0.712488 0.596332
vt 0.633046 0.565334
vt 0.678733 0.516702
vt 0.189179 0.668934
vt 0.190983 0.619857
vt 0.205081 0.668934
vt 0.167959 0.627952
vt 0.162307 0.586447
vt 0.134261 0.599221
vt 0.276961 0.820024
vt 0.276961 0.785933
vt 0.238483 0.820230
vt 0.319774 0.825529
vt 0.312005 0.778873
vt 0.365991 0.775381
vt 0.905028 0.478203
vt 0.880303 0.547583
vt 0.836448 0.459168
vt 0.959899 0.514905
vt 0.916447 0.567826
vt 0.993350 0.553686
vt 0.162307 0.586447
vt 0.228044 0.572443
vt 0.224179 0.531070
vt 0.190983 0.619857
vt 0.234665 0.610109
vt 0.249806 0.668934
vt 0.612568 0.708104
vt 0.611540 0.693661
vt 0.642723 0.704526
vt 0.577779 0.708106
vt 0.590394 0.689932
vt 0.577779 0.708106
vt 0.616011 0.590309
vt 0.587772 0.588600
vt 0.611820 0.573838
vt 0.588105 0.602123
vt 0.566470 0.605102
vt 0.548086 0.615410
vt 0.058242 0.626970
vt 0.058242 0.673266
vt 0.149810 0.626970
vt 0.149810 0.626970
vt 0.149810 0.673267
vt 0.058242 0.626970
vt 0.058242 0.673266
vt 0.149810 0.626970
vt 0.149810 0.626970
vt 0.149810 0.673267
vt 0.379356 0.015613
vt 0.392038 0.063094
vt 0.396419 0.014173
vt 0.363815 0.022804
vt 0.351671 0.034880
vt 0.344388 0.050384
vt 0.392038 0.063094
vt 0.351671 0.034880
vt 0.342845 0.067447
vt 0.347228 0.084010
vt 0.357008 0.098075
vt 0.392038 0.063094
vt 0.347228 0.084010
vt 0.371005 0.107947
vt 0.387532 0.112433
vt 0.404594 0.110994
vt 0.392038 0.063094
vt 0.387532 0.112433
vt 0.420135 0.103803
vt 0.432884 0.082437
vt 0.432884 0.082437
vt 0.392038 0.063094
vt 0.432884 0.082437
vt 0.441105 0.059159
vt 0.436723 0.042597
vt 0.432884 0.021048
vt 0.392038 0.063094
vt 0.436723 0.042597
vt 0.413647 0.017978
vt 0.396419 0.014173
vt 0.396419 0.014173
vt 0.392038 0.063094
vt 0.379356 0.015613
vt 0.413647 0.017978
vt 0.432884 0.021048
vt 0.351671 0.034880
vt 0.392038 0.063094
vt 0.344388 0.050384
vt 0.363815 0.022804
vt 0.379356 0.015613
vt 0.347228 0.084010
vt 0.392038 0.063094
vt 0.357008 0.098075
vt 0.342845 0.067447
vt 0.344388 0.050384
vt 0.387532 0.112433
vt 0.392038 0.063094
vt 0.404594 0.110994
vt 0.371005 0.107947
vt 0.357008 0.098075
vt 0.432884 0.082437
vt 0.392038 0.063094
vt 0.432884 0.082437
vt 0.420135 0.103803
vt 0.404594 0.110994
vt 0.436723 0.042597
vt 0.392038 0.063094
vt 0.432884 0.021048
vt 0.441105 0.059159
vt 0.432884 0.082437
vt 0.241361 0.063985
vt 0.286069 0.085293
vt 0.222569 0.032999
vt 0.262585 0.097512
vt 0.265226 0.116460
vt 0.408307 0.477582
vt 0.494798 0.497870
vt 0.494789 0.455333
vt 0.408645 0.514446
vt 0.494431 0.534723
vt 0.052017 0.376126
vt 0.003477 0.352179
vt 0.003477 0.376302
vt 0.055028 0.349822
vt 0.055430 0.317662
vt 0.188544 0.103126
vt 0.204506 0.072241
vt 0.178324 0.049527
vt 0.188544 0.103126
vt 0.211568 0.081174
vt 0.004853 0.226724
vt 0.010951 0.236914
vt 0.004853 0.226724
vt 0.010951 0.236914
vt 0.005602 0.256827
vt 0.004853 0.008748
vt 0.003477 0.045391
vt 0.030009 0.003447
vt 0.030009 0.003447
vt 0.032810 0.042427
vt 0.287419 0.120144
vt 0.286069 0.085293
vt 0.265226 0.116460
vt 0.297039 0.053073
vt 0.222569 0.032999
vt 0.193347 0.132618
vt 0.211461 0.167148
vt 0.232905 0.124452
vt 0.127315 0.139092
vt 0.156781 0.189041
vt 0.087111 0.088219
vt 0.087111 0.088219
vt 0.077604 0.110445
vt 0.087111 0.088219
vt 0.087111 0.088219
vt 0.356143 0.501864
vt 0.331471 0.494525
vt 0.350211 0.529454
vt 0.365855 0.442409
vt 0.339249 0.409870
vt 0.493526 0.584730
vt 0.493810 0.563981
vt 0.410053 0.548771
vt 0.559474 0.556386
vt 0.553279 0.525006
vt 0.146025 0.269435
vt 0.113030 0.215476
vt 0.096480 0.251895
vt 0.175718 0.218122
vt 0.113723 0.189297
vt 0.031195 0.232279
vt 0.040327 0.217781
vt 0.040327 0.217781
vt 0.031195 0.232279
vt 0.040489 0.238994
vt 0.253024 0.202100
vt 0.211461 0.167148
vt 0.257678 0.158791
vt 0.175718 0.218122
vt 0.156781 0.189041
vt 0.338363 0.205591
vt 0.267426 0.252785
vt 0.304607 0.163561
vt 0.275824 0.278448
vt 0.204648 0.264139
vt 0.222569 0.032999
vt 0.286069 0.085293
vt 0.241361 0.063985
vt 0.297039 0.053073
vt 0.287419 0.120144
vt 0.178324 0.049527
vt 0.188544 0.103126
vt 0.115989 0.099307
vt 0.204506 0.072241
vt 0.188544 0.103126
vt 0.511735 0.032162
vt 0.481296 0.009974
vt 0.524251 0.022081
vt 0.461406 0.013414
vt 0.461406 0.013414
vt 0.087111 0.088219
vt 0.087111 0.088219
vt 0.087111 0.088219
vt 0.087111 0.088219
vt 0.077604 0.110445
vt 0.051774 0.072823
vt 0.051774 0.072823
vt 0.040581 0.075136
vt 0.060063 0.065392
vt 0.070019 0.077174
vt 0.026280 0.149628
vt 0.012192 0.144861
vt 0.003477 0.130992
vt 0.026280 0.149628
vt 0.015653 0.157670
vt 0.093556 0.051382
vt 0.053993 0.040490
vt 0.060492 0.002766
vt 0.072102 0.058862
vt 0.060971 0.055332
vt 0.263200 0.129235
vt 0.232905 0.124452
vt 0.265226 0.116460
vt 0.252339 0.146482
vt 0.230105 0.156124
vt 0.250128 0.080761
vt 0.232905 0.124452
vt 0.211568 0.081174
vt 0.262585 0.097512
vt 0.265226 0.116460
vt 0.536839 0.369230
vt 0.508330 0.323189
vt 0.484417 0.373957
vt 0.534464 0.312445
vt 0.528010 0.301596
vt 0.633996 0.529502
vt 0.619470 0.504789
vt 0.569039 0.575861
vt 0.649893 0.496740
vt 0.607902 0.443791
vt 0.538368 0.290677
vt 0.562222 0.275823
vt 0.526469 0.254237
vt 0.585599 0.323104
vt 0.603760 0.320672
vt 0.026280 0.149628
vt 0.012192 0.144861
vt 0.015653 0.157670
vt 0.026280 0.149628
vt 0.003477 0.130992
vt 0.829543 0.984344
vt 0.919337 0.984344
vt 0.920371 0.921232
vt 0.829741 0.997900
vt 0.916862 0.997900
vt 0.000000 0.994791
vt 0.062976 0.984344
vt 0.000677 0.984344
vt 0.060139 0.997900
vt 0.121916 0.997900
vt 0.726507 0.107524
vt 0.668820 0.073113
vt 0.692961 0.133180
vt 0.749820 0.022783
vt 0.643542 0.009113
vt 0.905028 0.478203
vt 0.880303 0.547583
vt 0.959899 0.514905
vt 0.836448 0.459168
vt 0.844575 0.545758
vt 0.838171 0.128554
vt 0.841651 0.158793
vt 0.897608 0.122165
vt 0.778867 0.127578
vt 0.808569 0.167036
vt 0.925863 0.120613
vt 0.888257 0.103076
vt 0.913463 0.077672
vt 0.891079 0.138927
vt 0.860899 0.121061
vt 0.861607 0.097144
vt 0.888257 0.103076
vt 0.860899 0.121061
vt 0.872708 0.073697
vt 0.913463 0.077672
vt 0.649431 0.262458
vt 0.633130 0.235954
vt 0.670537 0.243465
vt 0.609127 0.256626
vt 0.596633 0.235585
vt 0.604612 0.213997
vt 0.633130 0.235954
vt 0.596633 0.235585
vt 0.630148 0.208000
vt 0.663019 0.222068
vt 0.730550 0.204353
vt 0.731928 0.189443
vt 0.666997 0.164269
vt 0.794933 0.191673
vt 0.756778 0.187455
vt 0.237026 0.894601
vt 0.197304 0.922697
vt 0.240679 0.926535
vt 0.198072 0.892362
vt 0.155869 0.888208
vt 0.751010 0.302479
vt 0.760972 0.322843
vt 0.734828 0.323579
vt 0.766052 0.307464
vt 0.778374 0.322059
vt 0.746747 0.257281
vt 0.751010 0.302479
vt 0.732449 0.274747
vt 0.751354 0.289922
vt 0.766440 0.255722
vt 0.712109 0.291671
vt 0.715794 0.304530
vt 0.692899 0.277190
vt 0.717413 0.253621
vt 0.723798 0.265903
vt 0.678518 0.310757
vt 0.686498 0.320805
vt 0.659043 0.310047
vt 0.667591 0.273277
vt 0.679058 0.284524
vt 0.816318 0.313985
vt 0.792547 0.316316
vt 0.804423 0.305768
vt 0.816318 0.313985
vt 0.794240 0.339825
vt 0.854452 0.332058
vt 0.860327 0.311618
vt 0.873250 0.294668
vt 0.826338 0.301176
vt 0.839639 0.293161
vt 0.577779 0.708106
vt 0.611540 0.693661
vt 0.590394 0.689932
vt 0.612568 0.708104
vt 0.642723 0.704526
vt 0.506625 0.668251
vt 0.496923 0.637087
vt 0.463202 0.661888
vt 0.553512 0.652262
vt 0.548086 0.615410
vt 0.616011 0.590309
vt 0.587772 0.588600
vt 0.588105 0.602123
vt 0.611820 0.573838
vt 0.607877 0.561627
vt 0.083030 0.569151
vt 0.016543 0.603935
vt 0.010471 0.554540
vt 0.067982 0.609304
vt 0.044404 0.616172
vt 0.718781 0.868998
vt 0.718446 0.920986
vt 0.772923 0.868360
vt 0.624811 0.867789
vt 0.625475 0.921232
vt 0.666997 0.164269
vt 0.625634 0.104081
vt 0.692961 0.133180
vt 0.647860 0.192501
vt 0.580871 0.126306
vt 0.913463 0.077672
vt 0.888257 0.103076
vt 0.925863 0.120613
vt 0.872708 0.073697
vt 0.861607 0.097144
vt 0.860899 0.121061
vt 0.888257 0.103076
vt 0.861607 0.097144
vt 0.891079 0.138927
vt 0.925863 0.120613
vt 0.841651 0.158793
vt 0.910977 0.172350
vt 0.828260 0.208243
vt 0.897608 0.122165
vt 0.970742 0.005670
vt 0.670537 0.243465
vt 0.633130 0.235954
vt 0.649431 0.262458
vt 0.663019 0.222068
vt 0.630148 0.208000
vt 0.596633 0.235585
vt 0.633130 0.235954
vt 0.604612 0.213997
vt 0.609127 0.256626
vt 0.649431 0.262458
vt 0.189179 0.668934
vt 0.190983 0.619857
vt 0.167959 0.627952
vt 0.205081 0.668934
vt 0.249806 0.668934
vt 0.721711 0.747565
vt 0.662782 0.729781
vt 0.637079 0.740484
vt 0.735815 0.720351
vt 0.676015 0.714195
vt 0.407595 0.676902
vt 0.385760 0.701179
vt 0.422516 0.697867
vt 0.378863 0.689689
vt 0.348812 0.705864
vt 0.429317 0.705806
vt 0.436193 0.721369
vt 0.445216 0.711495
vt 0.429317 0.705806
vt 0.407143 0.720477
vt 0.960219 0.436949
vt 0.914549 0.392059
vt 0.904588 0.438018
vt 0.957723 0.392689
vt 0.956957 0.348574
vt 0.879449 0.310198
vt 0.873250 0.294668
vt 0.873250 0.294668
vt 0.898138 0.293713
vt 0.880617 0.253155
vt 0.923525 0.315576
vt 0.898138 0.293713
vt 0.879449 0.310198
vt 0.930554 0.296609
vt 0.925608 0.252216
vt 0.766052 0.307464
vt 0.760972 0.322843
vt 0.778374 0.322059
vt 0.751010 0.302479
vt 0.734828 0.323579
vt 0.717413 0.253621
vt 0.715794 0.304530
vt 0.723798 0.265903
vt 0.712109 0.291671
vt 0.692899 0.277190
vt 0.667591 0.273277
vt 0.686498 0.320805
vt 0.679058 0.284524
vt 0.678518 0.310757
vt 0.659043 0.310047
vt 0.751354 0.289922
vt 0.751010 0.302479
vt 0.766440 0.255722
vt 0.746747 0.257281
vt 0.732449 0.274747
vt 0.816318 0.313985
vt 0.792547 0.316316
vt 0.794240 0.339825
vt 0.816318 0.313985
vt 0.804423 0.305768
vt 0.086875 0.493094
vt 0.015412 0.502424
vt 0.082156 0.507965
vt 0.042821 0.439862
vt 0.020701 0.462223
vt 0.514975 0.052206
vt 0.511735 0.032162
vt 0.470085 0.039797
vt 0.544060 0.041385
vt 0.070019 0.077174
vt 0.060063 0.065392
vt 0.070019 0.077174
vt 0.072102 0.058862
vt 0.025152 0.191168
vt 0.015924 0.178265
vt 0.025152 0.191168
vt 0.015924 0.178265
vt 0.019771 0.125793
vt 0.030463 0.117273
vt 0.014892 0.112652
vt 0.030463 0.117273
vt 0.051774 0.072823
vt 0.049839 0.055754
vt 0.040581 0.075136
vt 0.060971 0.055332
vt 0.252339 0.146482
vt 0.232905 0.124452
vt 0.230105 0.156124
vt 0.263200 0.129235
vt 0.387037 0.404235
vt 0.393630 0.323947
vt 0.378055 0.322280
vt 0.405916 0.389916
vt 0.049839 0.055754
vt 0.053993 0.040490
vt 0.060971 0.055332
vt 0.033529 0.060821
vt 0.544060 0.041385
vt 0.511735 0.032162
vt 0.511735 0.032162
vt 0.514975 0.052206
vt 0.029996 0.206831
vt 0.029996 0.206831
vt 0.040327 0.217781
vt 0.003477 0.207716
vt 0.028700 0.082258
vt 0.051007 0.100813
vt 0.019395 0.095522
vt 0.040581 0.075136
vt 0.015924 0.178265
vt 0.025152 0.191168
vt 0.025152 0.191168
vt 0.015924 0.178265
vt 0.921034 0.884980
vt 0.827064 0.868998
vt 0.827399 0.920986
vt 0.920610 0.822880
vt 0.276961 0.968561
vt 0.276961 0.924753
vt 0.240679 0.926535
vt 0.314932 0.922671
vt 0.830735 0.245392
vt 0.828260 0.208243
vt 0.721004 0.226580
vt 0.910977 0.172350
vt 0.959899 0.514905
vt 0.916447 0.567826
vt 0.993350 0.553686
vt 0.880303 0.547583
vt 0.245030 0.710634
vt 0.240680 0.685827
vt 0.205110 0.705864
vt 0.276961 0.687777
vt 0.723798 0.265903
vt 0.732449 0.274747
vt 0.723798 0.265903
vt 0.739265 0.264020
vt 0.679058 0.284524
vt 0.690266 0.288757
vt 0.679058 0.284524
vt 0.692899 0.277190
vt 0.651959 0.322869
vt 0.662533 0.320272
vt 0.651959 0.322869
vt 0.659043 0.310047
vt 0.958338 0.310377
vt 0.997237 0.314022
vt 0.970086 0.333131
vt 0.987720 0.299858
vt 0.769208 0.269115
vt 0.791444 0.260609
vt 0.791444 0.274144
vt 0.766440 0.255722
vt 0.778216 0.593411
vt 0.712488 0.596332
vt 0.776736 0.565383
vt 0.722287 0.617347
vt 0.749820 0.022783
vt 0.838171 0.128554
vt 0.778867 0.127578
vt 0.876355 0.005669
vt 0.162307 0.586447
vt 0.167959 0.627952
vt 0.190983 0.619857
vt 0.134261 0.599221
vt 0.167885 0.371467
vt 0.120952 0.399213
vt 0.149018 0.402801
vt 0.157433 0.371467
vt 0.549806 0.736197
vt 0.480697 0.731260
vt 0.480697 0.731260
vt 0.546922 0.717664
vt 0.372513 0.725512
vt 0.383230 0.727762
vt 0.393301 0.718994
vt 0.359318 0.735048
vt 0.732449 0.274747
vt 0.723798 0.265903
vt 0.723798 0.265903
vt 0.739265 0.264020
vt 0.690266 0.288757
vt 0.679058 0.284524
vt 0.679058 0.284524
vt 0.692899 0.277190
vt 0.930554 0.296609
vt 0.970659 0.273082
vt 0.953310 0.266173
vt 0.958338 0.310377
vt 0.662533 0.320272
vt 0.651959 0.322869
vt 0.651959 0.322869
vt 0.659043 0.310047
vt 0.769208 0.269115
vt 0.791444 0.260609
vt 0.766440 0.255722
vt 0.791444 0.274144
vt 0.826338 0.301176
vt 0.860327 0.311618
vt 0.839639 0.293161
vt 0.854452 0.332058
vt 0.553512 0.652262
vt 0.568941 0.647912
vt 0.587854 0.670290
vt 0.567058 0.626216
vt 0.149810 0.673267
vt 0.149810 0.626970
vt 0.058242 0.673266
vt 0.149810 0.673267
vt 0.149810 0.626970
vt 0.058242 0.673266
vt 0.416655 0.437677
vt 0.408307 0.477582
vt 0.494789 0.455333
vt 0.178324 0.049527
vt 0.115989 0.099307
vt 0.188544 0.103126
vt 0.471984 0.029830
vt 0.511735 0.032162
vt 0.452177 0.023660
vt 0.013534 0.247012
vt 0.010951 0.236914
vt 0.005602 0.256827
vt 0.051972 0.203653
vt 0.040327 0.217781
vt 0.055735 0.222010
vt 0.051774 0.072823
vt 0.040581 0.075136
vt 0.051007 0.100813
vt 0.041781 0.172759
vt 0.038368 0.148416
vt 0.030249 0.169344
vt 0.055834 0.123182
vt 0.063527 0.139669
vt 0.077604 0.110445
vt 0.003477 0.323884
vt 0.003477 0.352179
vt 0.055430 0.317662
vt 0.051972 0.203653
vt 0.041781 0.172759
vt 0.040385 0.196508
vt 0.074365 0.219208
vt 0.055735 0.222010
vt 0.061923 0.251203
vt 0.018421 0.072587
vt 0.028700 0.082258
vt 0.033529 0.060821
vt 0.093556 0.051382
vt 0.053993 0.040490
vt 0.072102 0.058862
vt 0.435801 0.338030
vt 0.429470 0.375666
vt 0.457577 0.326086
vt 0.418623 0.573971
vt 0.493526 0.584730
vt 0.410053 0.548771
vt 0.032810 0.042427
vt 0.033529 0.060821
vt 0.053993 0.040490
vt 0.003477 0.070402
vt 0.018421 0.072587
vt 0.003477 0.045391
vt 0.003477 0.376302
vt 0.003477 0.352179
vt 0.052017 0.376126
vt 0.013534 0.247012
vt 0.010951 0.236914
vt 0.040489 0.238994
vt 0.471984 0.029830
vt 0.470085 0.039797
vt 0.452177 0.023660
vt 0.041781 0.172759
vt 0.030249 0.169344
vt 0.038368 0.148416
vt 0.015653 0.157670
vt 0.003477 0.160532
vt 0.012192 0.144861
vt 0.126896 0.008321
vt 0.093556 0.051382
vt 0.060492 0.002766
vt 0.492175 0.425003
vt 0.494789 0.455333
vt 0.537031 0.408125
vt 0.484417 0.373957
vt 0.508330 0.323189
vt 0.484133 0.330670
vt 0.055028 0.349822
vt 0.055430 0.317662
vt 0.112785 0.340966
vt 0.372411 0.225361
vt 0.275824 0.278448
vt 0.338363 0.205591
vt 0.048139 0.267058
vt 0.078950 0.279021
vt 0.034772 0.283364
vt 0.003477 0.130992
vt 0.019771 0.125793
vt 0.026280 0.149628
vt 0.067591 0.942468
vt 0.069976 0.916065
vt 0.000677 0.918201
vt 0.113822 0.918348
vt 0.069976 0.916065
vt 0.119538 0.949759
vt 0.829741 0.997900
vt 0.829543 0.984344
vt 0.772923 0.997900
vt 0.837791 0.580761
vt 0.871024 0.583516
vt 0.844575 0.545758
vt 0.908097 0.682986
vt 0.943246 0.637302
vt 0.879372 0.660450
vt 0.633130 0.235954
vt 0.663019 0.222068
vt 0.670537 0.243465
vt 0.242131 0.371467
vt 0.233832 0.407160
vt 0.218437 0.371467
vt 0.324711 0.371467
vt 0.324711 0.411080
vt 0.242131 0.371467
vt 0.000677 0.736197
vt 0.003832 0.768698
vt 0.073224 0.731260
vt 0.003832 0.768698
vt 0.000677 0.814681
vt 0.078707 0.774336
vt 0.998251 0.771869
vt 0.998251 0.736197
vt 0.921996 0.779776
vt 0.898784 0.697639
vt 0.898784 0.697639
vt 0.885184 0.706277
vt 0.135314 0.542484
vt 0.101466 0.555583
vt 0.125574 0.493049
vt 0.157433 0.371467
vt 0.167885 0.371467
vt 0.120952 0.399213
vt 0.000677 0.814681
vt 0.000677 0.870164
vt 0.081272 0.817165
vt 0.108705 0.711495
vt 0.073224 0.731260
vt 0.117729 0.721369
vt 0.165950 0.858532
vt 0.121126 0.859574
vt 0.155869 0.888208
vt 0.237026 0.894601
vt 0.240679 0.926535
vt 0.276961 0.892379
vt 0.131406 0.697867
vt 0.124604 0.705806
vt 0.160620 0.718994
vt 0.826010 0.438912
vt 0.825316 0.390979
vt 0.862359 0.437908
vt 0.862359 0.437908
vt 0.863947 0.390338
vt 0.904588 0.438018
vt 0.790483 0.395878
vt 0.749687 0.399529
vt 0.769558 0.352308
vt 0.778374 0.322059
vt 0.794240 0.339825
vt 0.760972 0.322843
vt 0.690266 0.288757
vt 0.692899 0.277190
vt 0.715794 0.304530
vt 0.662533 0.320272
vt 0.659043 0.310047
vt 0.686498 0.320805
vt 0.651959 0.322869
vt 0.673355 0.341001
vt 0.639829 0.318836
vt 0.769208 0.269115
vt 0.769208 0.269115
vt 0.774885 0.280292
vt 0.791444 0.287680
vt 0.778254 0.308947
vt 0.774885 0.280292
vt 0.652808 0.399625
vt 0.656809 0.360855
vt 0.685627 0.400343
vt 0.083030 0.569151
vt 0.010471 0.554540
vt 0.082156 0.507965
vt 0.640360 0.689039
vt 0.611540 0.693661
vt 0.642723 0.704526
vt 0.462539 0.685489
vt 0.506625 0.668251
vt 0.463202 0.661888
vt 0.577779 0.708106
vt 0.577779 0.708106
vt 0.590394 0.689932
vt 0.020701 0.462223
vt 0.042821 0.439862
vt 0.015412 0.502424
vt 0.772923 0.925012
vt 0.772923 0.868360
vt 0.718446 0.920986
vt 0.908097 0.682986
vt 0.879372 0.660450
vt 0.943246 0.637302
vt 0.625634 0.104081
vt 0.580871 0.126306
vt 0.590316 0.009113
vt 0.844575 0.545758
vt 0.836448 0.459168
vt 0.880303 0.547583
vt 0.633046 0.565334
vt 0.678733 0.516702
vt 0.664383 0.611336
vt 0.970742 0.005670
vt 0.982444 0.086804
vt 0.910977 0.172350
vt 0.604612 0.213997
vt 0.633130 0.235954
vt 0.630148 0.208000
vt 0.772923 0.789381
vt 0.772923 0.750093
vt 0.712689 0.787168
vt 0.422480 0.734844
vt 0.436193 0.721369
vt 0.407143 0.720477
vt 0.319774 0.825529
vt 0.276961 0.820024
vt 0.318937 0.857578
vt 0.640360 0.689039
vt 0.660457 0.708637
vt 0.640360 0.689039
vt 0.135314 0.542484
vt 0.125574 0.493049
vt 0.101466 0.555583
vt 0.647860 0.192501
vt 0.666997 0.164269
vt 0.721004 0.226580
vt 0.735815 0.720351
vt 0.721711 0.747565
vt 0.772923 0.722556
vt 0.445216 0.711495
vt 0.436193 0.721369
vt 0.480697 0.731260
vt 0.790483 0.395878
vt 0.749687 0.399529
vt 0.795199 0.443299
vt 0.854452 0.332058
vt 0.863947 0.390338
vt 0.905100 0.353366
vt 0.778374 0.322059
vt 0.760972 0.322843
vt 0.794240 0.339825
vt 0.906597 0.253034
vt 0.898138 0.293713
vt 0.925608 0.252216
vt 0.690266 0.288757
vt 0.715794 0.304530
vt 0.692899 0.277190
vt 0.662533 0.320272
vt 0.686498 0.320805
vt 0.659043 0.310047
vt 0.651959 0.322869
vt 0.639829 0.318836
vt 0.673355 0.341001
vt 0.769208 0.269115
vt 0.774885 0.280292
vt 0.769208 0.269115
vt 0.791444 0.287680
vt 0.774885 0.280292
vt 0.778254 0.308947
vt 0.855326 0.262929
vt 0.873250 0.294668
vt 0.880617 0.253155
vt 0.652808 0.399625
vt 0.685627 0.400343
vt 0.656809 0.360855
vt 0.640360 0.689039
vt 0.642723 0.704526
vt 0.611540 0.693661
vt 0.611820 0.573838
vt 0.587772 0.588600
vt 0.607877 0.561627
vt 0.078421 0.455527
vt 0.042821 0.439862
vt 0.086875 0.493094
vt 0.170691 0.727762
vt 0.135617 0.745159
vt 0.194604 0.735048
vn 0.5289 -0.4883 -0.6941
vn 0.6666 -0.2988 -0.6829
vn -0.3353 0.1665 -0.9273
vn 0.5415 -0.5115 -0.6672
vn 0.4408 -0.3870 -0.8099
vn 0.5821 -0.6881 -0.4333
vn 0.4150 -0.5210 -0.7459
vn -0.0913 -0.6658 -0.7405
vn -0.4454 -0.2879 -0.8478
vn 0.3367 -0.3669 -0.8672
vn -0.2423 0.3166 -0.9171
vn 0.3303 -0.3328 -0.8833
vn 0.4620 -0.6908 -0.5562
vn 0.3497 -0.4920 -0.7973
vn 0.2333 -0.7204 -0.6532
vn 0.3231 -0.3943 -0.8603
vn 0.1371 -0.6944 -0.7064
vn 0.3361 -0.3849 -0.8596
vn 0.0554 -0.5456 -0.8362
vn 0.2717 -0.6669 -0.6938
vn -0.0047 -0.6467 -0.7627
vn -0.0113 -0.9466 -0.3221
vn -0.2933 -0.6637 -0.6881
vn -0.4920 -0.8512 -0.1827
vn -0.8227 -0.2431 -0.5139
vn -0.7842 -0.5138 -0.3478
vn -0.3310 -0.3623 -0.8713
vn -0.5959 -0.7404 -0.3109
vn -0.3285 -0.8034 -0.4967
vn -0.7506 -0.6592 -0.0451
vn -0.7509 -0.5815 -0.3132
vn -0.8162 -0.5697 0.0967
vn -0.9943 0.0836 -0.0661
vn -0.8901 -0.4217 -0.1730
vn -0.9070 0.0917 -0.4110
vn -0.5689 -0.5740 -0.5890
vn -0.5207 -0.0034 -0.8538
vn 0.0415 -0.5917 -0.8051
vn 0.0079 0.1681 -0.9857
vn 0.5300 -0.0180 -0.8478
vn 0.4905 0.5483 -0.6773
vn 0.9138 0.0665 -0.4008
vn 0.7951 0.5674 -0.2141
vn 0.9969 0.0560 -0.0549
vn 0.6267 0.7054 -0.3313
vn 0.5675 -0.3902 -0.7251
vn 0.3668 -0.4676 -0.8043
vn 0.2492 -0.4221 -0.8716
vn 0.3624 -0.2699 -0.8921
vn 0.3583 -0.2139 -0.9088
vn -0.9985 0.0214 -0.0513
vn 0.2628 -0.7408 -0.6181
vn -0.1143 -0.9547 0.2746
vn 0.2479 -0.7626 -0.5975
vn -0.1209 -0.9305 0.3458
vn 0.2033 -0.7504 -0.6289
vn -0.0080 -0.9514 0.3077
vn -0.0097 -0.7860 -0.6182
vn -0.8061 0.0625 -0.5885
vn -0.8227 -0.2430 -0.5139
vn -0.5775 0.3692 -0.7281
vn -0.3451 -0.3324 -0.8777
vn -0.3165 0.4472 -0.8366
vn -0.3558 -0.4425 -0.8232
vn -0.3985 -0.3892 -0.8305
vn -0.5098 -0.6588 -0.5532
vn -0.5869 -0.4794 -0.6524
vn -0.5736 -0.5987 -0.5591
vn -0.5213 -0.5120 -0.6827
vn -0.6387 -0.6434 -0.4220
vn -0.6029 -0.6681 -0.4362
vn -0.7958 -0.4804 -0.3685
vn -0.6803 -0.6515 -0.3358
vn -0.7973 -0.5453 -0.2588
vn 0.2011 -0.8003 -0.5648
vn 0.4909 -0.7615 0.4233
vn -0.6221 -0.5500 -0.5571
vn -0.6204 -0.7803 -0.0785
vn -0.7048 -0.5120 -0.4910
vn -0.6729 -0.6521 0.3492
vn -0.8511 -0.5106 0.1220
vn -0.0141 -0.2141 0.9767
vn -0.4205 0.3593 0.8331
vn -0.7919 -0.5782 0.1965
vn -0.8742 -0.4776 0.0878
vn -0.7116 -0.6805 0.1748
vn -0.6808 -0.7243 -0.1091
vn -0.7426 -0.6675 -0.0542
vn -0.6280 -0.6378 -0.4458
vn -0.6950 -0.5514 -0.4614
vn -0.4288 -0.5765 -0.6955
vn -0.4849 -0.4860 -0.7271
vn -0.3285 -0.5892 -0.7382
vn -0.2782 -0.6798 -0.6786
vn -0.3790 -0.5244 -0.7625
vn -0.3521 -0.5972 -0.7207
vn -0.3084 -0.6098 -0.7301
vn -0.2531 -0.6181 -0.7443
vn -0.4849 -0.4861 -0.7271
vn -0.4403 0.1574 -0.8839
vn -0.6550 0.2078 -0.7265
vn -0.3058 0.6625 -0.6838
vn -0.5834 0.5375 -0.6088
vn 0.0046 0.6412 0.7674
vn 0.0032 -0.1708 -0.9853
vn -0.2116 0.7360 0.6431
vn 0.2248 0.7299 0.6456
vn -0.2538 -0.3189 -0.9132
vn 0.1730 0.8695 0.4626
vn -0.3614 -0.2600 -0.8955
vn 0.9990 -0.0047 -0.0443
vn -0.3576 -0.2042 -0.9113
vn -0.2831 -0.7188 -0.6350
vn -0.3273 -0.4924 -0.8065
vn -0.4245 -0.5691 -0.7042
vn -0.4065 -0.4967 -0.7669
vn -0.0294 -0.4179 -0.9080
vn -0.0052 -0.6223 -0.7828
vn 0.3076 -0.6129 -0.7278
vn 0.2950 -0.5487 -0.7822
vn 0.2580 -0.7084 -0.6570
vn 0.4757 -0.5202 -0.7093
vn 0.3026 -0.6239 -0.7205
vn 0.3861 -0.6013 -0.6996
vn 0.4071 -0.4569 -0.7909
vn 0.6076 -0.6584 -0.4443
vn 0.4559 -0.4671 -0.7576
vn 0.6226 -0.6998 -0.3502
vn 0.5565 -0.7409 -0.3759
vn 0.6733 -0.7117 -0.2003
vn 0.7052 -0.6583 -0.2634
vn 0.6959 -0.5314 -0.4831
vn 0.7268 -0.5421 -0.4217
vn 0.7399 -0.4765 -0.4749
vn -0.0733 -0.8646 -0.4970
vn 0.6129 -0.5672 -0.5501
vn -0.4190 -0.8414 0.3413
vn 0.5994 -0.7973 -0.0716
vn -0.1360 -0.5620 0.8159
vn 0.6506 -0.6704 0.3567
vn -0.0035 -0.2238 0.9746
vn 0.8352 -0.5340 0.1315
vn 0.4210 0.3477 0.8378
vn 0.9334 -0.3564 -0.0405
vn 0.8740 -0.4589 0.1595
vn 0.7588 -0.4413 -0.4790
vn 0.6734 -0.7117 -0.2003
vn 0.6959 -0.5314 -0.4830
vn 0.9923 0.0502 0.1128
vn 0.9779 -0.1487 -0.1470
vn 0.9628 -0.2257 0.1488
vn 0.9799 0.0103 -0.1993
vn 0.8882 -0.2144 -0.4065
vn 0.9144 -0.0056 -0.4047
vn 0.7403 -0.1836 -0.6467
vn 0.7492 0.2121 -0.6275
vn 0.5756 0.0775 -0.8140
vn 0.4914 0.5192 -0.6993
vn 0.3179 0.2788 -0.9062
vn 0.2069 0.6628 -0.7196
vn 0.0000 0.5947 -0.8040
vn -0.0000 0.8510 -0.5251
vn -0.2069 0.6628 -0.7197
vn -0.2945 0.8565 -0.4239
vn -0.4902 0.5200 -0.6995
vn -0.6543 0.5523 -0.5165
vn -0.7468 0.2151 -0.6293
vn -0.8622 0.3805 -0.3344
vn -0.9132 -0.0011 -0.4075
vn -0.9792 0.0151 -0.2024
vn -0.8875 -0.2084 -0.4109
vn -0.9781 -0.1421 -0.1519
vn -0.9215 -0.3475 -0.1734
vn -0.9650 -0.2193 0.1440
vn -0.8728 -0.4751 0.1117
vn -0.6777 -0.4734 0.5627
vn -0.6242 -0.6447 0.4413
vn -0.3280 -0.5001 0.8014
vn -0.3166 -0.6215 0.7166
vn -0.0031 -0.4943 0.8693
vn -0.0048 -0.6121 0.7908
vn 0.3071 -0.6242 0.7184
vn -0.0065 -0.6974 0.7167
vn 0.3046 -0.7066 0.6387
vn -0.0072 -0.6898 0.7240
vn 0.2913 -0.7878 0.5427
vn 0.4622 -0.5854 0.6661
vn 0.6579 -0.6053 0.4481
vn 0.4944 -0.8139 0.3053
vn 0.6052 -0.7936 -0.0619
vn 0.3535 -0.9167 -0.1864
vn -0.1853 -0.6864 -0.7033
vn -0.0660 -0.9825 -0.1744
vn 0.1907 -0.9339 -0.3023
vn -0.3311 -0.6783 -0.6560
vn -0.3424 -0.9354 -0.0884
vn -0.4719 -0.6192 -0.6276
vn -0.6002 -0.7978 -0.0566
vn -0.5948 -0.5087 -0.6225
vn -0.8032 -0.5898 -0.0841
vn -0.6681 -0.3766 -0.6417
vn -0.9254 -0.3376 -0.1722
vn -0.6905 -0.2491 -0.6791
vn -0.9501 -0.0833 -0.3007
vn -0.6742 -0.1167 -0.7293
vn -0.8845 0.1478 -0.4425
vn -0.6085 0.0100 -0.7935
vn -0.7546 0.2874 -0.5899
vn -0.4949 0.0583 -0.8670
vn -0.5130 0.3621 -0.7783
vn -0.3432 0.1172 -0.9319
vn -0.2432 0.4661 -0.8507
vn -0.2203 0.1332 -0.9663
vn -0.0345 0.4154 -0.9090
vn -0.0841 0.0755 -0.9936
vn 0.1961 0.2911 -0.9364
vn 0.0292 -0.0232 -0.9993
vn 0.3848 0.1072 -0.9167
vn 0.1062 -0.1513 -0.9828
vn 0.5115 -0.1184 -0.8511
vn 0.1380 -0.2939 -0.9458
vn 0.5601 -0.3631 -0.7446
vn 0.1204 -0.4345 -0.8926
vn 0.5212 -0.5999 -0.6071
vn 0.0550 -0.5561 -0.8293
vn 0.3943 -0.7994 -0.4534
vn -0.0511 -0.6437 -0.7636
vn 0.1907 -0.9339 -0.3024
vn -0.1852 -0.6864 -0.7033
vn -0.2132 -0.9284 -0.3045
vn 0.1619 -0.6931 -0.7024
vn 0.0298 -0.6454 -0.7633
vn 0.0407 -0.9839 -0.1739
vn 0.3078 -0.6907 -0.6544
vn 0.3174 -0.9445 -0.0846
vn 0.4493 -0.6379 -0.6254
vn 0.5788 -0.8139 -0.0502
vn 0.5690 -0.5414 -0.6190
vn 0.7887 -0.6101 -0.0755
vn 0.6517 -0.4129 -0.6363
vn 0.9191 -0.3619 -0.1560
vn 0.6876 -0.2688 -0.6746
vn 0.9546 -0.1038 -0.2792
vn 0.6725 -0.1268 -0.7292
vn 0.8947 0.1304 -0.4272
vn 0.6088 -0.0042 -0.7933
vn 0.7691 0.2669 -0.5808
vn 0.5011 0.0391 -0.8645
vn 0.5317 0.3487 -0.7718
vn 0.3521 0.1040 -0.9302
vn 0.2655 0.4600 -0.8473
vn 0.2300 0.1247 -0.9652
vn 0.0558 0.4152 -0.9080
vn 0.0918 0.0723 -0.9932
vn -0.1781 0.2972 -0.9381
vn -0.0252 -0.0220 -0.9994
vn -0.3721 0.1184 -0.9206
vn -0.1073 -0.1471 -0.9833
vn -0.5057 -0.1038 -0.8564
vn -0.1448 -0.2885 -0.9465
vn -0.5622 -0.3473 -0.7505
vn -0.1329 -0.4296 -0.8932
vn -0.5312 -0.5852 -0.6127
vn -0.0724 -0.5536 -0.8296
vn -0.4114 -0.7882 -0.4576
vn 0.0299 -0.6453 -0.7633
vn -0.2131 -0.9284 -0.3044
vn -0.4176 -0.5978 0.6843
vn -0.8558 -0.4942 0.1530
vn -0.8134 -0.2420 0.5289
vn -0.3885 -0.5838 0.7129
vn -0.9322 -0.3620 0.0051
vn -0.4716 -0.3870 0.7923
vn -0.9775 -0.1738 0.1196
vn -0.3615 -0.4503 0.8164
vn -0.9900 -0.1193 -0.0750
vn -0.6700 -0.6797 0.2986
vn -0.9468 -0.0226 -0.3210
vn -0.9049 -0.3623 -0.2233
vn -0.8113 -0.2970 -0.5036
vn -0.5032 -0.8626 0.0520
vn -0.4433 -0.5558 -0.7033
vn -0.1215 -0.8363 -0.5346
vn -0.0540 -0.3228 -0.9449
vn 0.2885 -0.6496 -0.7034
vn 0.3415 -0.2286 -0.9117
vn 0.6382 -0.5387 -0.5500
vn 0.8039 -0.0788 -0.5895
vn 0.9586 -0.1277 -0.2545
vn 0.9669 0.0979 -0.2354
vn 0.9856 -0.1625 0.0459
vn 0.9845 0.0142 0.1749
vn 0.4215 -0.4164 0.8056
vn 0.6065 -0.3482 0.7148
vn -0.0273 -0.4348 0.9001
vn 0.4494 -0.6183 0.6447
vn -0.0721 -0.7242 0.6859
vn 0.4648 -0.6299 0.6222
vn -0.0944 -0.7131 0.6947
vn -0.1096 -0.2465 0.9629
vn -0.4565 -0.0890 0.8852
vn -0.8134 -0.2419 0.5290
vn -0.5499 -0.3339 0.7656
vn -0.6847 -0.4005 0.6089
vn 0.5361 -0.4332 -0.7245
vn 0.1507 -0.9787 -0.1391
vn 0.1089 -0.9624 -0.2489
vn 0.5630 -0.4579 -0.6880
vn 0.1355 -0.9779 -0.1590
vn 0.8073 -0.1690 -0.5654
vn 0.5517 -0.7624 0.3382
vn 0.8799 0.3751 -0.2917
vn 0.4987 -0.8647 -0.0590
vn 0.2352 -0.3280 -0.9149
vn -0.2620 -0.8626 -0.4327
vn -0.8784 -0.1063 -0.4660
vn -0.5615 -0.8031 0.1991
vn -0.9113 0.0674 -0.4062
vn 0.1354 -0.9779 -0.1590
vn 0.1012 -0.2237 -0.9694
vn 0.0730 -0.9558 -0.2849
vn 0.4469 -0.8497 -0.2798
vn -0.2604 -0.8682 0.4225
vn -0.3060 -0.8345 0.4582
vn -0.5418 -0.7954 0.2715
vn -0.7711 0.2517 0.5849
vn -0.2495 0.8935 -0.3733
vn -0.9818 -0.0634 0.1791
vn -0.6937 -0.3540 -0.6273
vn -0.0839 -0.9158 -0.3927
vn 0.3874 -0.9044 -0.1786
vn 0.4864 -0.0265 -0.8734
vn 0.4089 0.4862 -0.7723
vn -0.3376 -0.9222 -0.1886
vn -0.6598 -0.2992 -0.6894
vn -0.5860 -0.3920 -0.7092
vn -0.3231 -0.9230 -0.2091
vn -0.8411 0.0219 -0.5404
vn -0.6759 -0.6656 0.3164
vn -0.8011 0.5513 -0.2332
vn -0.6551 -0.7504 -0.0879
vn -0.3201 -0.2188 -0.9218
vn 0.0808 -0.8669 -0.4919
vn 0.8281 -0.2390 -0.5072
vn 0.4048 -0.9052 0.1294
vn 0.8951 -0.0787 -0.4389
vn -0.3230 -0.9230 -0.2091
vn -0.1705 -0.1381 -0.9756
vn -0.2613 -0.9049 -0.3360
vn -0.6080 -0.7312 -0.3094
vn 0.1035 -0.9268 0.3609
vn 0.1557 -0.9047 0.3966
vn 0.3890 -0.8986 0.2029
vn 0.8218 0.0647 0.5661
vn 0.4032 0.8530 -0.3314
vn 0.9568 -0.2576 0.1346
vn 0.5951 -0.4368 -0.6746
vn -0.1029 -0.8883 -0.4477
vn -0.5570 -0.8025 -0.2140
vn -0.5083 0.1212 -0.8526
vn -0.3320 0.6027 -0.7256
vn -0.1705 -0.1382 -0.9756
vn 0.5519 -0.7414 0.3817
vn 0.1683 -0.8928 0.4178
vn 0.1952 -0.8825 0.4278
vn 0.6614 0.1222 0.7400
vn 0.9220 -0.1512 0.3564
vn 0.3798 0.9014 -0.2079
vn 0.7664 -0.3362 -0.5473
vn -0.2644 -0.0131 -0.9643
vn 0.0688 -0.8718 -0.4851
vn -0.3368 -0.8618 -0.3793
vn 0.4115 -0.8670 0.2809
vn 0.5519 -0.7414 0.3818
vn 0.5388 -0.7151 0.4453
vn 0.2321 -0.8067 0.5435
vn 0.6081 -0.4951 0.6206
vn 0.1802 -0.8636 0.4708
vn 0.3626 0.1666 0.9170
vn 0.8171 -0.0517 0.5741
vn 0.2800 0.9562 -0.0848
vn 0.9437 -0.1716 -0.2829
vn 0.0717 0.0258 -0.9971
vn 0.3870 -0.7972 -0.4634
vn -0.0510 -0.8697 -0.4909
vn -0.6648 -0.6002 0.4447
vn -0.3193 -0.7854 0.5303
vn -0.3566 -0.7155 0.6007
vn -0.1332 -0.8903 -0.4355
vn -0.5483 -0.7346 -0.3996
vn -0.1067 -0.0183 -0.9941
vn -0.9699 -0.0055 -0.2432
vn -0.0991 0.9855 -0.1375
vn -0.7880 0.1372 0.6002
vn -0.2868 0.2846 0.9147
vn -0.3193 -0.7853 0.5304
vn -0.6640 -0.3344 0.6688
vn -0.3566 -0.7155 0.6008
vn -0.6445 -0.5732 0.5060
vn -0.6649 -0.6001 0.4447
vn -0.5548 -0.7557 0.3480
vn -0.3394 -0.8035 0.4891
vn -0.3153 -0.8193 0.4790
vn 0.1534 -0.9303 -0.3332
vn -0.2509 -0.8693 -0.4259
vn 0.2173 -0.1182 -0.9689
vn -0.8378 -0.2156 -0.5016
vn -0.2125 0.9436 -0.2539
vn -0.9185 0.0471 0.3926
vn -0.5957 0.2878 0.7499
vn -0.3153 -0.8192 0.4790
vn -0.6649 -0.6002 0.4447
vn 0.2944 0.8564 -0.4241
vn -0.0000 0.8510 -0.5252
vn -0.0000 0.8613 -0.5081
vn -0.3333 0.7585 -0.5600
vn -0.4050 0.8742 -0.2680
vn -0.5629 0.7646 -0.3138
vn -0.7639 0.5888 -0.2640
vn -0.7288 0.6814 -0.0670
vn -0.9469 0.2930 -0.1322
vn -0.9022 0.4129 0.1248
vn -0.9924 0.0550 0.1098
vn -0.7773 0.3320 0.5344
vn -0.7811 0.0209 0.6241
vn -0.4195 0.3355 0.8435
vn -0.3538 -0.0576 0.9335
vn -0.0000 0.3044 0.9526
vn -0.0000 -0.0166 0.9999
vn 0.3537 -0.0577 0.9336
vn -0.0003 -0.2847 0.9586
vn 0.3831 -0.3247 0.8648
vn 0.3220 -0.5020 0.8027
vn 0.6709 -0.4787 0.5663
vn 0.6148 -0.6507 0.4456
vn 0.8683 -0.4822 0.1168
vn 0.7808 -0.6162 0.1031
vn -0.2216 0.6868 0.6923
vn -0.3498 0.9359 0.0405
vn -0.8361 0.5302 0.1408
vn 0.2911 0.8460 -0.4467
vn -0.8609 0.4916 -0.1313
vn 0.2166 0.1537 -0.9641
vn -0.7049 0.6881 -0.1723
vn -0.3763 -0.0773 -0.9233
vn -0.5504 0.7856 -0.2825
vn -0.9480 0.1621 -0.2740
vn -0.8528 0.5201 -0.0473
vn -0.7501 0.6613 -0.0028
vn -0.3499 0.9359 0.0405
vn -0.6662 0.6330 0.3944
vn 0.0496 0.8708 0.4891
vn -0.0415 0.7786 0.6262
vn -0.0000 0.8485 0.5292
vn -0.0000 0.7635 0.6458
vn 0.0417 0.7786 0.6261
vn 0.5558 0.4699 0.6858
vn 0.6664 0.6333 0.3935
vn 0.9452 0.2766 0.1732
vn 0.7662 0.6403 -0.0537
vn 0.8531 0.5216 -0.0106
vn 0.8161 0.4852 0.3138
vn 0.9364 0.2888 -0.1991
vn 0.2032 -0.7504 -0.6289
vn -0.0252 -0.6404 -0.7677
vn 0.2754 -0.6629 -0.6963
vn 0.3905 -0.5041 -0.7703
vn 0.4069 -0.5979 -0.6906
vn 0.4308 -0.4944 -0.7550
vn 0.3273 -0.5162 -0.7915
vn 0.4076 -0.3719 -0.8340
vn 0.2488 -0.5003 -0.8293
vn 0.5675 -0.3902 -0.7250
vn 0.1898 -0.5885 -0.7859
vn 0.7378 -0.6021 -0.3050
vn 0.1329 -0.6634 -0.7364
vn 0.3116 -0.8123 -0.4931
vn -0.0567 -0.8654 -0.4979
vn 0.3366 -0.3670 -0.8672
vn -0.1264 -0.7766 -0.6172
vn -0.0913 -0.6657 -0.7406
vn 0.2635 -0.7004 -0.6633
vn 0.5821 -0.6880 -0.4333
vn 0.6135 -0.7103 -0.3452
vn 0.7052 -0.6583 -0.2633
vn 0.7269 -0.5421 -0.4217
vn 0.3186 0.2884 0.9029
vn 0.3689 -0.4916 0.7888
vn -0.1905 0.6822 0.7059
vn 0.2321 0.8452 0.4814
vn 0.7673 -0.2739 0.5799
vn 0.2761 0.8075 0.5213
vn 0.7564 -0.6540 -0.0082
vn 0.1711 0.8429 0.5102
vn 0.5439 -0.7846 -0.2977
vn 0.3063 0.8984 0.3148
vn 0.4450 -0.7160 -0.5378
vn 0.4696 0.1694 -0.8665
vn 0.1322 -0.6545 -0.7444
vn -0.2142 0.9733 -0.0829
vn -0.3663 -0.5895 -0.7199
vn -0.2218 0.9196 0.3242
vn -0.4894 -0.6266 -0.6066
vn -0.2505 0.9270 0.2790
vn -0.5235 -0.4936 -0.6944
vn -0.8670 0.0092 -0.4983
vn -0.5014 -0.3857 -0.7745
vn -0.9478 -0.3086 -0.0805
vn -0.7271 -0.6823 0.0765
vn -0.4424 -0.6712 0.5947
vn -0.2186 -0.7889 0.5743
vn 0.5338 -0.3605 0.7650
vn 0.8252 -0.4968 0.2688
vn 0.3319 -0.5118 0.7924
vn 0.9861 -0.1659 -0.0099
vn 0.5695 -0.5356 -0.6235
vn 0.8627 -0.0199 -0.5053
vn 0.6072 -0.6064 -0.5134
vn 0.0947 0.9943 -0.0491
vn 0.5932 -0.7067 -0.3856
vn 0.0667 0.9978 -0.0031
vn 0.4678 -0.7286 -0.5003
vn 0.0576 0.9127 -0.4047
vn -0.0135 -0.8750 -0.4839
vn -0.4759 -0.2005 -0.8563
vn -0.3159 -0.9133 -0.2571
vn -0.4510 0.8924 0.0145
vn -0.4067 -0.9136 -0.0043
vn -0.3120 0.9261 0.2122
vn -0.6421 -0.7300 0.2341
vn -0.4101 0.8804 0.2380
vn -0.7234 -0.1842 0.6654
vn -0.3721 0.9093 0.1865
vn -0.2990 -0.2561 0.9192
vn -0.3758 0.5158 0.7699
vn 0.0672 0.8973 0.4362
vn -0.3556 -0.3907 -0.8491
vn -0.2525 -0.4147 -0.8742
vn -0.2543 -0.4930 -0.8320
vn -0.5700 -0.3744 -0.7313
vn -0.1979 -0.5829 -0.7881
vn -0.7508 -0.5815 -0.3132
vn -0.1432 -0.6595 -0.7380
vn 0.0383 -0.8667 -0.4973
vn -0.3310 -0.3622 -0.8713
vn 0.1118 -0.7798 -0.6159
vn 0.0827 -0.6538 -0.7522
vn -0.2757 -0.6928 -0.6664
vn -0.6029 -0.6680 -0.4361
vn -0.5727 -0.7252 -0.3822
vn -0.6114 -0.7090 -0.3514
vn -0.7202 -0.6385 -0.2714
vn -0.7368 -0.5218 -0.4300
vn -0.7049 -0.5120 -0.4910
vn -0.7473 -0.4560 -0.4833
vn -0.6222 -0.5500 -0.5571
vn 0.0004 0.2920 -0.9564
vn 0.0008 -0.2840 -0.9588
vn -0.3166 0.2793 -0.9065
vn -0.3324 -0.2619 -0.9061
vn -0.5734 0.0795 -0.8154
vn -0.5444 -0.2303 -0.8066
vn -0.7389 -0.1802 -0.6492
vn -0.4939 -0.4270 -0.7574
vn -0.6718 -0.4183 -0.6113
vn -0.5318 -0.5843 -0.6130
vn -0.7256 -0.5036 -0.4689
vn -0.6264 -0.6597 -0.4151
vn -0.8066 -0.5740 -0.1409
vn -0.7323 -0.6674 -0.1355
vn -0.7875 -0.6086 0.0977
vn -0.7710 -0.6061 0.1954
vn -0.5040 -0.6552 0.5627
vn -0.3166 -0.6216 0.7166
vn -0.3171 -0.7033 0.6363
vn -0.0066 -0.6974 0.7167
vn -0.0072 -0.6897 0.7240
vn 0.3878 -0.7308 0.5617
vn 0.6081 -0.4952 0.6205
vn 0.5389 -0.7151 0.4453
vn 0.1881 -0.8677 0.4601
vn 0.3683 -0.7877 -0.4938
vn 0.7727 -0.5986 -0.2114
vn 0.5476 0.1479 -0.8236
vn 0.9764 0.0586 0.2081
vn 0.0503 0.9947 0.0900
vn 0.4749 0.0410 0.8791
vn -0.1466 0.1125 0.9828
vn 0.0468 0.2591 0.9647
vn 0.3879 -0.7309 0.5616
vn 0.6228 -0.0158 0.7822
vn 0.4614 -0.6958 0.5504
vn 0.4116 -0.8670 0.2810
vn 0.2593 -0.8997 0.3511
vn 0.1581 -0.9820 0.1037
vn -0.0708 -0.9967 0.0403
vn -0.3377 -0.9222 -0.1886
vn -0.1157 -0.9880 0.1020
vn 0.1508 -0.9787 -0.1391
vn -0.3349 -0.9266 0.1711
vn -0.4086 -0.8126 0.4155
vn -0.5549 -0.7556 0.3481
vn -0.5605 -0.5630 0.6073
vn -0.5820 0.1474 0.7997
vn -0.4945 -0.6106 0.6186
vn 0.0424 0.3180 0.9471
vn -0.3283 -0.7885 0.5202
vn 0.2055 0.1390 0.9687
vn -0.4222 0.1805 0.8884
vn 0.1408 0.9897 0.0275
vn -0.9387 0.2545 0.2328
vn -0.5437 0.2015 -0.8147
vn -0.8792 -0.4523 -0.1495
vn -0.5295 -0.7306 -0.4311
vn -0.3283 -0.7884 0.5202
vn -0.6640 -0.3345 0.6688
vn 0.9197 -0.3549 -0.1681
vn 0.8020 -0.5818 -0.1353
vn 0.8683 -0.4822 0.1167
vn 0.7243 -0.5094 -0.4647
vn 0.6229 -0.6658 -0.4108
vn 0.5307 -0.5885 -0.6100
vn 0.4127 -0.7269 -0.5489
vn 0.2779 -0.6343 -0.7214
vn 0.2340 -0.7424 -0.6277
vn -0.0009 -0.7043 -0.7099
vn -0.0019 -0.7589 -0.6513
vn -0.2366 -0.7403 -0.6293
vn -0.2905 -0.6976 -0.6550
vn -0.4158 -0.7230 -0.5518
vn -0.5125 -0.6044 -0.6099
vn -0.5633 -0.7208 -0.4039
vn -0.7710 -0.3400 -0.5384
vn -0.6653 -0.6586 -0.3516
vn -0.8303 -0.4929 -0.2601
vn -0.6942 -0.7143 -0.0884
vn -0.6266 -0.7768 -0.0627
vn -0.9549 0.2270 0.1913
vn -0.9982 -0.0190 0.0565
vn -0.8794 0.1980 -0.4329
vn -0.7787 -0.0776 0.6226
vn -0.7268 -0.3799 0.5722
vn -0.5051 -0.2830 0.8154
vn -0.4394 -0.5036 0.7438
vn -0.0102 -0.4970 0.8677
vn -0.0378 -0.2812 0.9589
vn 0.4205 -0.5096 0.7506
vn 0.5138 -0.4315 0.7415
vn 0.7127 -0.3952 0.5795
vn 0.5856 -0.5477 0.5975
vn 0.7163 -0.6320 0.2958
vn 0.6827 -0.6589 0.3158
vn 0.6850 -0.7044 0.1859
vn 0.6593 -0.6808 0.3191
vn 0.7247 -0.5481 0.4175
vn -0.0034 -0.2239 0.9746
vn 0.4209 0.3477 0.8378
vn 0.7277 -0.6730 -0.1324
vn 0.5542 -0.7293 -0.4011
vn 0.4127 -0.7270 -0.5488
vn 0.5075 -0.6315 -0.5863
vn 0.2875 -0.7012 -0.6525
vn 0.2249 -0.5895 -0.7758
vn 0.0001 -0.5379 -0.8430
vn -0.0041 -0.7982 -0.6024
vn -0.2260 -0.5865 -0.7778
vn -0.1851 -0.8430 -0.5051
vn -0.4186 -0.6711 -0.6119
vn -0.2787 -0.8701 -0.4065
vn -0.5622 -0.6507 -0.5104
vn -0.3864 -0.8551 -0.3457
vn -0.6265 -0.7769 -0.0628
vn -0.1358 -0.9381 -0.3188
vn -0.2277 -0.9220 -0.3132
vn -0.1238 -0.9431 -0.3085
vn -0.1851 -0.8430 -0.5050
vn -0.0078 -0.9262 -0.3769
vn 0.1753 -0.8460 -0.5036
vn 0.2249 -0.5894 -0.7759
vn 0.4169 -0.6787 -0.6046
vn 0.5075 -0.6314 -0.5863
vn 0.5759 -0.6512 -0.4942
vn 0.7174 -0.4210 -0.5551
vn 0.8089 -0.4979 -0.3127
vn 0.6528 -0.6549 -0.3807
vn 0.7181 -0.6921 -0.0725
vn 0.6216 -0.7257 -0.2951
vn 0.2130 -0.9378 -0.2740
vn 0.6454 -0.6882 -0.3313
vn -0.2423 0.3165 -0.9171
vn 0.0088 0.4569 -0.8895
vn 0.3367 -0.3670 -0.8672
vn 0.3444 0.4506 -0.8236
vn 0.5877 0.3700 -0.7195
vn 0.3231 -0.3942 -0.8603
vn 0.8175 0.0676 -0.5720
vn 0.3362 -0.3850 -0.8595
vn 0.8260 -0.2383 -0.5109
vn 0.2718 -0.6670 -0.6938
vn 0.4702 -0.8646 -0.1772
vn -0.0140 -0.9997 0.0205
vn -0.4920 -0.8512 -0.1826
vn -0.5481 -0.8354 0.0412
vn -0.8161 -0.5697 0.0968
vn 0.8682 -0.4822 0.1167
vn 0.6919 -0.2383 0.6815
vn 0.7797 0.0183 0.6259
vn 0.4197 0.3356 0.8433
vn -0.0000 0.7762 0.6305
vn -0.2393 0.6771 0.6959
vn -0.7773 0.3320 0.5345
vn -0.5886 0.6155 0.5242
vn -0.9022 0.4128 0.1249
vn -0.8398 0.5061 0.1965
vn -0.8862 0.4375 -0.1528
vn 0.7210 0.2768 0.6353
vn 0.7709 -0.0928 0.6302
vn 0.4666 -0.0168 0.8843
vn 0.9573 0.2083 0.2006
vn 0.9971 -0.0385 0.0662
vn 0.8869 0.1807 -0.4252
vn 0.8482 0.1514 -0.5077
vn 0.5978 0.5260 -0.6049
vn 0.6520 0.1610 -0.7409
vn 0.3232 0.6564 -0.6817
vn 0.3939 0.2903 -0.8721
vn 0.0050 0.2444 -0.9697
vn 0.2950 -0.5487 -0.7823
vn -0.0037 -0.5596 -0.8288
vn -0.2530 -0.6181 -0.7443
vn -0.3083 -0.6098 -0.7301
vn 0.4516 -0.2769 -0.8482
vn 0.3960 0.0560 -0.9165
vn 0.0827 -0.6537 -0.7522
vn -0.4422 -0.4591 -0.7705
vn -0.6029 -0.6681 -0.4361
vn -0.4661 -0.4488 -0.7625
vn -0.6731 -0.3869 -0.6303
vn 0.3959 0.0560 -0.9166
vn 0.2693 0.2767 -0.9225
vn 0.0420 0.4332 -0.9003
vn -0.3164 0.4474 -0.8365
vn 0.7486 -0.1273 0.6507
vn 0.7689 -0.6084 0.1966
vn 0.9559 -0.1659 0.2425
vn 0.5047 -0.6517 0.5661
vn 0.6148 -0.6507 0.4457
vn 0.3071 -0.6242 0.7183
vn -0.0032 -0.4943 0.8693
vn -0.0003 -0.2846 0.9586
vn -0.3280 -0.5001 0.8015
vn -0.3847 -0.3240 0.8643
vn -0.6777 -0.4735 0.5626
vn -0.6947 -0.2354 0.6797
vn -0.9650 -0.2192 0.1440
vn -0.7810 0.0209 0.6242
vn -0.1137 0.9934 -0.0174
vn -0.4232 0.6070 0.6727
vn -0.0526 0.9983 0.0254
vn -0.1749 0.8022 0.5709
vn -0.4461 -0.4720 0.7604
vn -0.1685 -0.4161 0.8936
vn -0.1078 -0.9759 0.1900
vn -0.0008 -0.9591 0.2831
vn 0.1846 -0.8988 -0.3975
vn -0.0529 -0.9658 -0.2537
vn 0.3904 -0.1046 -0.9147
vn -0.3024 -0.0731 -0.9504
vn 0.1797 0.8740 -0.4515
vn -0.2137 0.8613 -0.4609
vn -0.0526 0.9983 0.0253
vn -0.1137 0.9934 -0.0175
vn -0.4873 0.8704 0.0700
vn -0.0721 0.8858 -0.4585
vn -0.7998 0.0865 0.5940
vn -0.4461 -0.4721 0.7604
vn -0.5387 -0.7261 0.4273
vn -0.1077 -0.9759 0.1900
vn -0.1329 -0.9840 -0.1183
vn 0.1425 -0.6035 -0.7845
vn 0.1207 0.4743 -0.8720
vn -0.0525 0.9983 0.0253
vn -0.8558 -0.4942 0.1529
vn -0.7973 -0.5454 -0.2588
vn -0.8426 -0.5204 0.1383
vn -0.9328 -0.3603 0.0048
vn -0.7958 -0.4805 -0.3685
vn -0.8906 0.0118 -0.4547
vn -0.6458 -0.3371 -0.6850
vn -0.6878 0.2539 -0.6800
vn -0.4117 -0.2146 -0.8857
vn -0.4058 0.2986 -0.8638
vn 0.0204 0.2376 -0.9712
vn 0.0026 0.1173 -0.9931
vn 0.4469 0.2122 -0.8691
vn 0.3414 -0.2287 -0.9117
vn 0.1056 -0.9327 0.3449
vn -0.2723 -0.7427 -0.6118
vn 0.0940 -0.9570 0.2743
vn -0.2289 -0.7419 -0.6302
vn -0.3115 -0.6342 -0.7076
vn -0.4064 -0.4967 -0.7668
vn -0.0251 -0.6404 -0.7677
vn -0.0293 -0.4179 -0.9080
vn 0.3904 -0.5041 -0.7703
vn 0.4308 -0.4943 -0.7550
vn 0.3176 -0.6114 -0.7248
vn 0.8260 -0.2382 -0.5109
vn 0.7735 -0.5355 -0.3390
vn 0.4703 -0.8645 -0.1773
vn 0.5786 -0.7567 -0.3043
vn 0.7325 -0.6798 -0.0368
vn 0.7989 -0.5921 0.1059
vn 0.9969 0.0559 -0.0549
vn 0.8799 -0.4463 -0.1630
vn 0.6164 -0.5046 -0.6046
vn 0.5300 -0.0181 -0.8478
vn 0.4465 0.4125 -0.7940
vn 0.5171 0.8478 -0.1174
vn 0.6529 0.7574 -0.0017
vn 0.7059 0.6192 -0.3439
vn 0.6643 0.7083 -0.2387
vn 0.4290 0.7257 -0.5379
vn 0.2747 0.9337 -0.2295
vn -0.0000 0.8712 -0.4909
vn -0.0000 0.9894 -0.1453
vn -0.2749 0.9337 -0.2295
vn 0.0000 0.9605 0.2784
vn -0.3450 0.9342 -0.0910
vn 0.4316 0.6627 0.6120
vn 0.2327 0.8443 0.4827
vn 0.0554 0.9917 -0.1159
vn 0.5018 -0.3976 0.7682
vn 0.3278 -0.3403 0.8813
vn 0.1579 -0.9552 0.2505
vn 0.0988 -0.9292 0.3561
vn -0.1683 -0.9285 -0.3311
vn 0.0667 -0.9763 -0.2059
vn -0.4290 -0.1801 -0.8852
vn 0.1105 -0.2275 -0.9675
vn -0.2383 0.8311 -0.5025
vn 0.0961 0.6738 -0.7326
vn 0.0134 0.9990 -0.0432
vn 0.5464 0.8354 0.0596
vn 0.4315 0.6628 0.6120
vn 0.8163 0.0278 0.5770
vn 0.5017 -0.3976 0.7682
vn 0.4961 -0.7613 0.4175
vn 0.1578 -0.9552 0.2505
vn 0.0567 -0.9914 -0.1183
vn -0.1682 -0.9285 -0.3312
vn -0.2155 -0.5918 -0.7768
vn -0.1227 0.4790 -0.8692
vn -0.2383 0.8310 -0.5026
vn 0.1140 0.8793 -0.4625
vn 0.0133 0.9990 -0.0432
vn 0.9779 -0.1486 -0.1470
vn 0.9197 -0.3549 -0.1680
vn 0.8882 -0.2143 -0.4065
vn 0.6720 -0.4228 -0.6079
vn 0.4948 -0.4304 -0.7550
vn 0.2784 -0.4816 -0.8310
vn -0.0000 -0.5951 -0.8036
vn 0.0005 -0.4741 -0.8805
vn -0.2776 -0.4802 -0.8321
vn -0.5445 -0.2303 -0.8066
vn -0.0052 -0.0063 1.0000
vn -0.0068 -0.1563 0.9877
vn -0.4756 -0.0076 0.8796
vn 0.4667 -0.0168 0.8843
vn 0.4909 -0.2887 0.8220
vn 0.7127 -0.3953 0.5795
vn 0.9971 -0.0386 0.0662
vn 0.9249 -0.3725 0.0759
vn 0.8378 -0.2497 -0.4855
vn 0.6942 -0.5610 -0.4510
vn 0.3861 -0.6013 -0.6995
vn -0.3613 -0.2600 -0.8955
vn -0.3575 -0.2041 -0.9113
vn -0.3707 -0.4573 -0.8083
vn -0.6031 0.7224 -0.3383
vn 0.0149 0.9540 -0.2995
vn -0.2436 0.9641 -0.1057
vn 0.0150 0.9614 -0.2749
vn -0.4674 0.5615 -0.6828
vn 0.0128 0.6015 -0.7987
vn 0.0079 0.1682 -0.9857
vn -0.3848 -0.3545 -0.8522
vn -0.0692 -0.5410 -0.8382
vn -0.0047 -0.6468 -0.7627
vn -0.0030 -0.5554 -0.8316
vn 0.0554 -0.5457 -0.8362
vn -0.0094 -0.7059 -0.7083
vn 0.1558 -0.7692 -0.6197
vn 0.3459 -0.7755 -0.5281
vn 0.4599 -0.2248 -0.8590
vn 0.6394 -0.5304 -0.5566
vn 0.2130 -0.9379 -0.2740
vn 0.3471 -0.5485 -0.7607
vn 0.1125 -0.9648 -0.2378
vn 0.0666 -0.9763 -0.2058
vn 0.0451 -0.9878 0.1488
vn 0.0987 -0.9292 0.3561
vn 0.2049 -0.7144 0.6691
vn 0.3278 -0.3404 0.8813
vn 0.3339 0.4864 0.8074
vn 0.2326 0.8443 0.4827
vn 0.2261 0.9622 0.1517
vn -0.2137 0.9402 0.2651
vn -0.2484 0.4218 0.8720
vn -0.1684 -0.4162 0.8936
vn -0.1033 -0.7733 0.6255
vn 0.0027 -0.9955 0.0948
vn -0.0537 -0.9658 -0.2537
vn -0.1100 -0.9619 -0.2504
vn -0.4014 -0.5806 -0.7084
vn -0.2462 -0.9319 -0.2663
vn -0.6597 -0.6776 -0.3249
vn -0.7710 -0.6061 0.1953
vn -0.7270 -0.1347 0.6732
vn -0.9446 -0.1792 0.2749
vn -0.2981 -0.8220 0.4853
vn -0.3239 -0.7951 0.5127
vn -0.1372 -0.9894 0.0481
vn -0.3098 -0.9221 0.2320
vn -0.6724 -0.5965 0.4383
vn -0.6266 -0.7768 -0.0628
vn -0.5175 -0.8002 0.3030
vn -0.3815 -0.9052 -0.1873
vn 0.3179 0.9144 0.2505
vn 0.9990 -0.0048 -0.0444
vn 0.2247 0.7299 0.6455
vn 0.1059 0.9661 0.2355
vn 0.0045 0.6412 0.7673
vn 0.0145 0.9915 -0.1290
vn -0.0817 0.9687 0.2345
vn -0.1723 0.5710 -0.8027
vn -0.2952 0.9229 0.2470
vn -0.9985 0.0213 -0.0513
vn -0.1537 0.8740 0.4610
vn -0.2158 -0.9255 0.3113
vn 0.1507 -0.9788 -0.1390
vn -0.4085 -0.8126 0.4156
vn -0.4624 -0.6431 0.6104
vn -0.6290 0.1997 0.7513
vn -0.5820 0.1475 0.7997
vn -0.2338 0.9695 0.0736
vn 0.0424 0.3181 0.9471
vn 0.1057 0.9902 -0.0915
vn 0.1408 0.9897 0.0276
vn -0.2756 -0.6928 -0.6663
vn -0.2842 -0.6161 -0.7346
vn -0.5726 -0.7252 -0.3823
vn -0.4463 -0.4911 -0.7481
vn -0.6378 -0.6823 -0.3574
vn -0.6281 -0.6378 -0.4458
vn -0.6906 -0.6927 -0.2080
vn -0.8741 -0.4777 0.0877
vn -0.4717 -0.3870 0.7923
vn -0.0312 -0.4851 0.8739
vn -0.0863 -0.8174 0.5695
vn 0.4978 -0.7847 0.3694
vn 0.9856 -0.1626 0.0459
vn 0.8137 -0.5642 -0.1399
vn -0.7919 -0.5781 0.1965
vn -0.8426 -0.5205 0.1383
vn -0.7116 -0.6805 0.1749
vn -0.8568 -0.4911 0.1572
vn -0.7450 -0.5906 0.3101
vn -0.6847 -0.4004 0.6089
vn -0.5499 -0.3338 0.7656
vn -0.0733 -0.8646 -0.4971
vn 0.6834 -0.7300 0.0064
vn 0.6551 -0.7038 -0.2748
vn 0.6488 -0.7210 -0.2435
vn 0.5821 -0.6880 -0.4334
vn 0.6047 -0.6935 -0.3916
vn 0.5414 -0.5114 -0.6673
vn 0.5589 -0.6390 -0.5284
vn 0.4620 -0.6907 -0.5563
vn 0.8161 0.4853 0.3138
vn 0.9985 -0.0178 0.0512
vn 0.9364 0.2888 -0.1992
vn 0.9546 -0.0088 0.2979
vn 0.9926 0.1153 0.0393
vn 0.5173 -0.0907 0.8510
vn 0.5907 0.2867 0.7542
vn -0.4781 -0.0354 0.8776
vn -0.6541 0.5625 0.5057
vn -0.9155 0.3149 -0.2503
vn -0.3508 0.9225 0.1609
vn 0.4937 0.8310 0.2563
vn 0.6956 0.1487 0.7029
vn 0.2759 0.9422 0.1900
vn 0.6775 0.0296 0.7349
vn 0.4845 -0.7073 0.5148
vn 0.3500 -0.7561 0.5529
vn 0.2007 -0.9601 0.1946
vn 0.0455 -0.9676 0.2485
vn -0.1852 -0.9518 -0.2444
vn 0.0456 -0.9676 0.2485
vn 0.2592 -0.8998 0.3511
vn -0.0708 -0.9967 0.0404
vn 0.3489 -0.7560 0.5538
vn 0.6775 0.0297 0.7349
vn 0.4155 0.9017 0.1194
vn 0.0813 0.9962 -0.0300
vn 0.0503 0.9947 0.0901
vn 0.3799 0.9014 -0.2079
vn 0.0501 0.7797 -0.6242
vn -0.2643 -0.0131 -0.9643
vn 0.0849 0.8364 -0.5416
vn 0.3453 0.7130 -0.6102
vn 0.3471 0.8172 -0.4601
vn 0.1176 0.8237 -0.5547
vn 0.4155 0.9017 0.1193
vn 0.0763 0.9511 -0.2993
vn 0.2760 0.9422 0.1901
vn 0.9494 0.2180 -0.2260
vn 0.5669 0.7735 0.2833
vn 0.2306 0.9606 -0.1549
vn 0.3791 0.2683 0.8856
vn -0.6418 0.4403 0.6278
vn -0.5864 0.1743 0.7910
vn -0.9901 0.1165 -0.0785
vn -0.9743 0.0600 0.2174
vn -0.9996 0.0036 -0.0287
vn -0.8361 0.5301 0.1408
vn -0.0000 0.8613 -0.5080
vn -0.0000 0.6852 -0.7284
vn -0.3333 0.7586 -0.5599
vn 0.3331 0.7585 -0.5601
vn 0.4290 0.7258 -0.5378
vn 0.5628 0.7644 -0.3144
vn 0.8856 0.4383 -0.1534
vn 0.9453 0.2301 -0.2313
vn 0.9453 0.2766 0.1731
vn -0.6203 -0.7235 -0.3031
vn -0.8619 -0.4930 -0.1188
vn -0.5632 -0.7208 -0.4040
vn -0.6264 -0.6598 -0.4151
vn -0.4158 -0.7229 -0.5518
vn -0.2787 -0.6322 -0.7230
vn -0.2775 -0.4801 -0.8321
vn -0.8609 0.4916 -0.1312
vn -0.6553 0.6961 -0.2934
vn -0.7064 0.6213 -0.3390
vn -0.5505 0.7856 -0.2825
vn -0.9366 0.2665 -0.2274
vn -0.9452 0.2761 0.1745
vn -0.7501 0.6614 -0.0028
vn -0.6661 0.6330 0.3943
vn 0.1801 0.9483 -0.2614
vn 0.4252 0.5220 -0.7394
vn 0.5508 0.4923 -0.6740
vn 0.0910 0.9296 -0.3573
vn 0.0161 0.7979 -0.6026
vn -0.2065 0.8404 -0.5011
vn 0.0381 0.8560 -0.5156
vn -0.5436 0.2015 -0.8148
vn -0.7216 0.2909 0.6282
vn -0.5050 -0.2830 0.8154
vn -0.0103 -0.4970 0.8677
vn 0.4909 -0.2886 0.8220
vn 0.4205 -0.5095 0.7507
vn 0.7128 -0.3952 0.5794
vn 0.8605 -0.4653 0.2074
vn 0.9845 0.0141 0.1749
vn 0.6880 -0.6265 0.3663
vn 0.4649 -0.6298 0.6222
vn 0.6455 -0.5273 0.5525
vn 0.5114 -0.1955 0.8368
vn 0.5139 -0.4314 0.7415
vn -0.0378 -0.2813 0.9589
vn 0.9025 0.4125 0.1239
vn 0.9479 0.2904 -0.1312
vn 0.7290 0.6812 -0.0677
vn 0.7639 0.5885 -0.2648
vn 0.5629 0.7644 -0.3144
vn 0.4051 0.8740 -0.2684
vn 0.3331 0.7585 -0.5602
vn 0.2944 0.8565 -0.4241
vn -0.0001 0.8613 -0.5081
vn 0.2340 -0.7425 -0.6277
vn 0.2874 -0.7012 -0.6525
vn -0.0019 -0.7588 -0.6513
vn -0.2905 -0.6976 -0.6549
vn -0.2259 -0.5865 -0.7778
vn -0.5622 -0.6508 -0.5104
vn -0.9650 -0.2192 0.1439
vn -0.9469 0.2930 -0.1323
vn -0.6544 0.5523 -0.5165
vn -0.4051 0.8741 -0.2680
vn -0.2944 0.8565 -0.4239
vn 0.5508 0.4924 -0.6740
vn 0.4253 0.5220 -0.7394
vn 0.8073 -0.1689 -0.5655
vn 0.2218 0.6230 -0.7501
vn -0.2250 0.7304 -0.6449
vn -0.8061 0.0624 -0.5884
vn -0.8227 -0.2430 -0.5140
vn -0.3452 -0.3324 -0.8777
vn -0.1580 -0.6829 -0.7132
vn -0.2507 -0.7032 -0.6654
vn -0.3579 -0.7629 -0.5385
vn -0.5736 -0.5986 -0.5592
vn -0.5700 -0.3744 -0.7314
vn -0.6031 0.7224 -0.3382
vn -0.3708 -0.4573 -0.8083
vn -0.7765 0.5893 -0.2230
vn -0.9070 0.0918 -0.4110
vn -0.2544 -0.4930 -0.8320
vn -0.4463 -0.4910 -0.7481
vn -0.3555 -0.3907 -0.8491
vn -0.4189 -0.4524 -0.7873
vn -0.3790 -0.5243 -0.7625
vn -0.0095 -0.7059 -0.7083
vn -0.0691 -0.5410 -0.8382
vn -0.1659 -0.7746 -0.6103
vn -0.3579 -0.7628 -0.5385
vn -0.6458 -0.3372 -0.6850
vn -0.9331 -0.0569 -0.3550
vn -0.6878 0.2540 -0.6800
vn -0.8906 0.0117 -0.4547
vn -0.7919 0.0436 -0.6091
vn -0.4009 -0.1247 -0.9076
vn 0.0027 0.1174 -0.9931
vn -0.0540 -0.3227 -0.9450
vn 0.3414 -0.2286 -0.9117
vn -0.9331 -0.0569 -0.3551
vn -0.7918 0.0436 -0.6092
vn -0.8113 -0.2970 -0.5035
vn -0.4009 -0.1248 -0.9076
vn 0.2885 -0.6495 -0.7035
vn 0.3109 -0.9490 0.0523
vn -0.1214 -0.8364 -0.5345
vn -0.1534 -0.9863 0.0615
vn -0.5032 -0.8626 0.0521
vn -0.6699 -0.6798 0.2986
vn -0.3615 -0.4504 0.8164
vn -0.0101 -0.9493 -0.3141
vn -0.1210 -0.9305 0.3457
vn 0.1056 -0.9327 0.3450
vn 0.0523 -0.9979 -0.0389
vn 0.2700 -0.9613 0.0544
vn 0.1971 0.5659 -0.8005
vn 0.9990 -0.0048 -0.0443
vn -0.0548 -0.9681 -0.2445
vn 0.4372 -0.8919 -0.1155
vn 0.0415 -0.5916 -0.8051
vn -0.0141 -0.9997 0.0205
vn 0.5242 -0.8503 0.0472
vn 0.7325 -0.6798 -0.0367
vn 0.7736 -0.5354 -0.3390
vn 0.4071 -0.4568 -0.7909
vn 0.3027 -0.6239 -0.7206
vn 0.4560 -0.4671 -0.7576
vn 0.2487 -0.5003 -0.8294
vn 0.2748 -0.6241 -0.7314
vn 0.0149 0.9614 -0.2749
vn 0.0128 0.6015 -0.7988
vn 0.2715 0.9569 -0.1028
vn 0.0149 0.9540 -0.2994
vn 0.2551 -0.3259 -0.9103
vn 0.3667 -0.4676 -0.8043
vn 0.3624 -0.2698 -0.8921
vn 0.7404 -0.1835 -0.6467
vn 0.4948 -0.4303 -0.7550
vn 0.6720 -0.4228 -0.6080
vn 0.5460 -0.2324 -0.8049
vn 0.2784 -0.4817 -0.8309
vn 0.3338 -0.2630 -0.9052
vn 0.0008 -0.2839 -0.9588
vn -0.3324 -0.2619 -0.9060
vn 0.3706 0.9127 0.1718
vn 0.4011 0.8908 -0.2135
vn 0.4426 0.4153 -0.7947
vn -0.3974 0.8006 -0.4485
vn -0.4120 0.4668 -0.7825
vn -0.9156 0.3149 -0.2502
vn -0.8363 0.4824 -0.2605
vn -0.0001 0.8485 0.5292
vn -0.0495 0.8708 0.4892
vn 0.0000 0.9605 0.2783
vn 0.3552 0.9335 0.0491
vn 0.3528 0.9319 -0.0844
vn 0.9128 0.4078 0.0231
vn 0.6642 0.7084 -0.2387
vn 0.6529 0.7575 -0.0017
vn 0.3072 -0.6242 0.7183
vn 0.3235 -0.7908 0.5196
vn 0.3066 -0.9201 0.2436
vn 0.7182 -0.6921 -0.0725
vn 0.6052 -0.7936 -0.0620
vn 0.3719 -0.7096 0.5985
vn -0.0074 -0.6409 0.7676
vn -0.4755 -0.5792 0.6621
vn -0.3054 -0.7841 0.5403
vn -0.3099 -0.9220 0.2320
vn -0.6598 -0.2993 -0.6893
vn -0.3403 0.6388 -0.6901
vn -0.5337 0.5277 -0.6609
vn -0.8411 0.0220 -0.5405
vn -0.1218 0.7003 -0.7034
vn -0.8011 0.5512 -0.2332
vn 0.3401 0.7151 -0.6107
vn -0.3202 -0.2188 -0.9218
vn 0.8280 -0.2390 -0.5072
vn -0.1218 0.9579 -0.2598
vn 0.0763 0.9511 -0.2994
vn 0.1175 0.8237 -0.5547
vn -0.1217 0.7003 -0.7034
vn 0.2412 0.6215 -0.7453
vn -0.0000 0.5946 -0.8040
vn -0.4902 0.5199 -0.6996
vn -0.5734 0.0796 -0.8154
vn -0.7468 0.2152 -0.6293
vn -0.9132 -0.0011 -0.4076
vn 0.9494 0.2180 -0.2259
vn 0.5880 0.2253 -0.7768
vn 0.8165 0.4913 -0.3032
vn 0.2912 0.7326 -0.6152
vn -0.4910 0.1979 -0.8484
vn -0.5425 0.7192 -0.4342
vn -0.4844 0.8647 -0.1326
vn -0.6419 0.4403 0.6278
vn -0.7874 -0.6086 0.0977
vn -0.6242 -0.6446 0.4414
vn -0.8067 -0.5740 -0.1409
vn -0.9216 -0.3474 -0.1734
vn -0.7257 -0.5035 -0.4689
vn -0.7390 -0.1802 -0.6492
vn -0.2629 -0.9444 0.1977
vn 0.1089 -0.9624 -0.2490
vn -0.5192 -0.6742 0.5252
vn -0.6651 0.1979 0.7200
vn -0.3182 0.9228 0.2171
vn -0.2033 0.9593 0.1960
vn 0.0511 0.8048 -0.5913
vn -0.2065 0.8403 -0.5012
vn 0.0382 0.8560 -0.5155
vn -0.2304 0.7294 -0.6441
vn 0.0161 0.7978 -0.6027
vn -0.1510 0.6123 -0.7761
vn 0.2218 0.6230 -0.7502
vn 0.1012 -0.2236 -0.9694
vn -0.9113 0.0675 -0.4062
vn 0.7247 -0.5481 0.4176
vn 0.8740 -0.4590 0.1595
vn 0.6851 -0.7044 0.1858
vn 0.6701 -0.7397 -0.0615
vn 0.7125 -0.7004 -0.0409
vn 0.6077 -0.6584 -0.4442
vn 0.6941 -0.5611 -0.4510
vn 0.7662 0.6403 -0.0538
vn 0.5409 0.7759 0.3247
vn 0.3553 0.9335 0.0490
vn -0.2520 0.8940 -0.3706
vn 0.0244 0.3801 -0.9246
vn 0.4466 0.4124 -0.7940
vn -0.8405 0.1679 -0.5151
vn -0.5834 0.5375 -0.6089
vn -0.9982 -0.0190 0.0564
vn -0.8394 -0.2310 -0.4920
vn -0.9339 -0.3513 0.0663
vn -0.7427 -0.6675 -0.0542
vn 0.0122 0.5436 -0.8392
vn -0.0102 -0.9493 -0.3141
vn 0.1971 0.5660 -0.8005
vn -0.1722 0.5710 -0.8027
vn -0.0716 -0.9967 -0.0385
vn -0.2879 -0.9560 0.0563
vn -0.1209 -0.9305 0.3457
vn -0.1143 -0.9547 0.2747
vn 0.9454 -0.2300 -0.2308
vn 0.6835 -0.7300 0.0064
vn 0.7732 0.2662 -0.5756
vn 0.4600 -0.2247 -0.8590
vn 0.0204 0.2376 -0.9711
vn 0.1280 -0.9898 0.0619
vn 0.3046 -0.8178 0.4883
vn 0.2049 -0.7143 0.6691
vn 0.2260 0.9622 0.1517
vn 0.7688 -0.6085 0.1966
vn 0.8659 -0.4795 -0.1422
vn 0.6216 -0.7256 -0.2951
vn 0.5542 -0.7293 -0.4012
vn 0.1791 -0.4621 -0.8685
vn 0.1225 -0.7859 -0.6061
vn 0.7134 -0.5802 -0.3929
vn 0.6201 -0.6591 0.4255
vn 0.7672 -0.2738 0.5800
vn -0.9996 0.0036 -0.0288
vn -0.4910 0.1978 -0.8484
vn -0.4398 -0.1086 -0.8915
vn 0.5880 0.2253 -0.7769
vn 0.5253 0.4876 -0.6973
vn 0.2911 0.8460 -0.4468
vn -0.5886 0.6154 0.5242
vn -0.5548 0.4696 0.6867
vn -0.2393 0.6772 0.6958
vn -0.8398 0.5060 0.1965
vn -0.9452 0.2760 0.1745
vn -0.8862 0.4374 -0.1528
vn -0.7064 0.6214 -0.3390
vn -0.3160 -0.9133 -0.2571
vn 0.0686 -0.9766 -0.2041
vn -0.0135 -0.8750 -0.4840
vn -0.4066 -0.9136 -0.0043
vn 0.0147 -0.9504 -0.3107
vn -0.6050 -0.7810 -0.1549
vn -0.5140 -0.5708 0.6403
vn -0.4101 0.8804 0.2381
vn 0.0946 0.9943 -0.0491
vn -0.3720 0.9093 0.1866
vn -0.3119 0.9261 0.2122
vn 0.0668 0.9978 -0.0031
vn -0.4511 0.8924 0.0146
vn 0.0576 0.9127 -0.4046
vn -0.4760 -0.2006 -0.8563
vn -0.6906 -0.6927 -0.2079
vn -0.7653 -0.4202 -0.4876
vn -0.8741 -0.4777 0.0878
vn -0.9424 -0.3304 -0.0511
vn -0.4206 0.3594 0.8330
vn 0.2479 -0.7626 -0.5976
vn 0.4070 -0.5979 -0.6905
vn 0.2629 -0.7408 -0.6181
vn 0.3274 -0.5161 -0.7915
vn 0.2492 -0.4222 -0.8716
vn -0.1265 -0.7766 -0.6172
vn -0.0568 -0.8654 -0.4978
vn 0.2636 -0.7004 -0.6633
vn 0.2748 -0.6240 -0.7315
vn 0.5566 -0.7409 -0.3759
vn 0.4560 -0.4671 -0.7575
vn 0.9479 0.2904 -0.1313
vn 0.8636 0.3782 -0.3335
vn 0.9799 0.0104 -0.1993
vn 0.6564 0.5506 -0.5158
vn 0.4051 0.8740 -0.2685
vn 0.7780 0.3317 0.5336
vn 0.9025 0.4125 0.1240
vn 0.5894 0.6152 0.5236
vn 0.8402 0.5057 0.1957
vn 0.4426 0.4153 -0.7948
vn 0.3937 0.0025 -0.9192
vn 0.9985 -0.0178 0.0513
vn -0.4120 0.4667 -0.7826
vn -0.5132 0.4477 -0.7322
vn -0.2519 0.8940 -0.3706
vn 0.5558 0.4698 0.6858
vn 0.8402 0.5057 0.1956
vn 0.2394 0.6772 0.6958
vn 0.0667 -0.9763 -0.2058
vn 0.4958 0.7720 -0.3976
vn 0.0553 0.9917 -0.1158
vn 0.2261 0.9622 0.1518
vn -0.0115 -0.7803 0.6253
vn -0.0075 -0.6409 0.7676
vn 0.3719 -0.7095 0.5985
vn -0.3917 -0.7020 0.5948
vn -0.4755 -0.5793 0.6621
vn 0.1196 -0.9405 -0.3179
vn 0.2613 -0.8778 -0.4015
vn 0.1074 -0.9454 -0.3078
vn 0.2124 -0.9263 -0.3113
vn 0.3718 -0.8627 -0.3429
vn 0.3535 -0.9167 -0.1863
vn 0.6053 -0.7936 -0.0619
vn 0.3066 -0.9202 0.2436
vn 0.3236 -0.7908 0.5195
vn 0.3045 -0.8178 0.4884
vn 0.7486 -0.1272 0.6507
vn 0.8089 -0.4979 -0.3126
vn 0.5760 -0.6511 -0.4942
vn 0.4169 -0.6788 -0.6046
vn 0.9144 -0.0055 -0.4047
vn 0.6564 0.5505 -0.5158
vn 0.2070 0.6628 -0.7196
vn 0.0849 0.8364 -0.5415
vn 0.0718 0.0258 -0.9971
vn 0.1095 0.8793 -0.4636
vn 0.3471 0.8171 -0.4603
vn 0.0813 0.9962 -0.0301
vn 0.4031 0.8530 -0.3315
vn -0.3321 0.6027 -0.7256
vn -0.5082 0.1212 -0.8526
vn 0.0501 0.7797 -0.6241
vn 0.2413 0.6216 -0.7453
vn 0.3453 0.7131 -0.6102
vn -0.2505 0.9270 0.2791
vn 0.2321 0.8452 0.4815
vn -0.2729 0.9207 0.2789
vn -0.1904 0.6822 0.7059
vn -0.6833 0.6274 0.3734
vn 0.0773 -0.8537 -0.5150
vn 0.1322 -0.6544 -0.7445
vn -0.4893 -0.6267 -0.6065
vn 0.1226 -0.7859 -0.6061
vn -0.5236 -0.4936 -0.6944
vn -0.5013 -0.3857 -0.7746
vn -0.6553 0.6960 -0.2934
vn -0.2748 0.9337 -0.2295
vn -0.4298 0.7256 -0.5374
vn -0.0000 0.6851 -0.7284
vn -0.0347 0.3496 0.9363
vn -0.2215 0.6868 0.6923
vn -0.8361 0.5301 0.1407
vn 0.1040 0.2568 0.9609
vn 0.3790 0.2684 0.8856
vn -0.7271 -0.1347 0.6732
vn -0.2980 -0.8220 0.4853
vn 0.0028 -0.9955 0.0948
vn -0.1372 -0.9894 0.0482
vn 0.0146 -0.9504 -0.3107
vn 0.5694 -0.5356 -0.6236
vn 0.0686 -0.9766 -0.2040
vn 0.4678 -0.7286 -0.5004
vn -0.0136 -0.8750 -0.4840
vn -0.2305 -0.5886 -0.7749
vn -0.2306 -0.5883 -0.7751
vn -0.3322 -0.5667 -0.7540
vn -0.0083 -0.6076 -0.7942
vn -0.0086 -0.6084 -0.7936
vn 0.2671 -0.5291 -0.8054
vn -0.2533 -0.3767 -0.8910
vn -0.2538 -0.3772 -0.8907
vn -0.3703 -0.3603 -0.8562
vn -0.0003 -0.3948 -0.9187
vn -0.0003 -0.3958 -0.9183
vn 0.2532 -0.3842 -0.8878
vn -0.7426 -0.6675 -0.0541
vn -0.7116 -0.6804 0.1749
vn -0.8406 0.1680 -0.5150
vn -0.8393 -0.2311 -0.4920
vn -0.4848 -0.4861 -0.7271
vn -0.6950 -0.5514 -0.4615
vn 0.1060 0.9661 0.2356
vn 0.3179 0.9145 0.2505
vn 0.0145 0.9915 -0.1291
vn 0.0123 0.5437 -0.8392
vn -0.1723 0.5710 -0.8026
vn -0.2538 -0.3188 -0.9132
vn 0.2551 -0.3259 -0.9104
vn -0.2117 0.7359 0.6431
vn -0.1538 0.8740 0.4609
vn -0.5689 -0.5739 -0.5891
vn -0.4971 -0.8667 -0.0416
vn 0.6520 0.1611 -0.7409
vn 0.2949 -0.5487 -0.7822
vn 0.8379 -0.2497 -0.4855
vn 0.8482 0.1514 -0.5076
vn 0.9971 -0.0385 0.0661
vn 0.5173 -0.0906 0.8510
vn -0.5416 0.4523 0.7086
vn -0.4780 -0.0354 0.8776
vn 0.1095 0.2422 0.9640
vn 0.5408 0.7760 0.3247
vn -0.4781 -0.0353 0.8776
vn -0.8363 0.4824 -0.2604
vn -0.5416 0.4522 0.7086
vn 0.5409 0.7759 0.3248
vn 0.9558 -0.1660 0.2425
vn 0.4958 0.7721 -0.3976
vn 0.8659 -0.4795 -0.1423
vn 0.0000 -0.5952 -0.8036
vn -0.0008 -0.7043 -0.7099
vn 0.2778 -0.6343 -0.7214
vn -0.2786 -0.6322 -0.7230
vn -0.3763 -0.0772 -0.9233
vn -0.4398 -0.1085 -0.8915
vn -0.9480 0.1620 -0.2741
vn 0.5252 0.4876 -0.6974
vn 0.2910 0.8460 -0.4467
vn -0.4013 -0.5806 -0.7084
vn -0.3024 -0.0732 -0.9504
vn -0.4799 0.7689 -0.4225
vn 0.5681 0.8139 0.1222
vn 0.1177 0.9919 -0.0481
vn 0.8627 -0.0199 -0.5054
vn 0.5337 -0.3605 0.7650
vn -0.5141 -0.5708 0.6403
vn -0.7234 -0.1841 0.6654
vn 0.2150 -0.5931 -0.7759
vn -0.0083 -0.6075 -0.7943
vn 0.4125 -0.4451 -0.7948
vn 0.4914 -0.3092 -0.8142
vn 0.2528 -0.3837 -0.8882
vn 0.2533 -0.3842 -0.8878
vn -0.0004 -0.3963 -0.9181
vn 0.3666 -0.3703 -0.8535
vn 0.3667 -0.3703 -0.8535
vn -0.0512 -0.6437 -0.7636
vn -0.3099 -0.2983 -0.9027
vn -0.1853 -0.6863 -0.7033
vn 0.0549 -0.5561 -0.8293
vn 0.1381 -0.2940 -0.9458
vn -0.3099 -0.2983 -0.9028
vn 0.1205 -0.4345 -0.8926
vn 0.0292 -0.0231 -0.9993
vn -0.0842 0.0755 -0.9936
vn -0.3100 -0.2983 -0.9027
vn 0.0291 -0.0232 -0.9993
vn -0.2203 0.1331 -0.9663
vn -0.4948 0.0583 -0.8670
vn -0.3432 0.1173 -0.9319
vn -0.6741 -0.1167 -0.7294
vn -0.6741 -0.1168 -0.7293
vn -0.6680 -0.3766 -0.6418
vn -0.5949 -0.5087 -0.6224
vn -0.3100 -0.2982 -0.9028
vn -0.3311 -0.6782 -0.6560
vn -0.1852 -0.6864 -0.7032
vn 0.1619 -0.6932 -0.7023
vn 0.2986 -0.3100 -0.9026
vn 0.3078 -0.6907 -0.6543
vn 0.4493 -0.6380 -0.6254
vn -0.0725 -0.5536 -0.8296
vn 0.0918 0.0722 -0.9932
vn -0.1074 -0.1471 -0.9833
vn -0.1448 -0.2884 -0.9465
vn 0.5010 0.0391 -0.8645
vn 0.2300 0.1246 -0.9652
vn 0.6876 -0.2688 -0.6745
vn 0.5690 -0.5413 -0.6190
vn 0.6517 -0.4129 -0.6362
vn 0.6875 -0.2688 -0.6746
vn 0.1346 -0.5065 0.8517
vn -0.7972 -0.5454 -0.2588
vn -0.6204 -0.7804 -0.0785
vn -0.6730 -0.6521 0.3492
vn -0.3886 -0.5838 0.7129
vn -0.4177 -0.5977 0.6843
vn 0.0088 0.6456 -0.7636
vn -0.4402 0.1574 -0.8840
vn -0.6113 -0.7090 -0.3515
vn 0.2012 -0.8003 -0.5648
vn -0.6804 -0.6515 -0.3357
vn -0.7368 -0.5218 -0.4299
vn -0.7474 -0.4559 -0.4834
vn -0.0080 -0.9514 0.3078
vn -0.2289 -0.7418 -0.6303
vn 0.1056 -0.9326 0.3450
vn -0.0096 -0.7860 -0.6182
vn -0.0252 -0.6403 -0.7677
vn -0.4118 -0.2145 -0.8857
vn 0.4600 -0.2249 -0.8590
vn 0.1558 -0.7693 -0.6197
vn -0.0141 -0.2140 0.9767
vn -0.6905 -0.6928 -0.2080
vn -0.5726 -0.7253 -0.3822
vn -0.6378 -0.6823 -0.3572
vn -0.4660 -0.4488 -0.7625
vn -0.4421 -0.4591 -0.7706
vn -0.8135 -0.2419 0.5289
vn -0.8568 -0.4911 0.1573
vn -0.6846 -0.4005 0.6090
vn -0.8426 -0.5205 0.1384
vn -0.4565 -0.0889 0.8853
vn 0.5114 -0.1956 0.8368
vn 0.4649 -0.6298 0.6223
vn -0.4189 -0.4523 -0.7874
vn -0.2831 -0.7188 -0.6349
vn 0.9990 -0.0049 -0.0443
vn -0.2722 -0.7427 -0.6118
vn -0.4244 -0.5691 -0.7043
vn 0.6734 -0.7117 -0.2002
vn 0.7125 -0.7005 -0.0408
vn 0.6835 -0.7300 0.0063
vn 0.6135 -0.7103 -0.3451
vn -0.2117 0.7359 0.6432
vn -0.0818 0.9687 0.2345
vn 0.0045 0.6412 0.7674
vn 0.6667 -0.2988 -0.6829
vn -0.4453 -0.2878 -0.8478
vn -0.3354 0.1665 -0.9273
vn 0.3444 0.4507 -0.8236
vn 0.3230 -0.3942 -0.8604
vn 0.3299 -0.3340 -0.8829
vn 0.0083 0.4563 -0.8898
vn 0.5242 -0.8503 0.0473
vn 0.8799 -0.4462 -0.1630
vn 0.6163 -0.5046 -0.6046
vn 0.5589 -0.6391 -0.5284
vn 0.4620 -0.6908 -0.5563
vn 0.8352 -0.5340 0.1314
vn 0.6506 -0.6705 0.3566
vn 0.6129 -0.5672 -0.5502
vn 0.6519 -0.6688 0.3574
vn 0.3108 -0.9490 0.0522
vn 0.6383 -0.5387 -0.5500
vn 0.5856 -0.5478 0.5975
vn 0.6456 -0.5273 0.5525
vn 0.5138 -0.4314 0.7415
vn 0.6827 -0.6589 0.3159
vn 0.6880 -0.6265 0.3662
vn 0.8040 -0.0788 -0.5895
vn 0.9670 0.0979 -0.2353
vn -0.4972 -0.8666 -0.0415
vn -0.8161 -0.5697 0.0967
vn -0.5482 -0.8354 0.0412
vn 0.4197 0.3355 0.8434
vn 0.2395 0.6772 0.6957
vn 0.8403 0.5057 0.1956
vn 0.7290 0.6811 -0.0677
vn 0.8857 0.4383 -0.1534
vn 0.2748 0.9337 -0.2295
vn 0.4465 0.4124 -0.7940
vn 0.0418 0.7786 0.6261
vn -0.0173 0.9572 0.2890
vn -0.3509 0.9225 0.1610
vn 0.4011 0.8908 -0.2134
vn 0.3706 0.9128 0.1718
vn 0.8046 -0.0332 -0.5928
vn -0.2154 -0.5918 -0.7768
vn 0.8163 0.0279 0.5769
vn 0.5463 0.8355 0.0596
vn -0.1228 0.4790 -0.8692
vn 0.9453 0.2302 -0.2313
vn 0.5170 0.8479 -0.1173
vn 0.9364 0.2889 -0.1991
vn 0.5756 0.0776 -0.8140
vn 0.3180 0.2788 -0.9062
vn 0.5460 -0.2325 -0.8049
vn 0.7403 -0.1835 -0.6467
vn 0.3889 -0.8987 0.2028
vn -0.3368 -0.8618 -0.3794
vn 0.4031 0.8530 -0.3314
vn 0.0850 0.8363 -0.5416
vn 0.0718 0.0257 -0.9971
vn 0.6614 0.1224 0.7400
vn 0.1096 0.8792 -0.4636
vn 0.6080 -0.4952 0.6205
vn 0.2801 0.9562 -0.0847
vn 0.3626 0.1665 0.9169
vn 0.4047 -0.9052 0.1294
vn 0.0808 -0.8669 -0.4920
vn -0.1219 0.7003 -0.7034
vn 0.8951 -0.0786 -0.4390
vn -0.2729 0.9208 0.2788
vn -0.8670 0.0093 -0.4982
vn -0.6833 0.6274 0.3733
vn -0.1905 0.6823 0.7059
vn 0.0772 -0.8537 -0.5150
vn 0.5438 -0.7846 -0.2977
vn 0.1225 -0.7858 -0.6062
vn -0.2185 -0.7889 0.5743
vn -0.1904 0.6823 0.7058
vn 0.3064 0.8983 0.3149
vn 0.4697 0.1694 -0.8664
vn -0.3538 -0.0577 0.9335
vn -0.0002 -0.2847 0.9586
vn -0.6948 -0.2354 0.6796
vn -0.7064 0.6213 -0.3391
vn -0.6554 0.6960 -0.2933
vn -0.3332 0.7586 -0.5599
vn -0.1404 0.9892 -0.0409
vn 0.5669 0.7736 0.2832
vn -0.4845 0.8647 -0.1326
vn -0.5425 0.7192 -0.4341
vn -0.1404 0.9892 -0.0410
vn -0.5425 0.7191 -0.4342
vn 0.2306 0.9606 -0.1550
vn 0.5669 0.7736 0.2833
vn -0.6661 0.6330 0.3944
vn -0.5548 0.4697 0.6867
vn -0.0415 0.7786 0.6261
vn -0.8231 0.0316 -0.5670
vn 0.1208 0.4743 -0.8720
vn -0.8231 0.0317 -0.5669
vn -0.4874 0.8704 0.0700
vn -0.1330 -0.9840 -0.1183
vn -0.2137 0.9403 0.2650
vn -0.3170 -0.7032 0.6363
vn -0.3054 -0.7841 0.5402
vn -0.2787 -0.8702 -0.4064
vn -0.2462 -0.9319 -0.2662
vn -0.6598 -0.6776 -0.3249
vn -0.6652 -0.6586 -0.3516
vn 0.0910 0.9295 -0.3573
vn 0.1802 0.9482 -0.2615
vn -0.1510 0.6122 -0.7761
vn 0.0713 0.7379 -0.6711
vn -0.2495 0.8935 -0.3734
vn 0.0712 0.7380 -0.6711
vn -0.2124 0.9436 -0.2539
vn -0.5418 -0.7955 0.2715
vn -0.5548 -0.7557 0.3481
vn 0.0510 0.8048 -0.5913
vn -0.1068 -0.0184 -0.9941
vn -0.0992 0.9855 -0.1375
vn -0.2868 0.2847 0.9147
vn 0.0381 0.8560 -0.5155
vn -0.5436 0.2016 -0.8148
vn -0.2494 0.8935 -0.3733
vn 0.2172 -0.1182 -0.9689
vn 0.5517 -0.7624 0.3381
vn 0.4987 -0.8648 -0.0590
vn -0.2620 -0.8626 -0.4328
vn 0.1177 0.9919 -0.0480
vn -0.3721 0.9092 0.1865
vn 0.0940 -0.9570 0.2744
vn 0.2701 -0.9613 0.0544
vn 0.2694 0.2767 -0.9224
vn -0.3984 -0.3892 -0.8305
vn 0.0420 0.4328 -0.9005
vn -0.5869 -0.4794 -0.6525
vn -0.2437 0.9641 -0.1057
vn -0.4674 0.5616 -0.6828
vn -0.7843 -0.5138 -0.3478
vn -0.5959 -0.7404 -0.3110
vn -0.3558 -0.4424 -0.8232
vn -0.2507 -0.7032 -0.6653
vn -0.3453 -0.3324 -0.8777
vn -0.9425 -0.3304 -0.0511
vn -0.9322 -0.3620 0.0052
vn 0.2333 -0.7204 -0.6531
vn 0.3458 -0.7755 -0.5281
vn -0.2880 -0.9560 0.0563
vn -0.1722 0.5711 -0.8026
vn -0.1537 0.8740 0.4609
vn 0.8260 -0.2383 -0.5108
vn 0.7951 0.5675 -0.2141
vn 0.6919 -0.2383 0.6816
vn 0.3830 -0.3247 0.8648
vn 0.6709 -0.4786 0.5663
vn 0.9453 0.2765 0.1732
vn 0.5558 0.4698 0.6859
vn 0.2612 -0.8778 -0.4015
vn -0.0078 -0.9262 -0.3768
vn 0.7664 -0.3363 -0.5472
vn 0.0688 -0.8718 -0.4850
vn 0.9437 -0.1717 -0.2829
vn 0.1803 -0.8636 0.4708
vn 0.8172 -0.0517 0.5741
vn 0.9764 0.0585 0.2081
vn 0.1880 -0.8677 0.4602
vn 0.4749 0.0409 0.8791
vn 0.7727 -0.5985 -0.2114
vn 0.1095 0.8792 -0.4636
vn 0.5475 0.1478 -0.8236
vn -0.1029 -0.8882 -0.4477
vn 0.4032 0.8530 -0.3315
vn -0.5864 0.1744 0.7910
vn 0.1039 0.2568 0.9609
vn -0.0347 0.3495 0.9363
vn 0.0497 0.8708 0.4891
vn -0.8619 -0.4930 -0.1189
vn -0.7270 -0.1347 0.6733
vn -0.9446 -0.1791 0.2749
vn -0.7711 -0.6060 0.1953
vn -0.8303 -0.4929 -0.2600
vn -0.5125 -0.6043 -0.6100
vn -0.8378 -0.2157 -0.5016
vn -0.3194 -0.7854 0.5303
vn -0.9700 -0.0056 -0.2432
vn 0.0382 0.8560 -0.5156
vn -0.3282 -0.7885 0.5202
vn -0.6937 -0.3540 -0.6272
vn -0.0839 -0.9159 -0.3926
vn -0.2249 0.7304 -0.6450
vn -0.9113 0.0675 -0.4063
vn -0.0884 -0.7440 -0.6623
vn -0.6050 -0.7810 -0.1548
vn -0.3324 -0.5665 -0.7541
vn -0.3322 -0.5668 -0.7540
vn -0.2306 -0.5882 -0.7751
vn -0.2538 -0.3771 -0.8907
vn -0.3886 -0.5838 0.7128
vn -0.6803 -0.6515 -0.3357
vn -0.6028 -0.6681 -0.4362
vn -0.6114 -0.7090 -0.3515
vn 0.0523 -0.9979 -0.0390
vn 0.1971 0.5659 -0.8006
vn -0.2289 -0.7419 -0.6303
vn -0.0251 -0.6403 -0.7677
vn -0.2526 -0.4146 -0.8742
vn -0.3576 -0.2041 -0.9113
vn -0.3273 -0.4923 -0.8065
vn -0.3163 0.4474 -0.8366
vn -0.5776 0.3692 -0.7281
vn -0.3309 -0.3622 -0.8714
vn -0.5700 -0.3745 -0.7313
vn -0.7509 -0.5814 -0.3132
vn -0.9943 0.0835 -0.0661
vn 0.0383 -0.8667 -0.4974
vn -0.1431 -0.6595 -0.7379
vn -0.0037 -0.5595 -0.8288
vn -0.1579 -0.6829 -0.7132
vn -0.9049 -0.3624 -0.2233
vn -0.6699 -0.6797 0.2986
vn -0.4565 -0.0890 0.8853
vn -0.1660 -0.7746 -0.6103
vn -0.0094 -0.7059 -0.7082
vn 0.0050 0.2445 -0.9696
vn 0.2753 -0.6629 -0.6962
vn 0.4070 -0.5979 -0.6906
vn -0.1210 -0.9305 0.3458
vn 0.5674 -0.3902 -0.7251
vn 0.7379 -0.6021 -0.3050
vn 0.6164 -0.5045 -0.6046
vn 0.0416 -0.5917 -0.8051
vn 0.4371 -0.8920 -0.1155
vn 0.6488 -0.7210 -0.2434
vn -0.0272 -0.4348 0.9001
vn 0.4214 -0.4164 0.8056
vn 0.3109 -0.9490 0.0522
vn -0.1533 -0.9863 0.0616
vn 0.2950 -0.5486 -0.7823
vn 0.9249 -0.3726 0.0760
vn 0.7163 -0.6320 0.2959
vn 0.9145 -0.0055 -0.4047
vn -0.3509 0.9225 0.1609
vn -0.3974 0.8005 -0.4486
vn 0.8047 -0.0331 -0.5928
vn 0.0133 0.9990 -0.0433
vn 0.1140 0.8793 -0.4624
vn 0.8024 -0.5813 -0.1352
vn 0.6149 -0.6507 0.4456
vn 0.2130 -0.9378 -0.2741
vn 0.1280 -0.9898 0.0618
vn 0.0452 -0.9878 0.1488
vn 0.2262 0.9622 0.1517
vn 0.6721 -0.4228 -0.6079
vn 0.3179 0.2789 -0.9062
vn 0.6053 -0.7936 -0.0620
vn 0.7181 -0.6922 -0.0725
vn -0.6598 -0.2992 -0.6893
vn -0.5337 0.5276 -0.6609
vn -0.5336 0.5277 -0.6609
vn -0.3403 0.6388 -0.6900
vn -0.1219 0.9579 -0.2599
vn 0.5475 0.1479 -0.8236
vn 0.6081 -0.4951 0.6205
vn -0.1466 0.1126 0.9828
vn 0.0468 0.2590 0.9648
vn 0.0503 0.9947 0.0899
vn 0.8218 0.0648 0.5661
vn 0.9568 -0.2577 0.1347
vn -0.5570 -0.8024 -0.2141
vn 0.1556 -0.9047 0.3966
vn 0.4938 0.8309 0.2564
vn 0.4154 0.9018 0.1194
vn 0.6760 0.0301 0.7363
vn -0.2219 0.9196 0.3241
vn -0.4423 -0.6713 0.5948
vn -0.9478 -0.3086 -0.0806
vn 0.4451 -0.7160 -0.5378
vn -0.2728 0.9208 0.2789
vn -0.8670 0.0093 -0.4983
vn -0.1904 0.6823 0.7059
vn 0.0000 -0.0165 0.9999
vn 0.2305 0.9607 -0.1549
vn -0.4299 0.7256 -0.5374
vn 0.0001 0.6852 -0.7284
vn 0.8165 0.4913 -0.3031
vn -0.5549 0.4696 0.6867
vn -0.4873 0.8704 0.0701
vn -0.0722 0.8858 -0.4585
vn -0.3166 -0.6216 0.7165
vn -0.5633 -0.7208 -0.4040
vn -0.2775 -0.4802 -0.8321
vn -0.6943 -0.7142 -0.0884
vn 0.0026 -0.9955 0.0948
vn -0.8861 0.4375 -0.1528
vn -0.3055 -0.7841 0.5402
vn -0.3171 -0.7032 0.6363
vn -0.0073 -0.6898 0.7240
vn -0.6202 -0.7235 -0.3031
vn -0.8618 -0.4931 -0.1189
vn -0.2158 -0.9255 0.3112
vn 0.4252 0.5221 -0.7394
vn -0.3349 -0.9266 0.1710
vn 0.0712 0.7380 -0.6710
vn 0.2055 0.1389 0.9688
vn 0.0425 0.3181 0.9471
vn -0.7710 0.2517 0.5849
vn -0.9818 -0.0634 0.1792
vn -0.3061 -0.8345 0.4582
vn 0.4864 -0.0264 -0.8734
vn -0.3183 0.9228 0.2172
vn -0.6290 0.1996 0.7513
vn 0.9861 -0.1659 -0.0098
vn -0.2989 -0.2561 0.9193
vn 0.0672 0.8973 0.4363
vn 0.5681 0.8139 0.1221
vn 0.7174 -0.4209 -0.5551
usemtl Material.001
s 1
f 712/710/528 711/711/529 710/712/530
f 713/713/531 711/711/529 712/710/528
f 713/713/531 714/714/532 711/711/529
f 715/715/533 714/714/532 713/713/531
f 715/715/533 716/716/534 714/714/532
f 717/717/535 716/716/534 715/715/533
f 717/717/535 718/718/536 716/716/534
f 719/719/537 718/718/536 717/717/535
f 719/719/537 720/720/530 718/718/536
f 721/721/538 720/720/530 719/719/537
f 721/721/538 722/722/528 720/720/530
f 723/723/539 722/722/528 721/721/538
f 723/723/539 724/724/540 722/722/528
f 725/725/541 724/724/540 723/723/539
f 725/725/541 726/726/542 724/724/540
f 727/727/543 726/726/542 725/725/541
f 727/727/543 728/728/544 726/726/542
f 729/729/545 728/728/544 727/727/543
f 729/729/545 730/730/546 728/728/544
f 731/731/547 730/730/546 729/729/545
f 731/731/547 732/732/548 730/730/546
f 733/733/549 732/732/548 731/731/547
f 733/733/549 734/734/550 732/732/548
f 735/735/551 734/734/550 733/733/549
f 735/735/551 736/736/552 734/734/550
f 737/737/553 736/736/552 735/735/551
f 737/737/553 738/738/554 736/736/552
f 739/739/555 738/738/554 737/737/553
f 739/739/555 740/740/556 738/738/554
f 741/741/557 740/740/556 739/739/555
f 741/741/557 742/742/558 740/740/556
f 743/743/559 742/742/558 741/741/557
f 743/743/559 744/744/560 742/742/558
f 745/745/561 744/744/560 743/743/559
f 745/745/561 746/746/562 744/744/560
f 747/747/563 746/746/562 745/745/561
f 747/747/563 748/748/564 746/746/562
f 749/749/565 748/748/564 747/747/563
f 749/749/565 750/750/566 748/748/564
f 751/751/567 750/750/566 749/749/565
f 751/751/567 752/752/568 750/750/566
f 753/753/569 752/752/568 751/751/567
f 753/753/569 754/754/570 752/752/568
f 755/755/571 754/754/570 753/753/569
f 755/755/571 756/756/572 754/754/570
f 757/757/573 756/756/572 755/755/571
f 757/757/573 758/758/574 756/756/572
f 759/759/575 758/758/574 757/757/573
f 759/759/575 760/760/576 758/758/574
f 761/761/577 760/760/576 759/759/575
f 761/761/577 762/762/578 760/760/576
f 763/763/579 762/762/578 761/761/577
f 763/763/579 764/764/580 762/762/578
f 765/765/581 764/764/580 763/763/579
f 765/765/581 766/766/582 764/764/580
f 767/767/583 766/766/582 765/765/581
f 767/767/583 768/768/584 766/766/582
f 769/769/585 768/768/584 767/767/583
f 772/770/554 771/771/586 770/772/587
f 773/773/588 771/771/586 772/770/554
f 773/773/588 774/774/589 771/771/586
f 775/775/590 774/774/589 773/773/588
f 775/775/590 776/776/591 774/774/589
f 777/777/592 776/776/591 775/775/590
f 777/777/592 778/778/593 776/776/591
f 779/779/594 778/778/593 777/777/592
f 779/779/594 780/780/595 778/778/593
f 781/781/596 780/780/595 779/779/594
f 781/781/596 782/782/597 780/780/595
f 783/783/598 782/782/597 781/781/596
f 783/783/598 784/784/599 782/782/597
f 785/785/600 784/784/599 783/783/598
f 785/785/600 786/786/601 784/784/599
f 787/787/602 786/786/601 785/785/600
f 787/787/602 788/788/603 786/786/601
f 789/789/604 788/788/603 787/787/602
f 789/789/604 790/790/605 788/788/603
f 791/791/606 790/790/605 789/789/604
f 791/791/606 792/792/607 790/790/605
f 793/793/608 792/792/607 791/791/606
f 793/793/608 794/794/609 792/792/607
f 795/795/610 794/794/609 793/793/608
f 795/795/610 796/796/611 794/794/609
f 797/797/612 796/796/611 795/795/610
f 797/797/612 798/798/613 796/796/611
f 799/799/614 798/798/613 797/797/612
f 799/799/614 800/800/615 798/798/613
f 801/801/616 800/800/615 799/799/614
f 801/801/616 802/802/617 800/800/615
f 803/803/618 802/802/617 801/801/616
f 803/803/618 804/804/619 802/802/617
f 805/805/620 804/804/619 803/803/618
f 805/805/620 806/806/621 804/804/619
f 807/807/622 806/806/621 805/805/620
f 807/807/622 808/808/623 806/806/621
f 809/809/624 808/808/623 807/807/622
f 809/809/624 810/810/621 808/808/623
f 811/811/625 810/810/621 809/809/624
f 811/811/625 812/812/626 810/810/621
f 813/813/627 812/812/626 811/811/625
f 813/813/627 814/814/628 812/812/626
f 815/815/629 814/814/628 813/813/627
f 815/815/629 816/816/630 814/814/628
f 819/817/631 818/818/632 817/819/633
f 820/820/634 818/818/632 819/817/631
f 820/820/634 821/821/635 818/818/632
f 822/822/636 821/821/635 820/820/634
f 822/822/636 823/823/637 821/821/635
f 824/824/638 823/823/637 822/822/636
f 824/824/638 825/825/639 823/823/637
f 826/826/640 825/825/639 824/824/638
f 826/826/640 827/827/641 825/825/639
f 828/828/642 827/827/641 826/826/640
f 828/828/642 829/829/622 827/827/641
f 830/830/643 829/829/622 828/828/642
f 830/830/643 831/831/624 829/829/622
f 832/832/644 831/831/624 830/830/643
f 832/832/644 833/833/645 831/831/624
f 834/834/646 833/833/645 832/832/644
f 834/834/646 835/835/647 833/833/645
f 836/836/648 835/835/647 834/834/646
f 836/836/648 837/837/649 835/835/647
f 838/838/650 837/837/649 836/836/648
f 838/838/650 839/839/651 837/837/649
f 840/840/652 839/839/651 838/838/650
f 840/840/652 841/841/653 839/839/651
f 842/842/654 841/841/653 840/840/652
f 842/842/654 843/843/655 841/841/653
f 844/844/656 843/843/655 842/842/654
f 844/844/656 845/845/657 843/843/655
f 846/846/658 845/845/657 844/844/656
f 846/846/658 847/847/659 845/845/657
f 848/848/660 847/847/659 846/846/658
f 848/848/660 849/849/661 847/847/659
f 850/850/662 849/849/661 848/848/660
f 850/850/662 851/851/663 849/849/661
f 852/852/664 851/851/663 850/850/662
f 852/852/664 853/853/665 851/851/663
f 854/854/666 853/853/665 852/852/664
f 854/854/666 855/855/667 853/853/665
f 856/856/668 855/855/667 854/854/666
f 856/856/668 857/857/669 855/855/667
f 858/858/670 857/857/669 856/856/668
f 858/858/670 859/859/671 857/857/669
f 860/860/672 859/859/671 858/858/670
f 860/860/672 861/861/673 859/859/671
f 862/862/674 861/861/673 860/860/672
f 862/862/674 863/863/675 861/861/673
f 866/864/676 865/865/677 864/866/678
f 867/867/679 865/865/677 866/864/676
f 867/867/679 868/868/680 865/865/677
f 869/869/681 868/868/680 867/867/679
f 869/869/681 870/870/682 868/868/680
f 871/871/683 870/870/682 869/869/681
f 871/871/683 872/872/684 870/870/682
f 873/873/685 872/872/684 871/871/683
f 873/873/685 874/874/686 872/872/684
f 875/875/687 874/874/686 873/873/685
f 875/875/687 876/876/688 874/874/686
f 877/877/689 876/876/688 875/875/687
f 877/877/689 878/878/690 876/876/688
f 879/879/691 878/878/690 877/877/689
f 879/879/691 880/880/692 878/878/690
f 881/881/693 880/880/692 879/879/691
f 881/881/693 882/882/694 880/880/692
f 883/883/695 882/882/694 881/881/693
f 883/883/695 884/884/696 882/882/694
f 885/885/697 884/884/696 883/883/695
f 885/885/697 886/886/698 884/884/696
f 887/887/699 886/886/698 885/885/697
f 887/887/699 888/888/700 886/886/698
f 889/889/701 888/888/700 887/887/699
f 889/889/701 890/890/702 888/888/700
f 891/891/703 890/890/702 889/889/701
f 891/891/703 892/892/704 890/890/702
f 893/893/705 892/892/704 891/891/703
f 893/893/705 894/894/706 892/892/704
f 895/895/707 894/894/706 893/893/705
f 895/895/707 896/896/708 894/894/706
f 897/897/709 896/896/708 895/895/707
f 897/897/709 898/898/710 896/896/708
f 899/899/711 898/898/710 897/897/709
f 899/899/711 900/900/712 898/898/710
f 901/901/713 900/900/712 899/899/711
f 901/901/713 902/902/714 900/900/712
f 903/903/715 902/902/714 901/901/713
f 903/903/715 904/904/716 902/902/714
f 905/905/717 904/904/716 903/903/715
f 905/905/717 906/906/718 904/904/716
f 909/907/719 908/908/720 907/909/721
f 910/910/722 908/908/720 909/907/719
f 910/910/722 911/911/723 908/908/720
f 912/912/724 911/911/723 910/910/722
f 912/912/724 913/913/725 911/911/723
f 914/914/726 913/913/725 912/912/724
f 914/914/726 915/915/727 913/913/725
f 916/916/728 915/915/727 914/914/726
f 916/916/728 917/917/729 915/915/727
f 918/918/730 917/917/729 916/916/728
f 918/918/730 919/919/731 917/917/729
f 920/920/732 919/919/731 918/918/730
f 920/920/732 921/921/733 919/919/731
f 922/922/734 921/921/733 920/920/732
f 922/922/734 923/923/735 921/921/733
f 924/924/736 923/923/735 922/922/734
f 924/924/736 925/925/737 923/923/735
f 926/926/738 925/925/737 924/924/736
f 926/926/738 927/927/739 925/925/737
f 928/928/740 927/927/739 926/926/738
f 928/928/740 929/929/741 927/927/739
f 930/930/742 929/929/741 928/928/740
f 930/930/742 931/931/743 929/929/741
f 932/932/744 931/931/743 930/930/742
f 932/932/744 933/933/745 931/931/743
f 934/934/746 933/933/745 932/932/744
f 934/934/746 935/935/747 933/933/745
f 936/936/748 935/935/747 934/934/746
f 936/936/748 937/937/749 935/935/747
f 938/938/750 937/937/749 936/936/748
f 938/938/750 939/939/751 937/937/749
f 940/940/752 939/939/751 938/938/750
f 940/940/752 941/941/753 939/939/751
f 942/942/754 941/941/753 940/940/752
f 942/942/754 943/943/755 941/941/753
f 944/944/756 943/943/755 942/942/754
f 947/945/757 946/946/758 945/947/759
f 948/948/760 946/946/758 947/945/757
f 948/948/760 949/949/761 946/946/758
f 950/950/762 949/949/761 948/948/760
f 950/950/762 951/951/763 949/949/761
f 952/952/764 951/951/763 950/950/762
f 952/952/764 953/953/765 951/951/763
f 954/954/766 953/953/765 952/952/764
f 954/954/766 955/955/767 953/953/765
f 956/956/768 955/955/767 954/954/766
f 956/956/768 957/957/769 955/955/767
f 958/958/770 957/957/769 956/956/768
f 958/958/770 959/959/771 957/957/769
f 960/960/772 959/959/771 958/958/770
f 960/960/772 961/961/773 959/959/771
f 962/962/774 961/961/773 960/960/772
f 962/962/774 963/963/775 961/961/773
f 964/964/776 963/963/775 962/962/774
f 964/964/776 965/965/777 963/963/775
f 966/966/778 965/965/777 964/964/776
f 966/966/778 967/967/779 965/965/777
f 968/968/780 967/967/779 966/966/778
f 968/968/780 969/969/781 967/967/779
f 970/970/782 969/969/781 968/968/780
f 970/970/782 971/971/783 969/969/781
f 972/972/784 971/971/783 970/970/782
f 972/972/784 973/973/785 971/971/783
f 974/974/786 973/973/785 972/972/784
f 974/974/786 975/975/787 973/973/785
f 976/976/788 975/975/787 974/974/786
f 976/976/788 977/977/789 975/975/787
f 978/978/790 977/977/789 976/976/788
f 978/978/790 979/979/791 977/977/789
f 980/980/792 979/979/791 978/978/790
f 980/980/792 981/981/793 979/979/791
f 982/982/794 981/981/793 980/980/792
f 985/983/795 984/984/796 983/985/797
f 986/986/798 984/984/796 985/983/795
f 986/986/798 987/987/799 984/984/796
f 988/988/800 987/987/799 986/986/798
f 988/988/800 989/989/801 987/987/799
f 990/990/802 989/989/801 988/988/800
f 990/990/802 991/991/803 989/989/801
f 992/992/804 991/991/803 990/990/802
f 992/992/804 993/993/805 991/991/803
f 994/994/806 993/993/805 992/992/804
f 994/994/806 995/995/807 993/993/805
f 996/996/808 995/995/807 994/994/806
f 996/996/808 997/997/809 995/995/807
f 998/998/810 997/997/809 996/996/808
f 998/998/810 999/999/811 997/997/809
f 1000/1000/812 999/999/811 998/998/810
f 1000/1000/812 1001/1001/813 999/999/811
f 1002/1002/814 1001/1001/813 1000/1000/812
f 1002/1002/814 1003/1003/815 1001/1001/813
f 1004/1004/816 1003/1003/815 1002/1002/814
f 1004/1004/816 1005/1005/817 1003/1003/815
f 1006/1006/818 1005/1005/817 1004/1004/816
f 1006/1006/818 1007/1007/819 1005/1005/817
f 1008/1008/820 1007/1007/819 1006/1006/818
f 1008/1008/820 1009/1009/821 1007/1007/819
f 1010/1010/822 1009/1009/821 1008/1008/820
f 1010/1010/822 1011/1011/823 1009/1009/821
f 1012/1012/824 1011/1011/823 1010/1010/822
f 1012/1012/824 1013/1013/825 1011/1011/823
f 1014/1014/826 1013/1013/825 1012/1012/824
f 1014/1014/826 1015/1015/827 1013/1013/825
f 1016/1016/795 1015/1015/827 1014/1014/826
f 1016/1016/795 1017/1017/828 1015/1015/827
f 1018/1018/829 1017/1017/828 1016/1016/795
f 1018/1018/829 1019/1019/830 1017/1017/828
f 1020/1020/831 1019/1019/830 1018/1018/829
f 1023/1021/832 1022/1022/833 1021/1023/834
f 1024/1024/835 1022/1022/833 1023/1021/832
f 1024/1024/835 1025/1025/836 1022/1022/833
f 1026/1026/837 1025/1025/836 1024/1024/835
f 1026/1026/837 1027/1027/838 1025/1025/836
f 1028/1028/839 1027/1027/838 1026/1026/837
f 1028/1028/839 1029/1029/840 1027/1027/838
f 1030/1030/841 1029/1029/840 1028/1028/839
f 1030/1030/841 1031/1031/842 1029/1029/840
f 1032/1032/843 1031/1031/842 1030/1030/841
f 1032/1032/843 1033/1033/844 1031/1031/842
f 1034/1034/845 1033/1033/844 1032/1032/843
f 1034/1034/845 1035/1035/846 1033/1033/844
f 1036/1036/847 1035/1035/846 1034/1034/845
f 1036/1036/847 1037/1037/848 1035/1035/846
f 1038/1038/849 1037/1037/848 1036/1036/847
f 1038/1038/849 1039/1039/850 1037/1037/848
f 1040/1040/851 1039/1039/850 1038/1038/849
f 1040/1040/851 1041/1041/852 1039/1039/850
f 1042/1042/853 1041/1041/852 1040/1040/851
f 1042/1042/853 1043/1043/854 1041/1041/852
f 1044/1044/855 1043/1043/854 1042/1042/853
f 1044/1044/855 1045/1045/856 1043/1043/854
f 1046/1046/851 1045/1045/856 1044/1044/855
f 1046/1046/851 1047/1047/857 1045/1045/856
f 1048/1048/858 1047/1047/857 1046/1046/851
f 1048/1048/858 1049/1049/859 1047/1047/857
f 1050/1050/849 1049/1049/859 1048/1048/858
f 1050/1050/849 1051/1051/860 1049/1049/859
f 1052/1052/847 1051/1051/860 1050/1050/849
f 1055/1053/861 1054/1054/862 1053/1055/863
f 1056/1056/864 1054/1054/862 1055/1053/861
f 1056/1056/864 1057/1057/865 1054/1054/862
f 1058/1058/866 1057/1057/865 1056/1056/864
f 1058/1058/866 1059/1059/867 1057/1057/865
f 1060/1060/868 1059/1059/867 1058/1058/866
f 1060/1060/868 1061/1061/869 1059/1059/867
f 1062/1062/870 1061/1061/869 1060/1060/868
f 1062/1062/870 1063/1063/871 1061/1061/869
f 1064/1064/872 1063/1063/871 1062/1062/870
f 1064/1064/872 1065/1065/873 1063/1063/871
f 1066/1066/874 1065/1065/873 1064/1064/872
f 1066/1066/874 1067/1067/875 1065/1065/873
f 1068/1068/876 1067/1067/875 1066/1066/874
f 1068/1068/876 1069/1069/877 1067/1067/875
f 1070/1070/878 1069/1069/877 1068/1068/876
f 1070/1070/878 1071/1071/879 1069/1069/877
f 1072/1072/880 1071/1071/879 1070/1070/878
f 1072/1072/880 1073/1073/881 1071/1071/879
f 1074/1074/882 1073/1073/881 1072/1072/880
f 1074/1074/882 1075/1075/883 1073/1073/881
f 1076/1076/884 1075/1075/883 1074/1074/882
f 1076/1076/884 1077/1077/879 1075/1075/883
f 1078/1078/885 1077/1077/879 1076/1076/884
f 1078/1078/885 1079/1079/886 1077/1077/879
f 1080/1080/887 1079/1079/886 1078/1078/885
f 1080/1080/887 1081/1081/877 1079/1079/886
f 1082/1082/888 1081/1081/877 1080/1080/887
f 1082/1082/888 1083/1083/889 1081/1081/877
f 1086/1084/890 1085/1085/891 1084/1086/892
f 1087/1087/893 1085/1085/891 1086/1084/890
f 1087/1087/893 1088/1088/894 1085/1085/891
f 1089/1089/895 1088/1088/894 1087/1087/893
f 1089/1089/895 1090/1090/896 1088/1088/894
f 1091/1091/897 1090/1090/896 1089/1089/895
f 1091/1091/897 1092/1092/898 1090/1090/896
f 1093/1093/899 1092/1092/898 1091/1091/897
f 1093/1093/899 1094/1094/891 1092/1092/898
f 1095/1095/880 1094/1094/891 1093/1093/899
f 1095/1095/880 1096/1096/892 1094/1094/891
f 1097/1097/900 1096/1096/892 1095/1095/880
f 1097/1097/900 1098/1098/901 1096/1096/892
f 1099/1099/902 1098/1098/901 1097/1097/900
f 1099/1099/902 1100/1100/903 1098/1098/901
f 1101/1101/904 1100/1100/903 1099/1099/902
f 1101/1101/904 1102/1102/905 1100/1100/903
f 1103/1103/906 1102/1102/905 1101/1101/904
f 1103/1103/906 1104/1104/907 1102/1102/905
f 1105/1105/908 1104/1104/907 1103/1103/906
f 1105/1105/908 1106/1106/909 1104/1104/907
f 1107/1107/910 1106/1106/909 1105/1105/908
f 1107/1107/910 1108/1108/911 1106/1106/909
f 1109/1109/912 1108/1108/911 1107/1107/910
f 1109/1109/912 1110/1110/905 1108/1108/911
f 1111/1111/901 1110/1110/905 1109/1109/912
f 1111/1111/901 1112/1112/903 1110/1110/905
f 1115/1113/913 1114/1114/914 1113/1115/915
f 1116/1116/916 1114/1114/914 1115/1113/913
f 1116/1116/916 1117/1117/917 1114/1114/914
f 1118/1118/918 1117/1117/917 1116/1116/916
f 1118/1118/918 1119/1119/919 1117/1117/917
f 1120/1120/920 1119/1119/919 1118/1118/918
f 1120/1120/920 1121/1121/921 1119/1119/919
f 1122/1122/922 1121/1121/921 1120/1120/920
f 1122/1122/922 1123/1123/923 1121/1121/921
f 1124/1124/924 1123/1123/923 1122/1122/922
f 1124/1124/924 1125/1125/925 1123/1123/923
f 1126/1126/926 1125/1125/925 1124/1124/924
f 1126/1126/926 1127/1127/927 1125/1125/925
f 1128/1128/928 1127/1127/927 1126/1126/926
f 1128/1128/928 1129/1129/929 1127/1127/927
f 1130/1130/852 1129/1129/929 1128/1128/928
f 1130/1130/852 1131/1131/930 1129/1129/929
f 1132/1132/931 1131/1131/930 1130/1130/852
f 1132/1132/931 1133/1133/932 1131/1131/930
f 1134/1134/933 1133/1133/932 1132/1132/931
f 1134/1134/933 1135/1135/934 1133/1133/932
f 1136/1136/935 1135/1135/934 1134/1134/933
f 1136/1136/935 1137/1137/936 1135/1135/934
f 1138/1138/937 1137/1137/936 1136/1136/935
f 1138/1138/937 1139/1139/938 1137/1137/936
f 1140/1140/939 1139/1139/938 1138/1138/937
f 1140/1140/939 1141/1141/929 1139/1139/938
f 1144/1142/940 1143/1143/941 1142/1144/687
f 1145/1145/942 1143/1143/941 1144/1142/940
f 1145/1145/942 1146/1146/691 1143/1143/941
f 1147/1147/943 1146/1146/691 1145/1145/942
f 1147/1147/943 1148/1148/944 1146/1146/691
f 1149/1149/945 1148/1148/944 1147/1147/943
f 1149/1149/945 1150/1150/946 1148/1148/944
f 1151/1151/947 1150/1150/946 1149/1149/945
f 1151/1151/947 1152/1152/948 1150/1150/946
f 1153/1153/949 1152/1152/948 1151/1151/947
f 1153/1153/949 1154/1154/950 1152/1152/948
f 1155/1155/951 1154/1154/950 1153/1153/949
f 1155/1155/951 1156/1156/952 1154/1154/950
f 1157/1157/953 1156/1156/952 1155/1155/951
f 1157/1157/953 1158/1158/954 1156/1156/952
f 1159/1159/955 1158/1158/954 1157/1157/953
f 1159/1159/955 1160/1160/956 1158/1158/954
f 1161/1161/957 1160/1160/956 1159/1159/955
f 1161/1161/957 1162/1162/958 1160/1160/956
f 1163/1163/959 1162/1162/958 1161/1161/957
f 1163/1163/959 1164/1164/960 1162/1162/958
f 1165/1165/961 1164/1164/960 1163/1163/959
f 1165/1165/961 1166/1166/962 1164/1164/960
f 1167/1167/963 1166/1166/962 1165/1165/961
f 1167/1167/963 1168/1168/964 1166/1166/962
f 1171/1169/965 1170/1170/966 1169/1171/967
f 1172/1172/968 1170/1170/966 1171/1169/965
f 1172/1172/968 1173/1173/969 1170/1170/966
f 1174/1174/970 1173/1173/969 1172/1172/968
f 1174/1174/970 1175/1175/971 1173/1173/969
f 1176/1176/972 1175/1175/971 1174/1174/970
f 1176/1176/972 1177/1177/973 1175/1175/971
f 1178/1178/974 1177/1177/973 1176/1176/972
f 1178/1178/974 1179/1179/975 1177/1177/973
f 1180/1180/967 1179/1179/975 1178/1178/974
f 1180/1180/967 1181/1181/976 1179/1179/975
f 1182/1182/977 1181/1181/976 1180/1180/967
f 1182/1182/977 1183/1183/978 1181/1181/976
f 1184/1184/979 1183/1183/978 1182/1182/977
f 1184/1184/979 1185/1185/980 1183/1183/978
f 1186/1186/981 1185/1185/980 1184/1184/979
f 1186/1186/981 1187/1187/982 1185/1185/980
f 1188/1188/983 1187/1187/982 1186/1186/981
f 1188/1188/983 1189/1189/984 1187/1187/982
f 1190/1190/985 1189/1189/984 1188/1188/983
f 1190/1190/985 1191/1191/986 1189/1189/984
f 1192/1192/987 1191/1191/986 1190/1190/985
f 1192/1192/987 1193/1193/988 1191/1191/986
f 1194/1194/989 1193/1193/988 1192/1192/987
f 1194/1194/989 1195/1195/990 1193/1193/988
f 1198/1196/991 1197/1197/992 1196/1198/585
f 1199/1199/993 1197/1197/992 1198/1196/991
f 1199/1199/993 1200/1200/994 1197/1197/992
f 1201/1201/995 1200/1200/994 1199/1199/993
f 1201/1201/995 1202/1202/996 1200/1200/994
f 1203/1203/997 1202/1202/996 1201/1201/995
f 1203/1203/997 1204/1204/998 1202/1202/996
f 1205/1205/575 1204/1204/998 1203/1203/997
f 1205/1205/575 1206/1206/999 1204/1204/998
f 1207/1207/1000 1206/1206/999 1205/1205/575
f 1207/1207/1000 1208/1208/1001 1206/1206/999
f 1209/1209/1002 1208/1208/1001 1207/1207/1000
f 1209/1209/1002 1210/1210/1003 1208/1208/1001
f 1211/1211/1004 1210/1210/1003 1209/1209/1002
f 1211/1211/1004 1212/1212/1005 1210/1210/1003
f 1213/1213/1006 1212/1212/1005 1211/1211/1004
f 1213/1213/1006 1214/1214/1007 1212/1212/1005
f 1215/1215/1008 1214/1214/1007 1213/1213/1006
f 1215/1215/1008 1216/1216/1009 1214/1214/1007
f 1217/1217/1010 1216/1216/1009 1215/1215/1008
f 1217/1217/1010 1218/1218/656 1216/1216/1009
f 1219/1219/1011 1218/1218/656 1217/1217/1010
f 1219/1219/1011 1220/1220/1012 1218/1218/656
f 1221/1221/1013 1220/1220/1012 1219/1219/1011
f 1224/1222/1014 1223/1223/1015 1222/1224/1016
f 1225/1225/1017 1223/1223/1015 1224/1222/1014
f 1225/1225/1017 1226/1226/1018 1223/1223/1015
f 1227/1227/1019 1226/1226/1018 1225/1225/1017
f 1227/1227/1019 1228/1228/1020 1226/1226/1018
f 1229/1229/1021 1228/1228/1020 1227/1227/1019
f 1229/1229/1021 1230/1230/1022 1228/1228/1020
f 1231/1231/1023 1230/1230/1022 1229/1229/1021
f 1231/1231/1023 1232/1232/1024 1230/1230/1022
f 1233/1233/1025 1232/1232/1024 1231/1231/1023
f 1233/1233/1025 1234/1234/1026 1232/1232/1024
f 1235/1235/1027 1234/1234/1026 1233/1233/1025
f 1235/1235/1027 1236/1236/1028 1234/1234/1026
f 1237/1237/1029 1236/1236/1028 1235/1235/1027
f 1237/1237/1029 1238/1238/1030 1236/1236/1028
f 1239/1239/1031 1238/1238/1030 1237/1237/1029
f 1239/1239/1031 1240/1240/1032 1238/1238/1030
f 1241/1241/1033 1240/1240/1032 1239/1239/1031
f 1241/1241/1033 1242/1242/1034 1240/1240/1032
f 1243/1243/1035 1242/1242/1034 1241/1241/1033
f 1243/1243/1035 1244/1244/1036 1242/1242/1034
f 1245/1245/1037 1244/1244/1036 1243/1243/1035
f 1245/1245/1037 1246/1246/1038 1244/1244/1036
f 1249/1247/1039 1248/1248/1040 1247/1249/1041
f 1250/1250/1042 1248/1248/1040 1249/1247/1039
f 1250/1250/1042 1251/1251/1043 1248/1248/1040
f 1252/1252/1044 1251/1251/1043 1250/1250/1042
f 1252/1252/1044 1253/1253/1045 1251/1251/1043
f 1254/1254/1046 1253/1253/1045 1252/1252/1044
f 1254/1254/1046 1255/1255/1047 1253/1253/1045
f 1256/1256/1048 1255/1255/1047 1254/1254/1046
f 1256/1256/1048 1257/1257/1049 1255/1255/1047
f 1258/1258/1050 1257/1257/1049 1256/1256/1048
f 1258/1258/1050 1259/1259/1051 1257/1257/1049
f 1260/1260/1052 1259/1259/1051 1258/1258/1050
f 1260/1260/1052 1261/1261/1053 1259/1259/1051
f 1262/1262/1054 1261/1261/1053 1260/1260/1052
f 1262/1262/1054 1263/1263/1055 1261/1261/1053
f 1264/1264/1056 1263/1263/1055 1262/1262/1054
f 1264/1264/1056 1265/1265/1057 1263/1263/1055
f 1266/1266/1058 1265/1265/1057 1264/1264/1056
f 1266/1266/1058 1267/1267/1059 1265/1265/1057
f 1268/1268/1060 1267/1267/1059 1266/1266/1058
f 1268/1268/1060 1269/1269/1061 1267/1267/1059
f 1270/1270/1062 1269/1269/1061 1268/1268/1060
f 1270/1270/1062 1271/1271/1063 1269/1269/1061
f 1274/1272/1064 1273/1273/1065 1272/1274/641
f 1275/1275/1066 1273/1273/1065 1274/1272/1064
f 1275/1275/1066 1276/1276/1067 1273/1273/1065
f 1277/1277/1068 1276/1276/1067 1275/1275/1066
f 1277/1277/1068 1278/1278/1069 1276/1276/1067
f 1279/1279/1070 1278/1278/1069 1277/1277/1068
f 1279/1279/1070 1280/1280/556 1278/1278/1069
f 1281/1281/1071 1280/1280/556 1279/1279/1070
f 1281/1281/1071 1282/1282/1072 1280/1280/556
f 1283/1283/1073 1282/1282/1072 1281/1281/1071
f 1283/1283/1073 1284/1284/1074 1282/1282/1072
f 1285/1285/1075 1284/1284/1074 1283/1283/1073
f 1285/1285/1075 1286/1286/1076 1284/1284/1074
f 1287/1287/1077 1286/1286/1076 1285/1285/1075
f 1287/1287/1077 1288/1288/1078 1286/1286/1076
f 1289/1289/1079 1288/1288/1078 1287/1287/1077
f 1289/1289/1079 1290/1290/1080 1288/1288/1078
f 1291/1291/1081 1290/1290/1080 1289/1289/1079
f 1291/1291/1081 1292/1292/1082 1290/1290/1080
f 1293/1293/1083 1292/1292/1082 1291/1291/1081
f 1293/1293/1083 1294/1294/602 1292/1292/1082
f 1297/1295/1084 1296/1296/1085 1295/1297/686
f 1298/1298/1086 1296/1296/1085 1297/1295/1084
f 1298/1298/1086 1299/1299/1087 1296/1296/1085
f 1300/1300/1088 1299/1299/1087 1298/1298/1086
f 1300/1300/1088 1301/1301/1089 1299/1299/1087
f 1302/1302/1090 1301/1301/1089 1300/1300/1088
f 1302/1302/1090 1303/1303/1091 1301/1301/1089
f 1304/1304/1092 1303/1303/1091 1302/1302/1090
f 1304/1304/1092 1305/1305/1093 1303/1303/1091
f 1306/1306/1094 1305/1305/1093 1304/1304/1092
f 1306/1306/1094 1307/1307/1095 1305/1305/1093
f 1308/1308/1096 1307/1307/1095 1306/1306/1094
f 1308/1308/1096 1309/1309/1097 1307/1307/1095
f 1310/1310/1098 1309/1309/1097 1308/1308/1096
f 1310/1310/1098 1311/1311/1099 1309/1309/1097
f 1312/1312/704 1311/1311/1099 1310/1310/1098
f 1312/1312/704 1313/1313/1100 1311/1311/1099
f 1314/1314/1101 1313/1313/1100 1312/1312/704
f 1314/1314/1101 1315/1315/1102 1313/1313/1100
f 1316/1316/1103 1315/1315/1102 1314/1314/1101
f 1316/1316/1103 1317/1317/1104 1315/1315/1102
f 1320/1318/1105 1319/1319/1106 1318/1320/1107
f 1321/1321/1108 1319/1319/1106 1320/1318/1105
f 1321/1321/1108 1322/1322/1109 1319/1319/1106
f 1323/1323/1110 1322/1322/1109 1321/1321/1108
f 1323/1323/1110 1324/1324/1111 1322/1322/1109
f 1325/1325/1112 1324/1324/1111 1323/1323/1110
f 1325/1325/1112 1326/1326/1113 1324/1324/1111
f 1327/1327/1114 1326/1326/1113 1325/1325/1112
f 1327/1327/1114 1328/1328/1115 1326/1326/1113
f 1329/1329/1108 1328/1328/1115 1327/1327/1114
f 1329/1329/1108 1330/1330/1116 1328/1328/1115
f 1331/1331/1117 1330/1330/1116 1329/1329/1108
f 1331/1331/1117 1332/1332/1118 1330/1330/1116
f 1333/1333/902 1332/1332/1118 1331/1331/1117
f 1333/1333/902 1334/1334/1119 1332/1332/1118
f 1335/1335/1120 1334/1334/1119 1333/1333/902
f 1335/1335/1120 1336/1336/1121 1334/1334/1119
f 1337/1337/1122 1336/1336/1121 1335/1335/1120
f 1337/1337/1122 1338/1338/1123 1336/1336/1121
f 1339/1339/864 1338/1338/1123 1337/1337/1122
f 1339/1339/864 1340/1340/1124 1338/1338/1123
f 1343/1341/836 1342/1342/1125 1341/1343/1126
f 1344/1344/1127 1342/1342/1125 1343/1341/836
f 1344/1344/1127 1345/1345/1128 1342/1342/1125
f 1346/1346/1129 1345/1345/1128 1344/1344/1127
f 1346/1346/1129 1347/1347/1130 1345/1345/1128
f 1348/1348/926 1347/1347/1130 1346/1346/1129
f 1348/1348/926 1349/1349/1131 1347/1347/1130
f 1350/1350/1132 1349/1349/1131 1348/1348/926
f 1350/1350/1132 1351/1351/1133 1349/1349/1131
f 1352/1352/1134 1351/1351/1133 1350/1350/1132
f 1352/1352/1134 1353/1353/1135 1351/1351/1133
f 1354/1354/1136 1353/1353/1135 1352/1352/1134
f 1354/1354/1136 1355/1355/1137 1353/1353/1135
f 1356/1356/1138 1355/1355/1137 1354/1354/1136
f 1356/1356/1138 1357/1357/1139 1355/1355/1137
f 1358/1358/1140 1357/1357/1139 1356/1356/1138
f 1358/1358/1140 1359/1359/1141 1357/1357/1139
f 1360/1360/1142 1359/1359/1141 1358/1358/1140
f 1360/1360/1142 1361/1361/1143 1359/1359/1141
f 1362/1362/1132 1361/1361/1143 1360/1360/1142
f 1362/1362/1132 1363/1363/926 1361/1361/1143
f 1366/1364/1144 1365/1365/1145 1364/1366/1146
f 1367/1367/1147 1365/1365/1145 1366/1364/1144
f 1367/1367/1147 1368/1368/1148 1365/1365/1145
f 1369/1369/1149 1368/1368/1148 1367/1367/1147
f 1369/1369/1149 1370/1370/1150 1368/1368/1148
f 1371/1371/1151 1370/1370/1150 1369/1369/1149
f 1371/1371/1151 1372/1372/1152 1370/1370/1150
f 1373/1373/1153 1372/1372/1152 1371/1371/1151
f 1373/1373/1153 1374/1374/1154 1372/1372/1152
f 1375/1375/1155 1374/1374/1154 1373/1373/1153
f 1375/1375/1155 1376/1376/1156 1374/1374/1154
f 1377/1377/1157 1376/1376/1156 1375/1375/1155
f 1377/1377/1157 1378/1378/1158 1376/1376/1156
f 1379/1379/1159 1378/1378/1158 1377/1377/1157
f 1379/1379/1159 1380/1380/1160 1378/1378/1158
f 1381/1381/1161 1380/1380/1160 1379/1379/1159
f 1381/1381/1161 1382/1382/1162 1380/1380/1160
f 1383/1383/1163 1382/1382/1162 1381/1381/1161
f 1383/1383/1163 1384/1384/1164 1382/1382/1162
f 1387/1385/1165 1386/1386/1166 1385/1387/1167
f 1388/1388/1168 1386/1386/1166 1387/1385/1165
f 1388/1388/1168 1389/1389/1169 1386/1386/1166
f 1390/1390/1170 1389/1389/1169 1388/1388/1168
f 1390/1390/1170 1391/1391/1171 1389/1389/1169
f 1392/1392/1172 1391/1391/1171 1390/1390/1170
f 1392/1392/1172 1393/1393/1173 1391/1391/1171
f 1394/1394/1174 1393/1393/1173 1392/1392/1172
f 1394/1394/1174 1395/1395/1175 1393/1393/1173
f 1396/1396/1176 1395/1395/1175 1394/1394/1174
f 1396/1396/1176 1397/1397/1177 1395/1395/1175
f 1398/1398/1178 1397/1397/1177 1396/1396/1176
f 1398/1398/1178 1399/1399/1179 1397/1397/1177
f 1400/1400/1180 1399/1399/1179 1398/1398/1178
f 1400/1400/1180 1401/1401/1181 1399/1399/1179
f 1402/1402/1182 1401/1401/1181 1400/1400/1180
f 1402/1402/1182 1403/1403/1183 1401/1401/1181
f 1404/1404/1184 1403/1403/1183 1402/1402/1182
f 1407/1405/1145 1406/1406/1185 1405/1407/964
f 1408/1408/1148 1406/1406/1185 1407/1405/1145
f 1408/1408/1148 1409/1409/1186 1406/1406/1185
f 1410/1410/1187 1409/1409/1186 1408/1408/1148
f 1410/1410/1187 1411/1411/1188 1409/1409/1186
f 1412/1412/1189 1411/1411/1188 1410/1410/1187
f 1412/1412/1189 1413/1413/1190 1411/1411/1188
f 1414/1414/1191 1413/1413/1190 1412/1412/1189
f 1414/1414/1191 1415/1415/1192 1413/1413/1190
f 1416/1416/1193 1415/1415/1192 1414/1414/1191
f 1416/1416/1193 1417/1417/1194 1415/1415/1192
f 1418/1418/1195 1417/1417/1194 1416/1416/1193
f 1418/1418/1195 1419/1419/1196 1417/1417/1194
f 1420/1420/1197 1419/1419/1196 1418/1418/1195
f 1420/1420/1197 1421/1421/1198 1419/1419/1196
f 1422/1422/1162 1421/1421/1198 1420/1420/1197
f 1422/1422/1162 1423/1423/1199 1421/1421/1198
f 1426/1424/1200 1425/1425/1196 1424/1426/1201
f 1427/1427/1202 1425/1425/1196 1426/1424/1200
f 1427/1427/1202 1428/1428/1203 1425/1425/1196
f 1429/1429/1204 1428/1428/1203 1427/1427/1202
f 1429/1429/1204 1430/1430/1192 1428/1428/1203
f 1431/1431/1205 1430/1430/1192 1429/1429/1204
f 1431/1431/1205 1432/1432/1206 1430/1430/1192
f 1433/1433/1207 1432/1432/1206 1431/1431/1205
f 1433/1433/1207 1434/1434/1208 1432/1432/1206
f 1435/1435/1209 1434/1434/1208 1433/1433/1207
f 1435/1435/1209 1436/1436/1210 1434/1434/1208
f 1437/1437/1211 1436/1436/1210 1435/1435/1209
f 1437/1437/1211 1438/1438/1212 1436/1436/1210
f 1439/1439/1213 1438/1438/1212 1437/1437/1211
f 1439/1439/1213 1440/1440/1214 1438/1438/1212
f 1441/1441/1215 1440/1440/1214 1439/1439/1213
f 1441/1441/1215 1442/1442/1216 1440/1440/1214
f 1445/1443/1217 1444/1444/1218 1443/1445/539
f 1446/1446/1219 1444/1444/1218 1445/1443/1217
f 1446/1446/1219 1447/1447/1220 1444/1444/1218
f 1448/1448/1221 1447/1447/1220 1446/1446/1219
f 1448/1448/1221 1449/1449/1222 1447/1447/1220
f 1450/1450/1223 1449/1449/1222 1448/1448/1221
f 1450/1450/1223 1451/1451/1224 1449/1449/1222
f 1452/1452/1225 1451/1451/1224 1450/1450/1223
f 1452/1452/1225 1453/1453/1226 1451/1451/1224
f 1454/1454/1227 1453/1453/1226 1452/1452/1225
f 1454/1454/1227 1455/1455/549 1453/1453/1226
f 1456/1456/1228 1455/1455/549 1454/1454/1227
f 1456/1456/1228 1457/1457/1229 1455/1455/549
f 1458/1458/1230 1457/1457/1229 1456/1456/1228
f 1458/1458/1230 1459/1459/557 1457/1457/1229
f 1460/1460/1231 1459/1459/557 1458/1458/1230
f 1463/1461/961 1462/1462/678 1461/1463/1232
f 1464/1464/1233 1462/1462/678 1463/1461/961
f 1464/1464/1233 1465/1465/1234 1462/1462/678
f 1466/1466/957 1465/1465/1234 1464/1464/1233
f 1466/1466/957 1467/1467/1235 1465/1465/1234
f 1468/1468/955 1467/1467/1235 1466/1466/957
f 1468/1468/955 1469/1469/1236 1467/1467/1235
f 1470/1470/953 1469/1469/1236 1468/1468/955
f 1470/1470/953 1471/1471/1237 1469/1469/1236
f 1472/1472/1238 1471/1471/1237 1470/1470/953
f 1472/1472/1238 1473/1473/1239 1471/1471/1237
f 1474/1474/1240 1473/1473/1239 1472/1472/1238
f 1474/1474/1240 1475/1475/1241 1473/1473/1239
f 1476/1476/947 1475/1475/1241 1474/1474/1240
f 1476/1476/947 1477/1477/1242 1475/1475/1241
f 1478/1478/945 1477/1477/1242 1476/1476/947
f 1481/1479/1243 1480/1480/1244 1479/1481/1245
f 1482/1482/1246 1480/1480/1244 1481/1479/1243
f 1482/1482/1246 1483/1483/1247 1480/1480/1244
f 1484/1484/1248 1483/1483/1247 1482/1482/1246
f 1484/1484/1248 1485/1485/1249 1483/1483/1247
f 1486/1486/1250 1485/1485/1249 1484/1484/1248
f 1486/1486/1250 1487/1487/1251 1485/1485/1249
f 1488/1488/1252 1487/1487/1251 1486/1486/1250
f 1488/1488/1252 1489/1489/1253 1487/1487/1251
f 1490/1490/1254 1489/1489/1253 1488/1488/1252
f 1490/1490/1254 1491/1491/1255 1489/1489/1253
f 1492/1492/1256 1491/1491/1255 1490/1490/1254
f 1492/1492/1256 1493/1493/645 1491/1491/1255
f 1494/1494/1257 1493/1493/645 1492/1492/1256
f 1494/1494/1257 1495/1495/1258 1493/1493/645
f 1498/1496/554 1497/1497/1259 1496/1498/1260
f 1499/1499/1261 1497/1497/1259 1498/1496/554
f 1499/1499/1261 1500/1500/1262 1497/1497/1259
f 1501/1501/1263 1500/1500/1262 1499/1499/1261
f 1501/1501/1263 1502/1502/1264 1500/1500/1262
f 1503/1503/596 1502/1502/1264 1501/1501/1263
f 1503/1503/596 1504/1504/1265 1502/1502/1264
f 1505/1505/594 1504/1504/1265 1503/1503/596
f 1505/1505/594 1506/1506/1266 1504/1504/1265
f 1507/1507/1267 1506/1506/1266 1505/1505/594
f 1507/1507/1267 1508/1508/554 1506/1506/1266
f 1509/1509/1268 1508/1508/554 1507/1507/1267
f 1509/1509/1268 1510/1510/1269 1508/1508/554
f 1511/1511/592 1510/1510/1269 1509/1509/1268
f 1514/1512/1270 1513/1513/1271 1512/1514/1272
f 1515/1515/1273 1513/1513/1271 1514/1512/1270
f 1515/1515/1273 1516/1516/1274 1513/1513/1271
f 1517/1517/1275 1516/1516/1274 1515/1515/1273
f 1517/1517/1275 1518/1518/960 1516/1516/1274
f 1519/1519/1276 1518/1518/960 1517/1517/1275
f 1519/1519/1276 1520/1520/1277 1518/1518/960
f 1521/1521/1278 1520/1520/1277 1519/1519/1276
f 1521/1521/1278 1522/1522/1279 1520/1520/1277
f 1523/1523/1280 1522/1522/1279 1521/1521/1278
f 1523/1523/1280 1524/1524/1281 1522/1522/1279
f 1525/1525/1282 1524/1524/1281 1523/1523/1280
f 1525/1525/1282 1526/1526/1283 1524/1524/1281
f 1527/1527/950 1526/1526/1283 1525/1525/1282
f 1530/1528/1284 1529/1529/1285 1528/1530/1286
f 1531/1531/1287 1529/1529/1285 1530/1528/1284
f 1531/1531/1287 1532/1532/1288 1529/1529/1285
f 1533/1533/1289 1532/1532/1288 1531/1531/1287
f 1533/1533/1289 1534/1534/1290 1532/1532/1288
f 1535/1535/1291 1534/1534/1290 1533/1533/1289
f 1535/1535/1291 1536/1536/1292 1534/1534/1290
f 1537/1537/1293 1536/1536/1292 1535/1535/1291
f 1537/1537/1293 1538/1538/1294 1536/1536/1292
f 1539/1539/1295 1538/1538/1294 1537/1537/1293
f 1539/1539/1295 1540/1540/1296 1538/1538/1294
f 1541/1541/1297 1540/1540/1296 1539/1539/1295
f 1541/1541/1297 1542/1542/1298 1540/1540/1296
f 1543/1543/1299 1542/1542/1298 1541/1541/1297
f 1546/1544/1298 1545/1545/1300 1544/1546/1301
f 1547/1547/1285 1545/1545/1300 1546/1544/1298
f 1547/1547/1285 1548/1548/1302 1545/1545/1300
f 1549/1549/1303 1548/1548/1302 1547/1547/1285
f 1549/1549/1303 1550/1550/1304 1548/1548/1302
f 1551/1551/1305 1550/1550/1304 1549/1549/1303
f 1551/1551/1305 1552/1552/1306 1550/1550/1304
f 1553/1553/1292 1552/1552/1306 1551/1551/1305
f 1553/1553/1292 1554/1554/1307 1552/1552/1306
f 1555/1555/1294 1554/1554/1307 1553/1553/1292
f 1555/1555/1294 1556/1556/1308 1554/1554/1307
f 1557/1557/1296 1556/1556/1308 1555/1555/1294
f 1557/1557/1296 1558/1558/1301 1556/1556/1308
f 1559/1559/1309 1558/1558/1301 1557/1557/1296
f 1562/1560/1310 1561/1561/1311 1560/1562/1312
f 1563/1563/1313 1561/1561/1311 1562/1560/1310
f 1563/1563/1313 1564/1564/1314 1561/1561/1311
f 1565/1565/1315 1564/1564/1314 1563/1563/1313
f 1565/1565/1315 1566/1566/1316 1564/1564/1314
f 1567/1567/1317 1566/1566/1316 1565/1565/1315
f 1567/1567/1317 1568/1568/1318 1566/1566/1316
f 1569/1569/1319 1568/1568/1318 1567/1567/1317
f 1569/1569/1319 1570/1570/1320 1568/1568/1318
f 1571/1571/1321 1570/1570/1320 1569/1569/1319
f 1571/1571/1321 1572/1572/1322 1570/1570/1320
f 1573/1573/1323 1572/1572/1322 1571/1571/1321
f 1573/1573/1323 1574/1574/815 1572/1572/1322
f 1577/1575/1324 1576/1576/1325 1575/1577/1326
f 1578/1578/1327 1576/1576/1325 1577/1575/1324
f 1578/1578/1327 1579/1579/642 1576/1576/1325
f 1580/1580/1328 1579/1579/642 1578/1578/1327
f 1580/1580/1328 1581/1581/1329 1579/1579/642
f 1582/1582/1330 1581/1581/1329 1580/1580/1328
f 1582/1582/1330 1583/1583/1331 1581/1581/1329
f 1584/1584/1332 1583/1583/1331 1582/1582/1330
f 1584/1584/1332 1585/1585/646 1583/1583/1331
f 1586/1586/1333 1585/1585/646 1584/1584/1332
f 1586/1586/1333 1587/1587/1334 1585/1585/646
f 1588/1588/650 1587/1587/1334 1586/1586/1333
f 1588/1588/650 1589/1589/648 1587/1587/1334
f 1592/1590/1335 1591/1591/1336 1590/1592/1337
f 1593/1593/1006 1591/1591/1336 1592/1590/1335
f 1593/1593/1006 1594/1594/1338 1591/1591/1336
f 1595/1595/1004 1594/1594/1338 1593/1593/1006
f 1595/1595/1004 1596/1596/1339 1594/1594/1338
f 1597/1597/1002 1596/1596/1339 1595/1595/1004
f 1597/1597/1002 1598/1598/1340 1596/1596/1339
f 1599/1599/1341 1598/1598/1340 1597/1597/1002
f 1599/1599/1341 1600/1600/1342 1598/1598/1340
f 1601/1601/569 1600/1600/1342 1599/1599/1341
f 1601/1601/569 1602/1602/1343 1600/1600/1342
f 1603/1603/1344 1602/1602/1343 1601/1601/569
f 1603/1603/1344 1604/1604/565 1602/1602/1343
f 1607/1605/1345 1606/1606/1346 1605/1607/990
f 1608/1608/1347 1606/1606/1346 1607/1605/1345
f 1608/1608/1347 1609/1609/1348 1606/1606/1346
f 1610/1610/1349 1609/1609/1348 1608/1608/1347
f 1610/1610/1349 1611/1611/1350 1609/1609/1348
f 1612/1612/1351 1611/1611/1350 1610/1610/1349
f 1612/1612/1351 1613/1613/1352 1611/1611/1350
f 1614/1614/1353 1613/1613/1352 1612/1612/1351
f 1614/1614/1353 1615/1615/1354 1613/1613/1352
f 1616/1616/1355 1615/1615/1354 1614/1614/1353
f 1616/1616/1355 1617/1617/1356 1615/1615/1354
f 1618/1618/966 1617/1617/1356 1616/1616/1355
f 1618/1618/966 1619/1619/969 1617/1617/1356
f 1622/1620/1357 1621/1621/1358 1620/1622/1359
f 1623/1623/1360 1621/1621/1358 1622/1620/1357
f 1623/1623/1360 1624/1624/1361 1621/1621/1358
f 1625/1625/1362 1624/1624/1361 1623/1623/1360
f 1625/1625/1362 1626/1626/1363 1624/1624/1361
f 1627/1627/1364 1626/1626/1363 1625/1625/1362
f 1627/1627/1364 1628/1628/1365 1626/1626/1363
f 1629/1629/1366 1628/1628/1365 1627/1627/1364
f 1629/1629/1366 1630/1630/1367 1628/1628/1365
f 1631/1631/1368 1630/1630/1367 1629/1629/1366
f 1631/1631/1368 1632/1632/1369 1630/1630/1367
f 1633/1633/1370 1632/1632/1369 1631/1631/1368
f 1633/1633/1370 1634/1634/1359 1632/1632/1369
f 1637/1635/1371 1636/1636/1372 1635/1637/1370
f 1638/1638/1373 1636/1636/1372 1637/1635/1371
f 1638/1638/1373 1639/1639/1374 1636/1636/1372
f 1640/1640/1375 1639/1639/1374 1638/1638/1373
f 1640/1640/1375 1641/1641/1376 1639/1639/1374
f 1642/1642/1377 1641/1641/1376 1640/1640/1375
f 1642/1642/1377 1643/1643/1378 1641/1641/1376
f 1644/1644/1379 1643/1643/1378 1642/1642/1377
f 1644/1644/1379 1645/1645/1366 1643/1643/1378
f 1646/1646/1380 1645/1645/1366 1644/1644/1379
f 1646/1646/1380 1647/1647/1381 1645/1645/1366
f 1648/1648/1382 1647/1647/1381 1646/1646/1380
f 1648/1648/1382 1649/1649/1383 1647/1647/1381
f 1652/1650/1384 1651/1651/1385 1650/1652/678
f 1653/1653/1386 1651/1651/1385 1652/1650/1384
f 1653/1653/1386 1654/1654/1147 1651/1651/1385
f 1655/1655/1387 1654/1654/1147 1653/1653/1386
f 1655/1655/1387 1656/1656/1149 1654/1654/1147
f 1657/1657/1388 1656/1656/1149 1655/1655/1387
f 1657/1657/1388 1658/1658/1151 1656/1656/1149
f 1659/1659/1389 1658/1658/1151 1657/1657/1388
f 1659/1659/1389 1660/1660/1390 1658/1658/1151
f 1661/1661/1391 1660/1660/1390 1659/1659/1389
f 1661/1661/1391 1662/1662/1392 1660/1660/1390
f 1663/1663/1087 1662/1662/1392 1661/1661/1391
f 1663/1663/1087 1664/1664/1393 1662/1662/1392
f 1667/1665/1394 1666/1666/1395 1665/1667/1396
f 1668/1668/1397 1666/1666/1395 1667/1665/1394
f 1668/1668/1397 1669/1669/1398 1666/1666/1395
f 1670/1670/1244 1669/1669/1398 1668/1668/1397
f 1670/1670/1244 1671/1671/1399 1669/1669/1398
f 1672/1672/1400 1671/1671/1399 1670/1670/1244
f 1672/1672/1400 1673/1673/1401 1671/1671/1399
f 1674/1674/1402 1673/1673/1401 1672/1672/1400
f 1674/1674/1402 1675/1675/1403 1673/1673/1401
f 1676/1676/649 1675/1675/1403 1674/1674/1402
f 1676/1676/649 1677/1677/1404 1675/1675/1403
f 1680/1678/1065 1679/1679/1405 1678/1680/1406
f 1681/1681/1407 1679/1679/1405 1680/1678/1065
f 1681/1681/1407 1682/1682/635 1679/1679/1405
f 1683/1683/1408 1682/1682/635 1681/1681/1407
f 1683/1683/1408 1684/1684/1409 1682/1682/635
f 1685/1685/1410 1684/1684/1409 1683/1683/1408
f 1685/1685/1410 1686/1686/1411 1684/1684/1409
f 1687/1687/1412 1686/1686/1411 1685/1685/1410
f 1687/1687/1412 1688/1688/1413 1686/1686/1411
f 1689/1689/1414 1688/1688/1413 1687/1687/1412
f 1689/1689/1414 1690/1690/568 1688/1688/1413
f 1693/1691/1415 1692/1692/550 1691/1693/552
f 1694/1694/1416 1692/1692/550 1693/1691/1415
f 1694/1694/1416 1695/1695/1417 1692/1692/550
f 1696/1696/1418 1695/1695/1417 1694/1694/1416
f 1696/1696/1418 1697/1697/1419 1695/1695/1417
f 1698/1698/1420 1697/1697/1419 1696/1696/1418
f 1698/1698/1420 1699/1699/544 1697/1697/1419
f 1700/1700/1421 1699/1699/544 1698/1698/1420
f 1700/1700/1421 1701/1701/1422 1699/1699/544
f 1702/1702/1423 1701/1701/1422 1700/1700/1421
f 1702/1702/1423 1703/1703/1424 1701/1701/1422
f 1706/1704/1425 1705/1705/1426 1704/1706/1216
f 1707/1707/1427 1705/1705/1426 1706/1704/1425
f 1707/1707/1427 1708/1708/1428 1705/1705/1426
f 1709/1709/1429 1708/1708/1428 1707/1707/1427
f 1709/1709/1429 1710/1710/1430 1708/1708/1428
f 1711/1711/1431 1710/1710/1430 1709/1709/1429
f 1711/1711/1431 1712/1712/1432 1710/1710/1430
f 1713/1713/1433 1712/1712/1432 1711/1711/1431
f 1713/1713/1433 1714/1714/1434 1712/1712/1432
f 1715/1715/1435 1714/1714/1434 1713/1713/1433
f 1715/1715/1435 1716/1716/1359 1714/1714/1434
f 1719/1717/1436 1718/1718/1287 1717/1719/1299
f 1720/1720/1437 1718/1718/1287 1719/1717/1436
f 1720/1720/1437 1721/1721/1438 1718/1718/1287
f 1722/1722/1439 1721/1721/1438 1720/1720/1437
f 1722/1722/1439 1723/1723/1291 1721/1721/1438
f 1724/1724/1440 1723/1723/1291 1722/1722/1439
f 1724/1724/1440 1725/1725/1441 1723/1723/1291
f 1726/1726/1442 1725/1725/1441 1724/1724/1440
f 1726/1726/1442 1727/1727/1443 1725/1725/1441
f 1728/1728/1444 1727/1727/1443 1726/1726/1442
f 1728/1728/1444 1729/1729/1445 1727/1727/1443
f 1732/1730/1446 1731/1731/1447 1730/1732/1448
f 1733/1733/1100 1731/1731/1447 1732/1730/1446
f 1733/1733/1100 1734/1734/1449 1731/1731/1447
f 1735/1735/1450 1734/1734/1449 1733/1733/1100
f 1735/1735/1450 1736/1736/1451 1734/1734/1449
f 1737/1737/1452 1736/1736/1451 1735/1735/1450
f 1737/1737/1452 1738/1738/1163 1736/1736/1451
f 1739/1739/1453 1738/1738/1163 1737/1737/1452
f 1739/1739/1453 1740/1740/1454 1738/1738/1163
f 1741/1741/1455 1740/1740/1454 1739/1739/1453
f 1741/1741/1455 1742/1742/1456 1740/1740/1454
f 1745/1743/636 1744/1744/1457 1743/1745/1458
f 1746/1746/1459 1744/1744/1457 1745/1743/636
f 1746/1746/1459 1747/1747/1460 1744/1744/1457
f 1748/1748/1461 1747/1747/1460 1746/1746/1459
f 1748/1748/1461 1749/1749/1462 1747/1747/1460
f 1750/1750/1463 1749/1749/1462 1748/1748/1461
f 1750/1750/1463 1751/1751/1464 1749/1749/1462
f 1752/1752/1465 1751/1751/1464 1750/1750/1463
f 1752/1752/1465 1753/1753/1466 1751/1751/1464
f 1754/1754/1467 1753/1753/1466 1752/1752/1465
f 1757/1755/1125 1756/1756/1468 1755/1757/1469
f 1758/1758/1470 1756/1756/1468 1757/1755/1125
f 1758/1758/1470 1759/1759/1471 1756/1756/1468
f 1760/1760/1130 1759/1759/1471 1758/1758/1470
f 1760/1760/1130 1761/1761/1472 1759/1759/1471
f 1762/1762/1473 1761/1761/1472 1760/1760/1130
f 1762/1762/1473 1763/1763/1474 1761/1761/1472
f 1764/1764/1475 1763/1763/1474 1762/1762/1473
f 1764/1764/1475 1765/1765/1476 1763/1763/1474
f 1766/1766/1477 1765/1765/1476 1764/1764/1475
f 1769/1767/1070 1768/1768/1478 1767/1769/1073
f 1770/1770/1479 1768/1768/1478 1769/1767/1070
f 1770/1770/1479 1771/1771/1480 1768/1768/1478
f 1772/1772/1481 1771/1771/1480 1770/1770/1479
f 1772/1772/1481 1773/1773/1482 1771/1771/1480
f 1774/1774/1483 1773/1773/1482 1772/1772/1481
f 1774/1774/1483 1775/1775/1484 1773/1773/1482
f 1776/1776/614 1775/1775/1484 1774/1774/1483
f 1776/1776/614 1777/1777/1485 1775/1775/1484
f 1780/1778/822 1779/1779/802 1778/1780/1486
f 1781/1781/1487 1779/1779/802 1780/1778/822
f 1781/1781/1487 1782/1782/1488 1779/1779/802
f 1783/1783/820 1782/1782/1488 1781/1781/1487
f 1783/1783/820 1784/1784/1489 1782/1782/1488
f 1785/1785/1490 1784/1784/1489 1783/1783/820
f 1785/1785/1490 1786/1786/1491 1784/1784/1489
f 1787/1787/816 1786/1786/1491 1785/1785/1490
f 1787/1787/816 1788/1788/814 1786/1786/1491
f 1791/1789/1492 1790/1790/1493 1789/1791/609
f 1792/1792/1494 1790/1790/1493 1791/1789/1492
f 1792/1792/1494 1793/1793/1495 1790/1790/1493
f 1794/1794/1496 1793/1793/1495 1792/1792/1494
f 1794/1794/1496 1795/1795/1497 1793/1793/1495
f 1796/1796/1169 1795/1795/1497 1794/1794/1496
f 1796/1796/1169 1797/1797/1498 1795/1795/1497
f 1798/1798/1171 1797/1797/1498 1796/1796/1169
f 1798/1798/1171 1799/1799/1173 1797/1797/1498
f 1802/1800/1499 1801/1801/1500 1800/1802/664
f 1803/1803/1501 1801/1801/1500 1802/1800/1499
f 1803/1803/1501 1804/1804/1502 1801/1801/1500
f 1805/1805/1503 1804/1804/1502 1803/1803/1501
f 1805/1805/1503 1806/1806/1504 1804/1804/1502
f 1807/1807/1505 1806/1806/1504 1805/1805/1503
f 1807/1807/1505 1808/1808/1506 1806/1806/1504
f 1809/1809/528 1808/1808/1506 1807/1807/1505
f 1809/1809/528 1810/1810/1507 1808/1808/1506
f 1813/1811/1508 1812/1812/1509 1811/1813/1510
f 1814/1814/1511 1812/1812/1509 1813/1811/1508
f 1814/1814/1511 1815/1815/1512 1812/1812/1509
f 1816/1816/1513 1815/1815/1512 1814/1814/1511
f 1816/1816/1513 1817/1817/1514 1815/1815/1512
f 1818/1818/1515 1817/1817/1514 1816/1816/1513
f 1818/1818/1515 1819/1819/1516 1817/1817/1514
f 1820/1820/1517 1819/1819/1516 1818/1818/1515
f 1820/1820/1517 1821/1821/1518 1819/1819/1516
f 1824/1822/1519 1823/1823/1520 1822/1824/1521
f 1825/1825/1522 1823/1823/1520 1824/1822/1519
f 1825/1825/1522 1826/1826/1523 1823/1823/1520
f 1827/1827/1524 1826/1826/1523 1825/1825/1522
f 1827/1827/1524 1828/1828/1525 1826/1826/1523
f 1829/1829/1526 1828/1828/1525 1827/1827/1524
f 1829/1829/1526 1830/1830/1527 1828/1828/1525
f 1831/1831/861 1830/1830/1527 1829/1829/1526
f 1831/1831/861 1832/1832/863 1830/1830/1527
f 1835/1833/1528 1834/1834/1529 1833/1835/1530
f 1836/1836/1531 1834/1834/1529 1835/1833/1528
f 1836/1836/1531 1837/1837/1119 1834/1834/1529
f 1838/1838/1532 1837/1837/1119 1836/1836/1531
f 1838/1838/1532 1839/1839/1118 1837/1837/1119
f 1840/1840/1533 1839/1839/1118 1838/1838/1532
f 1840/1840/1533 1841/1841/1116 1839/1839/1118
f 1842/1842/1534 1841/1841/1116 1840/1840/1533
f 1842/1842/1534 1843/1843/1535 1841/1841/1116
f 1846/1844/1536 1845/1845/1537 1844/1846/1538
f 1847/1847/1539 1845/1845/1537 1846/1844/1536
f 1847/1847/1539 1848/1848/1540 1845/1845/1537
f 1849/1849/1541 1848/1848/1540 1847/1847/1539
f 1849/1849/1541 1850/1850/1542 1848/1848/1540
f 1851/1851/1543 1850/1850/1542 1849/1849/1541
f 1851/1851/1543 1852/1852/1544 1850/1850/1542
f 1853/1853/1519 1852/1852/1544 1851/1851/1543
f 1853/1853/1519 1854/1854/1545 1852/1852/1544
f 1857/1855/1546 1856/1856/1547 1855/1857/1548
f 1858/1858/1549 1856/1856/1547 1857/1855/1546
f 1858/1858/1549 1859/1859/1550 1856/1856/1547
f 1860/1860/1551 1859/1859/1550 1858/1858/1549
f 1860/1860/1551 1861/1861/1552 1859/1859/1550
f 1862/1862/1553 1861/1861/1552 1860/1860/1551
f 1862/1862/1553 1863/1863/1554 1861/1861/1552
f 1864/1864/1555 1863/1863/1554 1862/1862/1553
f 1864/1864/1555 1865/1865/974 1863/1863/1554
f 1868/1866/1556 1867/1867/1557 1866/1868/1558
f 1869/1869/1559 1867/1867/1557 1868/1866/1556
f 1869/1869/1559 1870/1870/1560 1867/1867/1557
f 1871/1871/1561 1870/1870/1560 1869/1869/1559
f 1871/1871/1561 1872/1872/1348 1870/1870/1560
f 1873/1873/1562 1872/1872/1348 1871/1871/1561
f 1873/1873/1562 1874/1874/1563 1872/1872/1348
f 1875/1875/1564 1874/1874/1563 1873/1873/1562
f 1875/1875/1564 1876/1876/988 1874/1874/1563
f 1879/1877/1565 1878/1878/1097 1877/1879/1566
f 1880/1880/1567 1878/1878/1097 1879/1877/1565
f 1880/1880/1567 1881/1881/1568 1878/1878/1097
f 1882/1882/1569 1881/1881/1568 1880/1880/1567
f 1882/1882/1569 1883/1883/1093 1881/1881/1568
f 1884/1884/1570 1883/1883/1093 1882/1882/1569
f 1884/1884/1570 1885/1885/1091 1883/1883/1093
f 1886/1886/1571 1885/1885/1091 1884/1884/1570
f 1886/1886/1571 1887/1887/1393 1885/1885/1091
f 1890/1888/1572 1889/1889/1573 1888/1890/1356
f 1891/1891/971 1889/1889/1573 1890/1888/1572
f 1891/1891/971 1892/1892/1574 1889/1889/1573
f 1893/1893/1575 1892/1892/1574 1891/1891/971
f 1893/1893/1575 1894/1894/1576 1892/1892/1574
f 1895/1895/975 1894/1894/1576 1893/1893/1575
f 1895/1895/975 1896/1896/1577 1894/1894/1576
f 1897/1897/1578 1896/1896/1577 1895/1895/975
f 1897/1897/1578 1898/1898/1579 1896/1896/1577
f 1901/1899/1580 1900/1900/1581 1899/1901/1582
f 1902/1902/1583 1900/1900/1581 1901/1899/1580
f 1902/1902/1583 1903/1903/1584 1900/1900/1581
f 1904/1904/1474 1903/1903/1584 1902/1902/1583
f 1904/1904/1474 1905/1905/1585 1903/1903/1584
f 1906/1906/1476 1905/1905/1585 1904/1904/1474
f 1906/1906/1476 1907/1907/1586 1905/1905/1585
f 1908/1908/1137 1907/1907/1586 1906/1906/1476
f 1908/1908/1137 1909/1909/1587 1907/1907/1586
f 1912/1910/1588 1911/1911/1168 1910/1912/1165
f 1913/1913/1396 1911/1911/1168 1912/1910/1588
f 1913/1913/1396 1914/1914/1589 1911/1911/1168
f 1915/1915/1395 1914/1914/1589 1913/1913/1396
f 1915/1915/1395 1916/1916/1590 1914/1914/1589
f 1917/1917/1591 1916/1916/1590 1915/1915/1395
f 1917/1917/1591 1918/1918/1592 1916/1916/1590
f 1919/1919/1593 1918/1918/1592 1917/1917/1591
f 1922/1920/821 1921/1921/1594 1920/1922/1595
f 1923/1923/823 1921/1921/1594 1922/1920/821
f 1923/1923/823 1924/1924/1596 1921/1921/1594
f 1925/1925/1597 1924/1924/1596 1923/1923/823
f 1925/1925/1597 1926/1926/1598 1924/1924/1596
f 1927/1927/1599 1926/1926/1598 1925/1925/1597
f 1927/1927/1599 1928/1928/1600 1926/1926/1598
f 1929/1929/1601 1928/1928/1600 1927/1927/1599
f 1932/1930/1602 1931/1931/1603 1930/1932/676
f 1933/1933/1604 1931/1931/1603 1932/1930/1602
f 1933/1933/1604 1934/1934/1605 1931/1931/1603
f 1935/1935/1606 1934/1934/1605 1933/1933/1604
f 1935/1935/1606 1936/1936/1607 1934/1934/1605
f 1937/1937/1608 1936/1936/1607 1935/1935/1606
f 1937/1937/1608 1938/1938/1609 1936/1936/1607
f 1939/1939/1610 1938/1938/1609 1937/1937/1608
f 1942/1940/1611 1941/1941/1612 1940/1942/1150
f 1943/1943/1613 1941/1941/1612 1942/1940/1611
f 1943/1943/1613 1944/1944/1191 1941/1941/1612
f 1945/1945/1614 1944/1944/1191 1943/1943/1613
f 1945/1945/1614 1946/1946/1615 1944/1944/1191
f 1947/1947/1158 1946/1946/1615 1945/1945/1614
f 1947/1947/1158 1948/1948/1195 1946/1946/1615
f 1949/1949/1616 1948/1948/1195 1947/1947/1158
f 1952/1950/699 1951/1951/950 1950/1952/1617
f 1953/1953/697 1951/1951/950 1952/1950/699
f 1953/1953/697 1954/1954/1618 1951/1951/950
f 1955/1955/695 1954/1954/1618 1953/1953/697
f 1955/1955/695 1956/1956/946 1954/1954/1618
f 1957/1957/1619 1956/1956/946 1955/1955/695
f 1957/1957/1619 1958/1958/1620 1956/1956/946
f 1959/1959/1621 1958/1958/1620 1957/1957/1619
f 1962/1960/1622 1961/1961/835 1960/1962/832
f 1963/1963/1623 1961/1961/835 1962/1960/1622
f 1963/1963/1623 1964/1964/1624 1961/1961/835
f 1965/1965/1625 1964/1964/1624 1963/1963/1623
f 1965/1965/1625 1966/1966/839 1964/1964/1624
f 1967/1967/1626 1966/1966/839 1965/1965/1625
f 1967/1967/1626 1968/1968/841 1966/1966/839
f 1969/1969/843 1968/1968/841 1967/1967/1626
f 1972/1970/1627 1971/1971/1415 1970/1972/1628
f 1973/1973/1629 1971/1971/1415 1972/1970/1627
f 1973/1973/1629 1974/1974/1630 1971/1971/1415
f 1975/1975/1631 1974/1974/1630 1973/1973/1629
f 1975/1975/1631 1976/1976/1632 1974/1974/1630
f 1977/1977/593 1976/1976/1632 1975/1975/1631
f 1977/1977/593 1978/1978/1633 1976/1976/1632
f 1981/1979/1634 1980/1980/1635 1979/1981/1636
f 1982/1982/560 1980/1980/1635 1981/1979/1634
f 1982/1982/560 1983/1983/1637 1980/1980/1635
f 1984/1984/1638 1983/1983/1637 1982/1982/560
f 1984/1984/1638 1985/1985/1412 1983/1983/1637
f 1986/1986/564 1985/1985/1412 1984/1984/1638
f 1986/1986/564 1987/1987/566 1985/1985/1412
f 1990/1988/1068 1989/1989/1479 1988/1990/1070
f 1991/1991/1639 1989/1989/1479 1990/1988/1068
f 1991/1991/1639 1992/1992/1640 1989/1989/1479
f 1993/1993/1641 1992/1992/1640 1991/1991/1639
f 1993/1993/1641 1994/1994/1642 1992/1992/1640
f 1995/1995/1643 1994/1994/1642 1993/1993/1641
f 1995/1995/1643 1996/1996/620 1994/1994/1642
f 1999/1997/1630 1998/1998/1644 1997/1999/1645
f 2000/2000/1646 1998/1998/1644 1999/1997/1630
f 2000/2000/1646 2001/2001/1318 1998/1998/1644
f 2002/2002/1647 2001/2001/1318 2000/2000/1646
f 2002/2002/1647 2003/2003/1648 2001/2001/1318
f 2004/2004/597 2003/2003/1648 2002/2002/1647
f 2004/2004/597 2005/2005/599 2003/2003/1648
f 2008/2006/1649 2007/2007/1650 2006/2008/1651
f 2009/2009/1652 2007/2007/1650 2008/2006/1649
f 2009/2009/1652 2010/2010/1319 2007/2007/1650
f 2011/2011/1653 2010/2010/1319 2009/2009/1652
f 2011/2011/1653 2012/2012/1654 2010/2010/1319
f 2013/2013/1655 2012/2012/1654 2011/2011/1653
f 2013/2013/1655 2014/2014/1656 2012/2012/1654
f 2017/2015/803 2016/2016/1657 2015/2017/801
f 2018/2018/805 2016/2016/1657 2017/2015/803
f 2018/2018/805 2019/2019/1658 2016/2016/1657
f 2020/2020/1659 2019/2019/1658 2018/2018/805
f 2020/2020/1659 2021/2021/1660 2019/2019/1658
f 2022/2022/809 2021/2021/1660 2020/2020/1659
f 2022/2022/809 2023/2023/1655 2021/2021/1660
f 2026/2024/1661 2025/2025/1662 2024/2026/814
f 2027/2027/1663 2025/2025/1662 2026/2024/1661
f 2027/2027/1663 2028/2028/1664 2025/2025/1662
f 2029/2029/1665 2028/2028/1664 2027/2027/1663
f 2029/2029/1665 2030/2030/1488 2028/2028/1664
f 2031/2031/1666 2030/2030/1488 2029/2029/1665
f 2031/2031/1666 2032/2032/1667 2030/2030/1488
f 2035/2033/584 2034/2034/1668 2033/2035/1669
f 2036/2036/1670 2034/2034/1668 2035/2033/584
f 2036/2036/1670 2037/2037/1671 2034/2034/1668
f 2038/2038/1672 2037/2037/1671 2036/2036/1670
f 2038/2038/1672 2039/2039/1673 2037/2037/1671
f 2040/2040/1674 2039/2039/1673 2038/2038/1672
f 2040/2040/1674 2041/2041/1457 2039/2039/1673
f 2044/2042/1675 2043/2043/1676 2042/2044/1677
f 2045/2045/1678 2043/2043/1676 2044/2042/1675
f 2045/2045/1678 2046/2046/1679 2043/2043/1676
f 2047/2047/1227 2046/2046/1679 2045/2045/1678
f 2047/2047/1227 2048/2048/1680 2046/2046/1679
f 2049/2049/1681 2048/2048/1680 2047/2047/1227
f 2049/2049/1681 2050/2050/1338 2048/2048/1680
f 2053/2051/1333 2052/2052/1682 2051/2053/1683
f 2054/2054/998 2052/2052/1682 2053/2051/1333
f 2054/2054/998 2055/2055/1684 2052/2052/1682
f 2056/2056/1685 2055/2055/1684 2054/2054/998
f 2056/2056/1685 2057/2057/1686 2055/2055/1684
f 2058/2058/1001 2057/2057/1686 2056/2056/1685
f 2058/2058/1001 2059/2059/1003 2057/2057/1686
f 2062/2060/568 2061/2061/1687 2060/2062/1688
f 2063/2063/1689 2061/2061/1687 2062/2060/568
f 2063/2063/1689 2064/2064/1690 2061/2061/1687
f 2065/2065/572 2064/2064/1690 2063/2063/1689
f 2065/2065/572 2066/2066/1691 2064/2064/1690
f 2067/2067/1692 2066/2066/1691 2065/2065/572
f 2067/2067/1692 2068/2068/1693 2066/2066/1691
f 2071/2069/1694 2070/2070/1695 2069/2071/1696
f 2072/2072/1697 2070/2070/1695 2071/2069/1694
f 2072/2072/1697 2073/2073/1698 2070/2070/1695
f 2074/2074/1699 2073/2073/1698 2072/2072/1697
f 2074/2074/1699 2075/2075/1391 2073/2073/1698
f 2076/2076/1700 2075/2075/1391 2074/2074/1699
f 2076/2076/1700 2077/2077/1701 2075/2075/1391
f 2080/2078/1702 2079/2079/1512 2078/2080/1514
f 2081/2081/1703 2079/2079/1512 2080/2078/1702
f 2081/2081/1703 2082/2082/1704 2079/2079/1512
f 2083/2083/1705 2082/2082/1704 2081/2081/1703
f 2083/2083/1705 2084/2084/1706 2082/2082/1704
f 2085/2085/1707 2084/2084/1706 2083/2083/1705
f 2085/2085/1707 2086/2086/1708 2084/2084/1706
f 2089/2087/1709 2088/2088/1710 2087/2089/983
f 2090/2090/1711 2088/2088/1710 2089/2087/1709
f 2090/2090/1711 2091/2091/1712 2088/2088/1710
f 2092/2092/1713 2091/2091/1712 2090/2090/1711
f 2092/2092/1713 2093/2093/1714 2091/2091/1712
f 2094/2094/1715 2093/2093/1714 2092/2092/1713
f 2094/2094/1715 2095/2095/1716 2093/2093/1714
f 2098/2096/1273 2097/2097/711 2096/2098/1717
f 2099/2099/1718 2097/2097/711 2098/2096/1273
f 2099/2099/1718 2100/2100/713 2097/2097/711
f 2101/2101/1719 2100/2100/713 2099/2099/1718
f 2101/2101/1719 2102/2102/715 2100/2100/713
f 2103/2103/1720 2102/2102/715 2101/2101/1719
f 2103/2103/1720 2104/2104/1721 2102/2102/715
f 2107/2105/1722 2106/2106/714 2105/2107/716
f 2108/2108/1723 2106/2106/714 2107/2105/1722
f 2108/2108/1723 2109/2109/1104 2106/2106/714
f 2110/2110/1724 2109/2109/1104 2108/2108/1723
f 2110/2110/1724 2111/2111/1725 2109/2109/1104
f 2112/2112/1453 2111/2111/1725 2110/2110/1724
f 2112/2112/1453 2113/2113/1726 2111/2111/1725
f 2116/2114/1727 2115/2115/1728 2114/2116/1729
f 2117/2117/1730 2115/2115/1728 2116/2114/1727
f 2117/2117/1730 2118/2118/1731 2115/2115/1728
f 2119/2119/1732 2118/2118/1731 2117/2117/1730
f 2119/2119/1732 2120/2120/1733 2118/2118/1731
f 2121/2121/1734 2120/2120/1733 2119/2119/1732
f 2121/2121/1734 2122/2122/1735 2120/2120/1733
f 2125/2123/1736 2124/2124/1737 2123/2125/1545
f 2126/2126/1728 2124/2124/1737 2125/2123/1736
f 2126/2126/1728 2127/2127/1738 2124/2124/1737
f 2128/2128/1739 2127/2127/1738 2126/2126/1728
f 2128/2128/1739 2129/2129/1740 2127/2127/1738
f 2130/2130/875 2129/2129/1740 2128/2128/1739
f 2130/2130/875 2131/2131/888 2129/2129/1740
f 2134/2132/690 2133/2133/1086 2132/2134/1741
f 2135/2135/1742 2133/2133/1086 2134/2132/690
f 2135/2135/1742 2136/2136/1743 2133/2133/1086
f 2137/2137/1744 2136/2136/1743 2135/2135/1742
f 2137/2137/1744 2138/2138/1090 2136/2136/1743
f 2139/2139/1745 2138/2138/1090 2137/2137/1744
f 2139/2139/1745 2140/2140/698 2138/2138/1090
f 2143/2141/1746 2142/2142/1747 2141/2143/1748
f 2144/2144/1749 2142/2142/1747 2143/2141/1746
f 2144/2144/1749 2145/2145/1750 2142/2142/1747
f 2146/2146/1751 2145/2145/1750 2144/2144/1749
f 2146/2146/1751 2147/2147/1552 2145/2145/1750
f 2148/2148/1752 2147/2147/1552 2146/2146/1751
f 2148/2148/1752 2149/2149/1753 2147/2147/1552
f 2152/2150/1754 2151/2151/702 2150/2152/1755
f 2153/2153/1756 2151/2151/702 2152/2150/1754
f 2153/2153/1756 2154/2154/1757 2151/2151/702
f 2155/2155/1758 2154/2154/1757 2153/2153/1756
f 2155/2155/1758 2156/2156/698 2154/2154/1757
f 2157/2157/1092 2156/2156/698 2155/2155/1758
f 2157/2157/1092 2158/2158/1759 2156/2156/698
f 2161/2159/1468 2160/2160/1760 2159/2161/1761
f 2162/2162/1471 2160/2160/1760 2161/2159/1468
f 2162/2162/1471 2163/2163/1762 2160/2160/1760
f 2164/2164/1472 2163/2163/1762 2162/2162/1471
f 2164/2164/1472 2165/2165/1763 2163/2163/1762
f 2166/2166/1764 2165/2165/1763 2164/2164/1472
f 2166/2166/1764 2167/2167/1765 2165/2165/1763
f 2170/2168/1766 2169/2169/1767 2168/2170/1768
f 2171/2171/1769 2169/2169/1767 2170/2168/1766
f 2171/2171/1769 2172/2172/1770 2169/2169/1767
f 2173/2173/1771 2172/2172/1770 2171/2171/1769
f 2173/2173/1771 2174/2174/1772 2172/2172/1770
f 2175/2175/1773 2174/2174/1772 2173/2173/1771
f 2175/2175/1773 2176/2176/1774 2174/2174/1772
f 2179/2177/1775 2178/2178/1776 2177/2179/1184
f 2180/2180/1777 2178/2178/1776 2179/2177/1775
f 2180/2180/1777 2181/2181/1778 2178/2178/1776
f 2182/2182/1779 2181/2181/1778 2180/2180/1777
f 2182/2182/1779 2183/2183/1780 2181/2181/1778
f 2184/2184/1781 2183/2183/1780 2182/2182/1779
f 2184/2184/1781 2185/2185/1404 2183/2183/1780
f 2188/2186/1782 2187/2187/1783 2186/2188/1508
f 2189/2189/1784 2187/2187/1783 2188/2186/1782
f 2189/2189/1784 2190/2190/1785 2187/2187/1783
f 2191/2191/1714 2190/2190/1785 2189/2189/1784
f 2191/2191/1714 2192/2192/1786 2190/2190/1785
f 2193/2193/1716 2192/2192/1786 2191/2191/1714
f 2193/2193/1716 2194/2194/1787 2192/2192/1786
f 2197/2195/1167 2196/2196/1788 2195/2197/1789
f 2198/2198/1790 2196/2196/1788 2197/2195/1167
f 2198/2198/1790 2199/2199/1791 2196/2196/1788
f 2200/2200/1792 2199/2199/1791 2198/2198/1790
f 2200/2200/1792 2201/2201/617 2199/2199/1791
f 2202/2202/1793 2201/2201/617 2200/2200/1792
f 2205/2203/1794 2204/2204/1795 2203/2205/1796
f 2206/2206/1797 2204/2204/1795 2205/2203/1794
f 2206/2206/1797 2207/2207/1798 2204/2204/1795
f 2208/2208/1799 2207/2207/1798 2206/2206/1797
f 2208/2208/1799 2209/2209/1800 2207/2207/1798
f 2210/2210/1801 2209/2209/1800 2208/2208/1799
f 2213/2211/1502 2212/2212/1802 2211/2213/1803
f 2214/2214/1424 2212/2212/1802 2213/2211/1502
f 2214/2214/1424 2215/2215/1804 2212/2212/1802
f 2216/2216/1805 2215/2215/1804 2214/2214/1424
f 2216/2216/1805 2217/2217/1322 2215/2215/1804
f 2218/2218/1806 2217/2217/1322 2216/2216/1805
f 2221/2219/1181 2220/2220/1596 2219/2221/1179
f 2222/2222/1500 2220/2220/1596 2221/2219/1181
f 2222/2222/1500 2223/2223/1594 2220/2220/1596
f 2224/2224/1802 2223/2223/1594 2222/2222/1500
f 2224/2224/1802 2225/2225/819 2223/2223/1594
f 2226/2226/817 2225/2225/819 2224/2224/1802
f 2229/2227/1807 2228/2228/1429 2227/2229/1215
f 2230/2230/1808 2228/2228/1429 2229/2227/1807
f 2230/2230/1808 2231/2231/1809 2228/2228/1429
f 2232/2232/1270 2231/2231/1809 2230/2230/1808
f 2232/2232/1270 2233/2233/1433 2231/2231/1809
f 2234/2234/1810 2233/2233/1433 2232/2232/1270
f 2237/2235/1811 2236/2236/1812 2235/2237/1272
f 2238/2238/1185 2236/2236/1812 2237/2235/1811
f 2238/2238/1185 2239/2239/1813 2236/2236/1812
f 2240/2240/1814 2239/2239/1813 2238/2238/1185
f 2240/2240/1814 2241/2241/1212 2239/2239/1813
f 2242/2242/1210 2241/2241/1212 2240/2240/1814
f 2245/2243/1815 2244/2244/1816 2243/2245/1034
f 2246/2246/1817 2244/2244/1816 2245/2243/1815
f 2246/2246/1817 2247/2247/1020 2244/2244/1816
f 2248/2248/1818 2247/2247/1020 2246/2246/1817
f 2248/2248/1818 2249/2249/1819 2247/2247/1020
f 2250/2250/1015 2249/2249/1819 2248/2248/1818
f 2253/2251/1820 2252/2252/1821 2251/2253/1552
f 2254/2254/1822 2252/2252/1821 2253/2251/1820
f 2254/2254/1822 2255/2255/1823 2252/2252/1821
f 2256/2256/1824 2255/2255/1823 2254/2254/1822
f 2256/2256/1824 2257/2257/1748 2255/2255/1823
f 2258/2258/1825 2257/2257/1748 2256/2256/1824
f 2261/2259/1826 2260/2260/1827 2259/2261/1828
f 2262/2262/1829 2260/2260/1827 2261/2259/1826
f 2262/2262/1829 2263/2263/1830 2260/2260/1827
f 2264/2264/1831 2263/2263/1830 2262/2262/1829
f 2264/2264/1831 2265/2265/1576 2263/2263/1830
f 2266/2266/1832 2265/2265/1576 2264/2264/1831
f 2269/2267/1833 2268/2268/1834 2267/2269/1835
f 2270/2270/1836 2268/2268/1834 2269/2267/1833
f 2270/2270/1836 2271/2271/1837 2268/2268/1834
f 2272/2272/1057 2271/2271/1837 2270/2270/1836
f 2272/2272/1057 2273/2273/1838 2271/2271/1837
f 2274/2274/1839 2273/2273/1838 2272/2272/1057
f 2277/2275/1840 2276/2276/1841 2275/2277/1842
f 2278/2278/1843 2276/2276/1841 2277/2275/1840
f 2278/2278/1843 2279/2279/1844 2276/2276/1841
f 2280/2280/1845 2279/2279/1844 2278/2278/1843
f 2280/2280/1845 2281/2281/1846 2279/2279/1844
f 2282/2282/1847 2281/2281/1846 2280/2280/1845
f 2285/2283/1848 2284/2284/1849 2283/2285/606
f 2286/2286/1850 2284/2284/1849 2285/2283/1848
f 2286/2286/1850 2287/2287/1851 2284/2284/1849
f 2288/2288/1852 2287/2287/1851 2286/2286/1850
f 2288/2288/1852 2289/2289/608 2287/2287/1851
f 2292/2290/1853 2291/2291/1854 2290/2292/583
f 2293/2293/1855 2291/2291/1854 2292/2290/1853
f 2293/2293/1855 2294/2294/1856 2291/2291/1854
f 2295/2295/577 2294/2294/1856 2293/2293/1855
f 2295/2295/577 2296/2296/1857 2294/2294/1856
f 2299/2297/1858 2298/2298/1003 2297/2299/1859
f 2300/2300/1860 2298/2298/1003 2299/2297/1858
f 2300/2300/1860 2301/2301/1861 2298/2298/1003
f 2302/2302/1862 2301/2301/1861 2300/2300/1860
f 2302/2302/1862 2303/2303/1863 2301/2301/1861
f 2306/2304/1864 2305/2305/1865 2304/2306/1866
f 2307/2307/1605 2305/2305/1865 2306/2304/1864
f 2307/2307/1605 2308/2308/1867 2305/2305/1865
f 2309/2309/1868 2308/2308/1867 2307/2307/1605
f 2309/2309/1868 2310/2310/940 2308/2308/1867
f 2313/2311/1234 2312/2312/676 2311/2313/678
f 2314/2314/1869 2312/2312/676 2313/2311/1234
f 2314/2314/1869 2315/2315/1870 2312/2312/676
f 2316/2316/1871 2315/2315/1870 2314/2314/1869
f 2316/2316/1871 2317/2317/1872 2315/2315/1870
f 2320/2318/1873 2319/2319/1874 2318/2320/1875
f 2321/2321/1876 2319/2319/1874 2320/2318/1873
f 2321/2321/1876 2322/2322/1877 2319/2319/1874
f 2323/2323/1708 2322/2322/1877 2321/2321/1876
f 2323/2323/1708 2324/2324/1878 2322/2322/1877
f 2327/2325/1871 2326/2326/1879 2325/2327/1880
f 2328/2328/1881 2326/2326/1879 2327/2325/1871
f 2328/2328/1881 2329/2329/982 2326/2326/1879
f 2330/2330/1236 2329/2329/982 2328/2328/1881
f 2330/2330/1236 2331/2331/1237 2329/2329/982
f 2334/2332/1367 2333/2333/1426 2332/2334/1882
f 2335/2335/1369 2333/2333/1426 2334/2332/1367
f 2335/2335/1369 2336/2336/1883 2333/2333/1426
f 2337/2337/1884 2336/2336/1883 2335/2335/1369
f 2337/2337/1884 2338/2338/1885 2336/2336/1883
f 2341/2339/1886 2340/2340/1887 2339/2341/1888
f 2342/2342/1889 2340/2340/1887 2341/2339/1886
f 2342/2342/1889 2343/2343/1890 2340/2340/1887
f 2344/2344/1455 2343/2343/1890 2342/2342/1889
f 2344/2344/1455 2345/2345/1453 2343/2343/1890
f 2348/2346/1891 2347/2347/1892 2346/2348/1893
f 2349/2349/1894 2347/2347/1892 2348/2346/1891
f 2349/2349/1894 2350/2350/1895 2347/2347/1892
f 2351/2351/1896 2350/2350/1895 2349/2349/1894
f 2351/2351/1896 2352/2352/1897 2350/2350/1895
f 2355/2353/1898 2354/2354/1807 2353/2355/1213
f 2356/2356/1899 2354/2354/1807 2355/2353/1898
f 2356/2356/1899 2357/2357/1900 2354/2354/1807
f 2358/2358/1273 2357/2357/1900 2356/2356/1899
f 2358/2358/1273 2359/2359/1901 2357/2357/1900
f 2362/2360/1902 2361/2361/1895 2360/2362/1721
f 2363/2363/1903 2361/2361/1895 2362/2360/1902
f 2363/2363/1903 2364/2364/1892 2361/2361/1895
f 2365/2365/1904 2364/2364/1892 2363/2363/1903
f 2365/2365/1904 2366/2366/1205 2364/2364/1892
f 2369/2367/1865 2368/2368/683 2367/2369/1905
f 2370/2370/1906 2368/2368/683 2369/2367/1865
f 2370/2370/1906 2371/2371/685 2368/2368/683
f 2372/2372/940 2371/2371/685 2370/2370/1906
f 2372/2372/940 2373/2373/1907 2371/2371/685
f 2376/2374/908 2375/2375/1908 2374/2376/1909
f 2377/2377/1910 2375/2375/1908 2376/2374/908
f 2377/2377/1910 2378/2378/1911 2375/2375/1908
f 2379/2379/1912 2378/2378/1911 2377/2377/1910
f 2379/2379/1912 2380/2380/1533 2378/2378/1911
f 2383/2381/1913 2382/2382/1914 2381/2383/1915
f 2384/2384/1916 2382/2382/1914 2383/2381/1913
f 2384/2384/1916 2385/2385/1917 2382/2382/1914
f 2386/2386/1918 2385/2385/1917 2384/2384/1916
f 2386/2386/1918 2387/2387/1542 2385/2385/1917
f 2390/2388/1019 2389/2389/1919 2388/2390/1021
f 2391/2391/1920 2389/2389/1919 2390/2388/1019
f 2391/2391/1920 2392/2392/1921 2389/2389/1919
f 2393/2393/1922 2392/2392/1921 2391/2391/1920
f 2393/2393/1922 2394/2394/1923 2392/2392/1921
f 2397/2395/1028 2396/2396/1924 2395/2397/1925
f 2398/2398/1926 2396/2396/1924 2397/2395/1028
f 2398/2398/1926 2399/2399/1927 2396/2396/1924
f 2400/2400/1928 2399/2399/1927 2398/2398/1926
f 2400/2400/1928 2401/2401/1929 2399/2399/1927
f 2404/2402/1930 2403/2403/1931 2402/2404/1356
f 2405/2405/1932 2403/2403/1931 2404/2402/1930
f 2405/2405/1932 2406/2406/1352 2403/2403/1931
f 2407/2407/1933 2406/2406/1352 2405/2405/1932
f 2407/2407/1933 2408/2408/1350 2406/2406/1352
f 2411/2409/1934 2410/2410/1935 2409/2411/1936
f 2412/2412/1937 2410/2410/1935 2411/2409/1934
f 2412/2412/1937 2413/2413/1748 2410/2410/1935
f 2414/2414/1938 2413/2413/1748 2412/2412/1937
f 2414/2414/1938 2415/2415/1546 2413/2413/1748
f 2418/2416/1939 2417/2417/1439 2416/2418/1437
f 2419/2419/1940 2417/2417/1439 2418/2416/1939
f 2419/2419/1940 2420/2420/1941 2417/2417/1439
f 2421/2421/1942 2420/2420/1941 2419/2419/1940
f 2421/2421/1942 2422/2422/1444 2420/2420/1941
f 2425/2423/1045 2424/2424/1943 2423/2425/1944
f 2426/2426/1047 2424/2424/1943 2425/2423/1045
f 2426/2426/1047 2427/2427/1945 2424/2424/1943
f 2428/2428/1946 2427/2427/1945 2426/2426/1047
f 2428/2428/1946 2429/2429/1947 2427/2427/1945
f 2432/2430/1948 2431/2431/1949 2430/2432/1950
f 2433/2433/1951 2431/2431/1949 2432/2430/1948
f 2433/2433/1951 2434/2434/1952 2431/2431/1949
f 2435/2435/1953 2434/2434/1952 2433/2433/1951
f 2438/2436/1954 2437/2437/1955 2436/2438/1956
f 2439/2439/1957 2437/2437/1955 2438/2436/1954
f 2439/2439/1957 2440/2440/1958 2437/2437/1955
f 2441/2441/1959 2440/2440/1958 2439/2439/1957
f 2444/2442/1960 2443/2443/1496 2442/2444/1961
f 2445/2445/1792 2443/2443/1496 2444/2442/1960
f 2445/2445/1792 2446/2446/1169 2443/2443/1496
f 2447/2447/1790 2446/2446/1169 2445/2445/1792
f 2450/2448/1962 2449/2449/628 2448/2450/1789
f 2451/2451/1963 2449/2449/628 2450/2448/1962
f 2451/2451/1963 2452/2452/1964 2449/2449/628
f 2453/2453/1965 2452/2452/1964 2451/2451/1963
f 2456/2454/1966 2455/2455/1796 2454/2456/1967
f 2457/2457/1968 2455/2455/1796 2456/2454/1966
f 2457/2457/1968 2458/2458/1969 2455/2455/1796
f 2459/2459/1970 2458/2458/1969 2457/2457/1968
f 2462/2460/1409 2461/2461/632 2460/2462/1971
f 2463/2463/1972 2461/2461/632 2462/2460/1409
f 2463/2463/1972 2464/2464/1973 2461/2461/632
f 2465/2465/1974 2464/2464/1973 2463/2463/1972
f 2468/2466/1975 2467/2467/1675 2466/2468/565
f 2469/2469/1976 2467/2467/1675 2468/2466/1975
f 2469/2469/1976 2470/2470/1228 2467/2467/1675
f 2471/2471/1230 2470/2470/1228 2469/2469/1976
f 2474/2472/649 2473/2473/1977 2472/2474/1978
f 2475/2475/1979 2473/2473/1977 2474/2472/649
f 2475/2475/1979 2476/2476/1980 2473/2473/1977
f 2477/2477/1981 2476/2476/1980 2475/2475/1979
f 2480/2478/1982 2479/2479/1983 2478/2480/1984
f 2481/2481/1985 2479/2479/1983 2480/2478/1982
f 2481/2481/1985 2482/2482/1986 2479/2479/1983
f 2483/2483/1508 2482/2482/1986 2481/2481/1985
f 2486/2484/1987 2485/2485/1988 2484/2486/1707
f 2487/2487/1989 2485/2485/1988 2486/2484/1987
f 2487/2487/1989 2488/2488/1878 2485/2485/1988
f 2489/2489/1990 2488/2488/1878 2487/2487/1989
f 2492/2490/1991 2491/2491/1992 2490/2492/1885
f 2493/2493/1993 2491/2491/1992 2492/2490/1991
f 2493/2493/1993 2494/2494/1426 2491/2491/1992
f 2495/2495/1216 2494/2494/1426 2493/2493/1993
f 2498/2496/1994 2497/2497/1995 2496/2498/1996
f 2499/2499/1997 2497/2497/1995 2498/2496/1994
f 2499/2499/1997 2500/2500/1155 2497/2497/1995
f 2501/2501/1569 2500/2500/1155 2499/2499/1997
f 2504/2502/1998 2503/2503/1999 2502/2504/2000
f 2505/2505/970 2503/2503/1999 2504/2502/1998
f 2505/2505/970 2506/2506/2001 2503/2503/1999
f 2507/2507/2002 2506/2506/2001 2505/2505/970
f 2510/2508/2003 2509/2509/2004 2508/2510/1441
f 2511/2511/2005 2509/2509/2004 2510/2508/2003
f 2511/2511/2005 2512/2512/1297 2509/2509/2004
f 2513/2513/1299 2512/2512/1297 2511/2511/2005
f 2516/2514/2006 2515/2515/1042 2514/2516/1063
f 2517/2517/2007 2515/2515/1042 2516/2514/2006
f 2517/2517/2007 2518/2518/2008 2515/2515/1042
f 2519/2519/1841 2518/2518/2008 2517/2517/2007
f 2522/2520/1041 2521/2521/1061 2520/2522/2009
f 2523/2523/2010 2521/2521/1061 2522/2520/1041
f 2523/2523/2010 2524/2524/2011 2521/2521/1061
f 2525/2525/1057 2524/2524/2011 2523/2523/2010
f 2528/2526/2012 2527/2527/1953 2526/2528/2013
f 2529/2529/2014 2527/2527/1953 2528/2526/2012
f 2529/2529/2014 2530/2530/2015 2527/2527/1953
f 2533/2531/2016 2532/2532/2017 2531/2533/2018
f 2534/2534/2019 2532/2532/2017 2533/2531/2016
f 2534/2534/2019 2535/2535/2020 2532/2532/2017
f 2538/2536/2021 2537/2537/2022 2536/2538/2023
f 2539/2539/2024 2537/2537/2022 2538/2536/2021
f 2539/2539/2024 2540/2540/750 2537/2537/2022
f 2543/2541/2025 2542/2542/2026 2541/2543/2027
f 2544/2544/746 2542/2542/2026 2543/2541/2025
f 2544/2544/746 2545/2545/2028 2542/2542/2026
f 2548/2546/2029 2547/2547/2030 2546/2548/2031
f 2549/2549/2032 2547/2547/2030 2548/2546/2029
f 2549/2549/2032 2550/2550/738 2547/2547/2030
f 2553/2551/2033 2552/2552/2022 2551/2553/2034
f 2554/2554/734 2552/2552/2022 2553/2551/2033
f 2554/2554/734 2555/2555/2035 2552/2552/2022
f 2558/2556/730 2557/2557/2026 2556/2558/2036
f 2559/2559/2037 2557/2557/2026 2558/2556/730
f 2559/2559/2037 2560/2560/2038 2557/2557/2026
f 2563/2561/724 2562/2562/2039 2561/2563/726
f 2564/2564/2040 2562/2562/2039 2563/2561/724
f 2564/2564/2040 2565/2565/2041 2562/2562/2039
f 2568/2566/2042 2567/2567/2043 2566/2568/759
f 2569/2569/2044 2567/2567/2043 2568/2566/2042
f 2569/2569/2044 2570/2570/2045 2567/2567/2043
f 2573/2571/789 2572/2572/2043 2571/2573/787
f 2574/2574/2046 2572/2572/2043 2573/2571/789
f 2574/2574/2046 2575/2575/793 2572/2572/2043
f 2578/2576/783 2577/2577/2043 2576/2578/2047
f 2579/2579/2048 2577/2577/2043 2578/2576/783
f 2579/2579/2048 2580/2580/2049 2577/2577/2043
f 2583/2581/777 2582/2582/2043 2581/2583/2050
f 2584/2584/2051 2582/2582/2043 2583/2581/777
f 2584/2584/2051 2585/2585/2047 2582/2582/2043
f 2588/2586/771 2587/2587/2043 2586/2588/2052
f 2589/2589/773 2587/2587/2043 2588/2586/771
f 2589/2589/773 2590/2590/775 2587/2587/2043
f 2593/2591/2053 2592/2592/2043 2591/2593/763
f 2594/2594/2054 2592/2592/2043 2593/2591/2053
f 2594/2594/2054 2595/2595/2055 2592/2592/2043
f 2598/2596/603 2597/2597/2056 2596/2598/2057
f 2599/2599/2058 2597/2597/2056 2598/2596/603
f 2599/2599/2058 2600/2600/2059 2597/2597/2056
f 2603/2601/2060 2602/2602/824 2601/2603/822
f 2604/2604/2061 2602/2602/824 2603/2601/2060
f 2604/2604/2061 2605/2605/826 2602/2602/824
f 2608/2606/629 2607/2607/1254 2606/2608/2062
f 2609/2609/2063 2607/2607/1254 2608/2606/629
f 2609/2609/2063 2610/2610/1257 2607/2607/1254
f 2613/2611/2064 2612/2612/2065 2611/2613/2066
f 2614/2614/2067 2612/2612/2065 2613/2611/2064
f 2614/2614/2067 2615/2615/2068 2612/2612/2065
f 2618/2616/2069 2617/2617/2070 2616/2618/2071
f 2619/2619/2072 2617/2617/2070 2618/2616/2069
f 2619/2619/2072 2620/2620/2073 2617/2617/2070
f 2623/2621/1806 2622/2622/1644 2621/2623/2074
f 2624/2624/2075 2622/2622/1644 2623/2621/1806
f 2624/2624/2075 2625/2625/2076 2622/2622/1644
f 2628/2626/2077 2627/2627/2056 2626/2628/607
f 2629/2629/1493 2627/2627/2056 2628/2626/2077
f 2629/2629/1493 2630/2630/601 2627/2627/2056
f 2633/2631/1079 2632/2632/2078 2631/2633/606
f 2634/2634/2079 2632/2632/2078 2633/2631/1079
f 2634/2634/2079 2635/2635/2080 2632/2632/2078
f 2638/2636/2081 2637/2637/1259 2636/2638/2082
f 2639/2639/1265 2637/2637/1259 2638/2636/2081
f 2639/2639/1265 2640/2640/1260 2637/2637/1259
f 2643/2641/2083 2642/2642/2084 2641/2643/2085
f 2644/2644/796 2642/2642/2084 2643/2641/2083
f 2644/2644/796 2645/2645/2086 2642/2642/2084
f 2648/2646/1173 2647/2647/827 2646/2648/2087
f 2649/2649/2088 2647/2647/827 2648/2646/1173
f 2649/2649/2088 2650/2650/2089 2647/2647/827
f 2653/2651/618 2652/2652/2090 2651/2653/620
f 2654/2654/1483 2652/2652/2090 2653/2651/618
f 2654/2654/1483 2655/2655/1481 2652/2652/2090
f 2658/2656/1326 2657/2657/2091 2656/2658/2092
f 2659/2659/2093 2657/2657/2091 2658/2656/1326
f 2659/2659/2093 2660/2660/2094 2657/2657/2091
f 2663/2661/1778 2662/2662/2095 2661/2663/1776
f 2664/2664/653 2662/2662/2095 2663/2661/1778
f 2664/2664/653 2665/2665/655 2662/2662/2095
f 2668/2666/1178 2667/2667/2096 2666/2668/1180
f 2669/2669/1401 2667/2667/2096 2668/2666/1178
f 2669/2669/1401 2670/2670/1403 2667/2667/2096
f 2673/2671/2097 2672/2672/666 2671/2673/664
f 2674/2674/1181 2672/2672/666 2673/2671/2097
f 2674/2674/1181 2675/2675/1183 2672/2672/666
f 2678/2676/1501 2677/2677/2098 2676/2678/533
f 2679/2679/662 2677/2677/2098 2678/2676/1501
f 2679/2679/662 2680/2680/660 2677/2677/2098
f 2683/2681/1465 2682/2682/2099 2681/2683/1467
f 2684/2684/2100 2682/2682/2099 2683/2681/1465
f 2684/2684/2100 2685/2685/2101 2682/2682/2099
f 2688/2686/2102 2687/2687/2103 2686/2688/2104
f 2689/2689/532 2687/2687/2103 2688/2686/2102
f 2689/2689/532 2690/2690/534 2687/2687/2103
f 2693/2691/541 2692/2692/2105 2691/2693/2106
f 2694/2694/2107 2692/2692/2105 2693/2691/541
f 2694/2694/2107 2695/2695/2108 2692/2692/2105
f 2698/2696/1340 2697/2697/1676 2696/2698/2109
f 2699/2699/2110 2697/2697/1676 2698/2696/1340
f 2699/2699/2110 2700/2700/2111 2697/2697/1676
f 2703/2701/1504 2702/2702/1422 2701/2703/1424
f 2704/2704/2112 2702/2702/1422 2703/2701/1504
f 2704/2704/2112 2705/2705/2113 2702/2702/1422
f 2708/2706/2114 2707/2707/675 2706/2708/2115
f 2709/2709/671 2707/2707/675 2708/2706/2114
f 2709/2709/671 2710/2710/673 2707/2707/675
f 2713/2711/2116 2712/2712/659 2711/2713/661
f 2714/2714/665 2712/2712/659 2713/2711/2116
f 2714/2714/665 2715/2715/2117 2712/2712/659
f 2718/2716/1489 2717/2717/2118 2716/2718/1488
f 2719/2719/1491 2717/2717/2118 2718/2716/1489
f 2719/2719/1491 2720/2720/2119 2717/2717/2118
f 2723/2721/2120 2722/2722/2121 2721/2723/2122
f 2724/2724/2123 2722/2722/2121 2723/2721/2120
f 2724/2724/2123 2725/2725/2124 2722/2722/2121
f 2728/2726/2125 2727/2727/1804 2726/2728/1322
f 2729/2729/2126 2727/2727/1804 2728/2726/2125
f 2729/2729/2126 2730/2730/1802 2727/2727/1804
f 2733/2731/561 2732/2732/2127 2731/2733/563
f 2734/2734/2128 2732/2732/2127 2733/2731/561
f 2734/2734/2128 2735/2735/2129 2732/2732/2127
f 2738/2736/2130 2737/2737/1869 2736/2738/1234
f 2739/2739/2131 2737/2737/1869 2738/2736/2130
f 2739/2739/2131 2740/2740/1871 2737/2737/1869
f 2743/2741/2132 2742/2742/2133 2741/2743/1602
f 2744/2744/2134 2742/2742/2133 2743/2741/2132
f 2744/2744/2134 2745/2745/1606 2742/2742/2133
f 2748/2746/1713 2747/2747/2135 2746/2748/1349
f 2749/2749/1355 2747/2747/2135 2748/2746/1713
f 2749/2749/1355 2750/2750/1353 2747/2747/2135
f 2753/2751/2136 2752/2752/1874 2751/2753/1786
f 2754/2754/990 2752/2752/1874 2753/2751/2136
f 2754/2754/990 2755/2755/1875 2752/2752/1874
f 2758/2756/1710 2757/2757/985 2756/2758/2137
f 2759/2759/1712 2757/2757/985 2758/2756/1710
f 2759/2759/1712 2760/2760/987 2757/2757/985
f 2763/2761/1516 2762/2762/2138 2761/2763/1514
f 2764/2764/2139 2762/2762/2138 2763/2761/1516
f 2764/2764/2139 2765/2765/1705 2762/2762/2138
f 2768/2766/2140 2767/2767/2138 2766/2768/1705
f 2769/2769/2141 2767/2767/2138 2768/2766/2140
f 2769/2769/2141 2770/2770/1514 2767/2767/2138
f 2773/2771/1377 2772/2772/2142 2771/2773/2143
f 2774/2774/1375 2772/2772/2142 2773/2771/1377
f 2774/2774/1375 2775/2775/2144 2772/2772/2142
f 2778/2776/2145 2777/2777/2142 2776/2778/1373
f 2779/2779/1382 2777/2777/2142 2778/2776/2145
f 2779/2779/1382 2780/2780/2146 2777/2777/2142
f 2783/2781/2147 2782/2782/2148 2781/2783/1348
f 2784/2784/988 2782/2782/2148 2783/2781/2147
f 2784/2784/988 2785/2785/2149 2782/2782/2148
f 2788/2786/1699 2787/2787/2150 2786/2788/2151
f 2789/2789/2152 2787/2787/2150 2788/2786/1699
f 2789/2789/2152 2790/2790/2153 2787/2787/2150
f 2793/2791/2154 2792/2792/1122 2791/2793/1120
f 2794/2794/878 2792/2792/1122 2793/2791/2154
f 2794/2794/878 2795/2795/876 2792/2792/1122
f 2798/2796/897 2797/2797/2154 2796/2798/2155
f 2799/2799/1537 2797/2797/2154 2798/2796/897
f 2799/2799/1537 2800/2800/2156 2797/2797/2154
f 2803/2801/2157 2802/2802/901 2801/2803/2158
f 2804/2804/1536 2802/2802/901 2803/2801/2157
f 2804/2804/1536 2805/2805/2159 2802/2802/901
f 2808/2806/2160 2807/2807/2161 2806/2808/1111
f 2809/2809/2162 2807/2807/2161 2808/2806/2160
f 2809/2809/2162 2810/2810/2163 2807/2807/2161
f 2813/2811/868 2812/2812/2164 2811/2813/2165
f 2814/2814/866 2812/2812/2164 2813/2811/868
f 2814/2814/866 2815/2815/874 2812/2812/2164
f 2818/2816/2166 2817/2817/2167 2816/2818/875
f 2819/2819/1733 2817/2817/2167 2818/2816/2166
f 2819/2819/1733 2820/2820/871 2817/2817/2167
f 2823/2821/2168 2822/2822/1035 2821/2823/2169
f 2824/2824/2170 2822/2822/1035 2823/2821/2168
f 2824/2824/2170 2825/2825/2171 2822/2822/1035
f 2828/2826/2172 2827/2827/2173 2826/2828/1024
f 2829/2829/2174 2827/2827/2173 2828/2826/2172
f 2829/2829/2174 2830/2830/1020 2827/2827/2173
f 2833/2831/2175 2832/2832/1015 2831/2833/1818
f 2834/2834/1037 2832/2832/1015 2833/2831/2175
f 2834/2834/1037 2835/2835/2176 2832/2832/1015
f 2838/2836/1029 2837/2837/2177 2836/2838/1021
f 2839/2839/1027 2837/2837/2177 2838/2836/1029
f 2839/2839/1027 2840/2840/2178 2837/2837/2177
f 2843/2841/1279 2842/2842/2179 2841/2843/2180
f 2844/2844/2181 2842/2842/2179 2843/2841/1279
f 2844/2844/2181 2845/2845/952 2842/2842/2179
f 2848/2846/2182 2847/2847/1932 2846/2848/2183
f 2849/2849/945 2847/2847/1932 2848/2846/2182
f 2849/2849/945 2850/2850/2184 2847/2847/1932
f 2853/2851/1753 2852/2852/2185 2851/2853/2186
f 2854/2854/2187 2852/2852/2185 2853/2851/1753
f 2854/2854/2187 2855/2855/2188 2852/2852/2185
f 2858/2856/1749 2857/2857/2189 2856/2858/2190
f 2859/2859/2191 2857/2857/2189 2858/2856/1749
f 2859/2859/2191 2860/2860/2192 2857/2857/2189
f 2863/2861/2193 2862/2862/2194 2861/2863/1577
f 2864/2864/2195 2862/2862/2194 2863/2861/2193
f 2864/2864/2195 2865/2865/982 2862/2862/2194
f 2868/2866/1307 2867/2867/2196 2866/2868/1306
f 2869/2869/2197 2867/2867/2196 2868/2866/1307
f 2869/2869/2197 2870/2870/1301 2867/2867/2196
f 2873/2871/1302 2872/2872/2198 2871/2873/2199
f 2874/2874/1304 2872/2872/2198 2873/2871/1302
f 2874/2874/1304 2875/2875/2200 2872/2872/2198
f 2878/2876/1448 2877/2877/2005 2876/2878/1566
f 2879/2879/2201 2877/2877/2005 2878/2876/1448
f 2879/2879/2201 2880/2880/1299 2877/2877/2005
f 2883/2881/2202 2882/2882/1450 2881/2883/1100
f 2884/2884/2203 2882/2882/1450 2883/2881/2202
f 2884/2884/2203 2885/2885/1726 2882/2882/1450
f 2888/2886/1456 2887/2887/1198 2886/2888/1454
f 2889/2889/1201 2887/2887/1198 2888/2886/1456
f 2889/2889/1201 2890/2890/2204 2887/2887/1198
f 2893/2891/2205 2892/2892/1565 2891/2893/2206
f 2894/2894/1163 2892/2892/1565 2893/2891/2205
f 2894/2894/1163 2895/2895/2207 2892/2892/1565
f 2898/2896/1765 2897/2897/2208 2896/2898/2209
f 2899/2899/1764 2897/2897/2208 2898/2896/1765
f 2899/2899/1764 2900/2900/1474 2897/2897/2208
f 2903/2901/2210 2902/2902/860 2901/2903/847
f 2904/2904/2211 2902/2902/860 2903/2901/2210
f 2904/2904/2211 2905/2905/2212 2902/2902/860
f 2908/2906/1769 2907/2907/2213 2906/2908/1771
f 2909/2909/1766 2907/2907/2213 2908/2906/1769
f 2909/2909/1766 2910/2910/2214 2907/2907/2213
f 2913/2911/850 2912/2912/1127 2911/2913/848
f 2914/2914/2215 2912/2912/1127 2913/2911/850
f 2914/2914/2215 2915/2915/2216 2912/2912/1127
f 2918/2916/935 2917/2917/913 2916/2918/937
f 2919/2919/2217 2917/2917/913 2918/2916/935
f 2919/2919/2217 2920/2920/2218 2917/2917/913
f 2923/2921/2219 2922/2922/1143 2921/2923/2220
f 2924/2924/2221 2922/2922/1143 2923/2921/2219
f 2924/2924/2221 2925/2925/2222 2922/2922/1143
f 2928/2926/2213 2927/2927/2215 2926/2928/2223
f 2929/2929/2224 2927/2927/2215 2928/2926/2213
f 2929/2929/2224 2930/2930/931 2927/2927/2215
f 2933/2931/2225 2932/2932/844 2931/2933/846
f 2934/2934/2226 2932/2932/844 2933/2931/2225
f 2934/2934/2226 2935/2935/2227 2932/2932/844
f 2938/2936/2228 2937/2937/2229 2936/2938/1841
f 2939/2939/1063 2937/2937/2229 2938/2936/2228
f 2939/2939/1063 2940/2940/1062 2937/2937/2229
f 2943/2941/2230 2942/2942/2231 2941/2943/1670
f 2944/2944/1458 2942/2942/2231 2943/2941/2230
f 2947/2945/2232 2946/2946/2233 2945/2947/2234
f 2948/2948/2235 2946/2946/2233 2947/2945/2232
f 2951/2949/1637 2950/2950/2236 2949/2951/1408
f 2952/2952/2237 2950/2950/2236 2951/2949/1637
f 2955/2953/557 2954/2954/2238 2953/2955/551
f 2956/2956/2239 2954/2954/2238 2955/2953/557
f 2959/2957/2240 2958/2958/2241 2957/2959/2242
f 2960/2960/593 2958/2958/2241 2959/2957/2240
f 2963/2961/2243 2962/2962/606 2961/2963/1849
f 2964/2964/608 2962/2962/606 2963/2961/2243
f 2967/2965/2244 2966/2966/1649 2965/2967/1315
f 2968/2968/801 2966/2966/1649 2967/2965/2244
f 2971/2969/2245 2970/2970/2246 2969/2971/1507
f 2972/2972/544 2970/2970/2246 2971/2969/2245
f 2975/2973/578 2974/2974/2247 2973/2975/2248
f 2976/2976/1801 2974/2974/2247 2975/2973/578
f 2979/2977/2249 2978/2978/1693 2977/2979/1466
f 2980/2980/1691 2978/2978/1693 2979/2977/2249
f 2983/2981/1223 2982/2982/537 2981/2983/2250
f 2984/2984/1221 2982/2982/537 2983/2981/1223
f 2987/2985/1689 2986/2986/2251 2985/2987/572
f 2988/2988/568 2986/2986/2251 2987/2985/1689
f 2991/2989/2252 2990/2990/2253 2989/2991/957
f 2992/2992/2254 2990/2990/2253 2991/2989/2252
f 2995/2993/1741 2994/2994/1084 2993/2995/2151
f 2996/2996/1086 2994/2994/1084 2995/2993/1741
f 2999/2997/1872 2998/2998/2255 2997/2999/2134
f 3000/3000/2256 2998/2998/2255 2999/2997/1872
f 3003/3001/1786 3002/3002/1877 3001/3003/1878
f 3004/3004/1874 3002/3002/1877 3003/3001/1786
f 3007/3005/1205 3006/3006/1893 3005/3007/2257
f 3008/3008/2258 3006/3006/1893 3007/3005/1205
f 3011/3009/2259 3010/3010/891 3009/3011/894
f 3012/3012/2260 3010/3010/891 3011/3009/2259
f 3015/3013/2261 3014/3014/2262 3013/3015/2263
f 3016/3016/911 3014/3014/2262 3015/3013/2261
f 3019/3017/2264 3018/3018/2265 3017/3019/2266
f 3020/3020/2267 3018/3018/2265 3019/3017/2264
f 3023/3021/2268 3022/3022/1113 3021/3023/1912
f 3024/3024/2269 3022/3022/1113 3023/3021/2268
f 3027/3025/884 3026/3026/887 3025/3027/2270
f 3028/3028/2271 3026/3026/887 3027/3025/884
f 3031/3029/2272 3030/3030/2273 3029/3031/2274
f 3032/3032/1938 3030/3030/2273 3031/3029/2272
f 3035/3033/1711 3034/3034/2275 3033/3035/977
f 3036/3036/981 3034/3034/2275 3035/3033/1711
f 3039/3037/2003 3038/3038/2276 3037/3039/2005
f 3040/3040/1445 3038/3038/2276 3039/3037/2003
f 3043/3041/1436 3042/3042/2277 3041/3043/1437
f 3044/3044/2278 3042/3042/2277 3043/3041/1436
f 3047/3045/2279 3046/3046/1566 3045/3047/1097
f 3048/3048/2278 3046/3046/1566 3047/3045/2279
f 3051/3049/1197 3050/3050/1160 3049/3051/2280
f 3052/3052/2281 3050/3050/1160 3051/3049/1197
f 3055/3053/930 3054/3054/2282 3053/3055/936
f 3056/3056/932 3054/3054/2282 3055/3053/930
f 3059/3057/2283 3058/3058/2284 3057/3059/921
f 3060/3060/917 3058/3058/2284 3059/3057/2283
f 3063/3061/1766 3062/3062/920 3061/3063/918
f 3064/3064/2285 3062/3062/920 3063/3061/1766
f 3067/3065/2286 3066/3066/1138 3065/3067/1136
f 3068/3068/1140 3066/3066/1138 3067/3065/2286
f 3071/3069/2287 3070/3070/859 3069/3071/2212
f 3072/3072/2288 3070/3070/859 3071/3069/2287
f 3075/3073/2289 3074/3074/2290 3073/3075/843
f 3076/3076/1625 3074/3074/2290 3075/3073/2289
f 3079/3077/1943 3078/3078/2291 3077/3079/1043
f 3080/3080/2292 3078/3078/2291 3079/3077/1943
f 3083/3081/2293 3082/3082/2294 3081/3083/2295
f 3086/3084/1956 3085/3085/1956 3084/3086/2296
f 3089/3087/1486 3088/3088/2297 3087/3089/822
f 3092/3090/2298 3091/3091/2299 3090/3092/2300
f 3095/3093/2301 3094/3094/2302 3093/3095/1668
f 3098/3096/1328 3097/3097/2303 3096/3098/2304
f 3101/3099/2305 3100/3100/2306 3099/3101/2307
f 3104/3102/2308 3103/3103/2309 3102/3104/2310
f 3107/3105/2311 3106/3106/2312 3105/3107/2313
f 3110/3108/2314 3109/3109/2315 3108/3110/1073
f 3113/3111/2316 3112/3112/1254 3111/3113/1257
f 3116/3114/1065 3115/3115/1634 3114/3116/1636
f 3119/3117/1064 3118/3118/641 3117/3119/622
f 3122/3120/1416 3121/3121/1415 3120/3122/2317
f 3125/3123/597 3124/3124/1632 3123/3125/595
f 3128/3126/2318 3127/3127/2319 3126/3128/1665
f 3131/3129/830 3130/3130/1173 3129/3131/2320
f 3134/3132/2321 3133/3133/1630 3132/3134/1632
f 3137/3135/1418 3136/3136/1416 3135/3137/2322
f 3140/3138/2062 3139/3139/2323 3138/3140/1252
f 3143/3141/2324 3142/3142/583 3141/3143/2325
f 3146/3144/1798 3145/3145/2326 3144/3146/1668
f 3149/3147/2327 3148/3148/571 3147/3149/2328
f 3152/3150/2329 3151/3151/2330 3150/3152/2331
f 3155/3153/2332 3154/3154/1504 3153/3155/1424
f 3158/3156/1487 3157/3157/2333 3156/3158/2334
f 3161/3159/1488 3160/3160/2335 3159/3161/2336
f 3164/3162/1253 3163/3163/2337 3162/3164/1977
f 3167/3165/1176 3166/3166/2338 3165/3167/2339
f 3170/3168/1334 3169/3169/648 3168/3170/646
f 3173/3171/1679 3172/3172/1339 3171/3173/1340
f 3176/3174/1603 3175/3175/679 3174/3176/676
f 3179/3177/2340 3178/3178/679 3177/3179/1865
f 3182/3180/1881 3181/3181/1235 3180/3182/1236
f 3185/3183/1512 3184/3184/1704 3183/3185/1875
f 3188/3186/2341 3187/3187/1517 3186/3188/2342
f 3191/3189/2343 3190/3190/1380 3189/3191/1379
f 3194/3192/2344 3193/3193/1357 3192/3194/1359
f 3197/3195/2345 3196/3196/2145 3195/3197/2344
f 3200/3198/1271 3199/3199/964 3198/3200/1185
f 3203/3201/964 3202/3202/1232 3201/3203/2346
f 3206/3204/964 3205/3205/1811 3204/3206/2347
f 3209/3207/2348 3208/3208/1213 3207/3209/2349
f 3212/3210/1427 3211/3211/2348 3210/3212/2350
f 3215/3213/1991 3214/3214/2351 3213/3215/1270
f 3218/3216/963 3217/3217/678 3216/3218/1144
f 3221/3219/1216 3220/3220/1812 3219/3221/1813
f 3224/3222/2352 3223/3223/1386 3222/3224/2153
f 3227/3225/1699 3226/3226/2353 3225/3227/1700
f 3230/3228/2354 3229/3229/2355 3228/3230/1211
f 3233/3231/863 3232/3232/2356 3231/3233/2357
f 3236/3234/2358 3235/3235/2359 3234/3236/2360
f 3239/3237/861 3238/3238/1526 3237/3239/1123
f 3242/3240/876 3241/3241/864 3240/3242/1122
f 3245/3243/912 3244/3244/1909 3243/3245/901
f 3248/3246/1109 3247/3247/2361 3246/3248/2362
f 3251/3249/2363 3250/3250/2364 3249/3251/2365
f 3254/3252/2366 3253/3253/2367 3252/3254/879
f 3257/3255/2368 3256/3256/877 3255/3257/2369
f 3260/3258/2370 3259/3259/2371 3258/3260/2372
f 3263/3261/2373 3262/3262/1021 3261/3263/1031
f 3266/3264/2374 3265/3265/2375 3264/3266/1922
f 3269/3267/1925 3268/3268/1924 3267/3269/2376
f 3272/3270/1919 3271/3271/2377 3270/3272/2378
f 3275/3273/1014 3274/3274/2379 3273/3275/1017
f 3278/3276/2380 3277/3277/1277 3276/3278/954
f 3281/3279/2381 3280/3280/1749 3279/3281/1546
f 3284/3282/2382 3283/3283/1558 3282/3284/2383
f 3287/3285/1554 3286/3286/974 3285/3287/1822
f 3290/3288/1825 3289/3289/965 3288/3290/2384
f 3293/3291/982 3292/3292/1237 3291/3293/2385
f 3296/3294/2386 3295/3295/2196 3294/3296/2387
f 3299/3297/708 3298/3298/710 3297/3299/2388
f 3302/3300/2389 3301/3301/1565 3300/3302/1161
f 3305/3303/1997 3304/3304/1994 3303/3305/2390
f 3308/3306/1444 3307/3307/1942 3306/3308/2391
f 3311/3309/1442 3310/3310/2392 3309/3311/1444
f 3314/3312/945 3313/3313/2182 3312/3314/2393
f 3317/3315/2394 3316/3316/2395 3315/3317/2396
f 3320/3318/1445 3319/3319/2397 3318/3320/2398
f 3323/3321/833 3322/3322/2399 3321/3323/834
f 3326/3324/1625 3325/3325/2400 3324/3326/1770
f 3329/3327/848 3328/3328/2401 3327/3329/846
f 3332/3330/2224 3331/3331/2402 3330/3332/935
f 3335/3333/916 3334/3334/939 3333/3335/918
f 3338/3336/1141 3337/3337/924 3336/3338/2222
f 3341/3339/2403 3340/3340/1137 3339/3341/2404
f 3344/3342/2405 3343/3343/851 3342/3344/2406
f 3347/3345/858 3346/3346/2407 3345/3347/849
f 3350/3348/2408 3349/3349/860 3348/3350/854
f 3353/3351/2409 3352/3352/2410 3351/3353/1474
f 3356/3354/2009 3355/3355/1063 3354/3356/2411
f 3359/3357/2009 3358/3358/2412 3357/3359/2413
f 3362/3360/2414 3361/3361/1063 3360/3362/2228
f 3365/3363/2415 3364/3364/1186 3363/3365/1208
