<?xml version="1.0" encoding="utf-8"?>
<COLLADA xmlns="http://www.collada.org/2005/11/COLLADASchema" version="1.4.1" xmlns:xsi="http://www.w3.org/2001/XMLSchema-instance">
  <asset>
    <contributor>
      <author>Blender User</author>
      <authoring_tool>Blender 2.93.11 commit date:2022-10-04, commit time:18:12, hash:d52a0fa11595</authoring_tool>
    </contributor>
    <created>2022-10-16T15:40:28</created>
    <modified>2022-10-16T15:40:28</modified>
    <unit name="meter" meter="1"/>
    <up_axis>Z_UP</up_axis>
  </asset>
  <library_effects>
    <effect id="Material_001-effect">
      <profile_COMMON>
        <newparam sid="_00001996D653C38_png-surface">
          <surface type="2D">
            <init_from>_00001996D653C38_png</init_from>
          </surface>
        </newparam>
        <newparam sid="_00001996D653C38_png-sampler">
          <sampler2D>
            <source>_00001996D653C38_png-surface</source>
          </sampler2D>
        </newparam>
        <technique sid="common">
          <lambert>
            <emission>
              <color sid="emission">0 0 0 1</color>
            </emission>
            <diffuse>
              <texture texture="_00001996D653C38_png-sampler" texcoord="UVMap"/>
            </diffuse>
            <index_of_refraction>
              <float sid="ior">1.45</float>
            </index_of_refraction>
          </lambert>
        </technique>
      </profile_COMMON>
    </effect>
    <effect id="Material_002-effect">
      <profile_COMMON>
        <newparam sid="_00001996D64C8B8_png-surface">
          <surface type="2D">
            <init_from>_00001996D64C8B8_png</init_from>
          </surface>
        </newparam>
        <newparam sid="_00001996D64C8B8_png-sampler">
          <sampler2D>
            <source>_00001996D64C8B8_png-surface</source>
          </sampler2D>
        </newparam>
        <technique sid="common">
          <lambert>
            <emission>
              <color sid="emission">0 0 0 1</color>
            </emission>
            <diffuse>
              <texture texture="_00001996D64C8B8_png-sampler" texcoord="UVMap"/>
            </diffuse>
            <index_of_refraction>
              <float sid="ior">1.45</float>
            </index_of_refraction>
          </lambert>
        </technique>
      </profile_COMMON>
    </effect>
  </library_effects>
  <library_images>
    <image id="_00001996D64C8B8_png" name="_00001996D64C8B8_png">
      <init_from>000001996D64C8B8.png</init_from>
    </image>
    <image id="_00001996D653C38_png" name="_00001996D653C38_png">
      <init_from>000001996D653C38.png</init_from>
    </image>
  </library_images>
  <library_materials>
    <material id="Material_001-material" name="Material.001">
      <instance_effect url="#Material_001-effect"/>
    </material>
    <material id="Material_002-material" name="Material.002">
      <instance_effect url="#Material_002-effect"/>
    </material>
  </library_materials>
  <library_geometries>
    <geometry id="Mesh_0299_rip-mesh" name="Mesh_0299.rip">
      <mesh>
        <source id="Mesh_0299_rip-mesh-positions">
          <float_array id="Mesh_0299_rip-mesh-positions-array" count="7968">-0.07589381 -1.748843 0.01866507 -0.07825702 -1.74684 0.02074003 -0.06873995 -1.76022 0.02013641 -0.08005428 -1.75027 0.02440816 -0.08091711 -1.746011 0.02103227 -0.1083471 -1.73347 0.02972257 -0.0796585 -1.739676 0.01527082 -0.07839828 -1.733307 0.009508967 -0.077807 -1.742361 0.01763176 -0.04299926 -1.733139 0.03755503 -0.07589381 -1.748843 0.01866507 -0.06648284 -1.75908 0.01958423 -0.06873995 -1.76022 0.02013641 -0.05599057 -1.770893 0.01934748 -0.05693262 -1.77332 0.0244323 -0.04442042 -1.774043 0.01544982 -0.04412925 -1.777005 0.02015322 -0.02804416 -1.770523 0.007695198 -0.02422153 -1.771908 0.009567499 -0.0178343 -1.761312 -8.09211e-4 -0.0112493 -1.766452 -0.001047432 -0.007712244 -1.745341 -0.01419895 0.007048845 -1.747674 -0.01516568 0.006787717 -1.7382 -0.03578448 0.02175241 -1.744906 -0.01438921 0.02619189 -1.733442 -0.03099721 0.02971702 -1.742845 -0.01051414 0.0326085 -1.731626 -0.01450121 0.05736249 -1.731746 0.03690522 0.0416395 -1.719769 -0.01665246 0.05604285 -1.713079 -0.01365923 0.03556871 -1.722454 -0.0383107 0.05559313 -1.695888 -0.03654694 0.05547797 -1.710455 -0.07032644 0.06215989 -1.683255 -0.07617473 0.05256956 -1.719146 -0.1058388 0.05604535 -1.691959 -0.1105264 0.03702831 -1.723176 -0.1310634 0.03633648 -1.696688 -0.1401149 0.005980491 -1.728007 -0.1392669 0.005522072 -1.697759 -0.1469556 -0.02521872 -1.697557 -0.1397198 -0.02454507 -1.671861 -0.1319665 -0.04466432 -1.69332 -0.1098751 -0.03687781 -1.669646 -0.1045102 -0.05056715 -1.684814 -0.07544732 -0.03597706 -1.662132 -0.07107049 -0.04879844 -1.673009 -0.05276018 -0.04544281 -1.657498 -0.0668562 -0.06889051 -1.664131 -0.06174492 -0.04494118 -1.648736 -0.07698529 -0.06315171 -1.653921 -0.06756931 -0.06356692 -1.652272 -0.06590032 -0.0641396 -1.651998 -0.06800556 -0.0419389 -1.642042 -0.07559728 -0.04431968 -1.641254 -0.08025562 -0.009693324 -1.64258 -0.08672714 -0.01068425 -1.641163 -0.09209686 0.006486415 -1.642591 -0.08898776 0.006490409 -1.64136 -0.09435713 0.02971702 -1.742845 -0.01051414 0.03355652 -1.756025 4.36327e-4 0.05736249 -1.731746 0.03690522 0.04505097 -1.767386 0.00920701 0.04311007 -1.769466 0.008076667 0.05949598 -1.773696 0.01563698 0.05968129 -1.773235 0.01558297 0.0712043 -1.769405 0.01924955 0.07233631 -1.771564 0.02360242 0.08422464 -1.756263 0.02035343 0.08718371 -1.760328 0.02655839 0.09486871 -1.748196 0.02570545 0.1002326 -1.764651 0.04588955 0.1227586 -1.730393 0.02828633 0.110465 -1.786105 0.1102684 0.1345821 -1.761379 0.1117491 0.1421659 -1.76399 0.1390658 0.1441887 -1.750577 0.1051375 0.1459173 -1.763095 0.1303251 0.1620286 -1.775039 0.1332499 0.1821534 -1.764831 0.1538666 0.1806265 -1.716713 0.128959 0.1999807 -1.742785 0.1633512 0.2103565 -1.724217 0.1617509 0.181212 -1.724469 0.1588507 0.192681 -1.70803 0.1572411 0.1958004 -1.702736 0.1617862 0.2016823 -1.688548 0.1365278 0.2218895 -1.661326 0.1784335 0.2431007 -1.647063 0.1010184 0.2999045 -1.593954 0.1010923 0.2200348 -1.645619 0.008929729 0.2794006 -1.582632 0.006138622 0.2337448 -1.572237 -0.03518807 0.2037781 -1.520939 -0.1185903 0.1613227 -1.589605 -0.06973391 0.1375578 -1.540079 -0.1153475 0.09731078 -1.586108 -0.09413683 0.07792383 -1.561462 -0.1341661 0.05208945 -1.549803 -0.1532943 0.1375578 -1.540079 -0.1153475 0.08844757 -1.506124 -0.193484 0.2037781 -1.520939 -0.1185903 0.08472198 -1.483853 -0.1998274 0.1992927 -1.488131 -0.1298586 0.08513718 -1.46601 -0.182685 0.1870298 -1.469317 -0.1180596 -0.01143002 -1.639843 -0.08671116 0.005195975 -1.646417 -0.09012442 0.005113124 -1.63982 -0.08917123 0.02168059 -1.639361 -0.08692348 0.02236711 -1.645878 -0.08804196 0.054017 -1.641989 -0.07574039 0.05581736 -1.647384 -0.07757675 0.07486563 -1.650459 -0.06661945 0.07447886 -1.652117 -0.0682857 0.07541316 -1.650169 -0.06872928 0.08514541 -1.656478 -0.06841135 0.06659853 -1.623322 -0.0910589 0.09731078 -1.586108 -0.09413683 0.0390805 -1.57275 -0.1457831 0.05208945 -1.549803 -0.1532943 0.0046072 -1.570929 -0.1570968 0.003923833 -1.547165 -0.1684433 -0.04402744 -1.551038 -0.1528819 -0.08124828 -1.507964 -0.1928962 -0.1314954 -1.54503 -0.1143943 -0.1957039 -1.525242 -0.1172018 -0.151311 -1.591964 -0.06536084 -0.224016 -1.579365 -0.03641635 -0.1526014 -1.639332 -0.02726632 -0.2081848 -1.651275 0.01132392 -0.139867 -1.680259 -0.01890009 -0.1779083 -1.686122 0.02019321 -0.1399815 -1.717697 0.02622306 -0.1920137 -1.687507 0.09964817 -0.1613481 -1.711143 0.08366966 -0.1654267 -1.721427 0.1311999 -0.145415 -1.744062 0.09581553 -0.1361064 -1.762122 0.107802 -0.1283962 -1.754283 0.1069017 -0.1452054 -1.779231 0.1352398 -0.1294607 -1.76685 0.1321086 -0.1653308 -1.769567 0.1561173 -0.1450026 -1.750851 0.1515312 -0.1836236 -1.748008 0.1658357 -0.165415 -1.729187 0.1610955 -0.1945174 -1.729727 0.164373 -0.177344 -1.713064 0.1596372 -0.2038397 -1.710304 0.1431378 -0.1871357 -1.693835 0.1390451 -0.2022199 -1.695483 0.1159473 -0.1920137 -1.687507 0.09964817 -0.1654267 -1.721427 0.1311999 -0.7371743 -0.9101199 0.1975476 -0.7115216 -0.9313765 -0.1445164 -0.7531597 -0.7461186 0.2036439 -0.7325787 -0.7337945 -0.1578904 -0.6365167 -0.953019 -0.3626694 -0.664483 -0.7158385 -0.3924369 -0.5293822 -0.8490511 -0.5851783 -0.547778 -0.7021442 -0.599258 -0.3882032 -0.7073268 -0.7186376 -0.3632144 -0.5466424 -0.6793591 -0.2065004 -0.7126355 -0.8352312 -0.1673607 -0.5481451 -0.7530856 0 -0.5537157 -0.7728455 1.29912e-4 -0.4482154 -0.691144 0.1673663 -0.5481636 -0.7531111 0.3226163 -0.4530481 -0.595228 0.3628222 -0.5460877 -0.6795871 0.52428 -0.571606 -0.5395621 0.5468001 -0.700003 -0.6007457 0.6263933 -0.594918 -0.3957989 0.6639543 -0.7127531 -0.3947098 0.7329331 -0.7303891 -0.1603902 0.6367321 -0.948961 -0.3661006 0.7127831 -0.9268335 -0.148348 0.6751167 -1.072068 -0.1311148 0.7401575 -0.9054064 0.1935823 0.689855 -1.068606 0.1761437 0.5826603 -1.079273 0.5015746 0.5052152 -1.224907 0.4236829 0.2339323 -1.096544 0.6748204 0.2171594 -1.237208 0.5973357 0.003007888 -1.093363 0.7235774 0.004265487 -1.232511 0.6461963 -0.2087548 -1.238893 0.5986701 0.005645513 -1.388704 0.5261166 -0.151148 -1.389809 0.4903194 0.006027758 -1.470601 0.4448426 -0.124997 -1.463576 0.4107366 -0.1208918 -1.482297 0.4150567 -0.3043562 -1.486797 0.2577974 -0.2620134 -1.525695 0.2409796 -0.378402 -1.472889 0.08309316 -0.316383 -1.502267 0.09486991 0.04184532 -1.768466 0.01994115 0.05273622 -1.770634 0.02489137 0.05670684 -1.767635 0.01304286 0.06634426 -1.766448 0.01590299 0.06432402 -1.768985 0.02817964 0.07538425 -1.762114 0.0173071 0.07521086 -1.763714 0.02940922 0.08273684 -1.755172 0.0171529 0.08408349 -1.75546 0.02843177 0.08751815 -1.746532 0.01581382 0.08987206 -1.745217 0.02536529 0.08914488 -1.737059 0.01257967 0.09187823 -1.734222 0.02057957 0.08742314 -1.727962 0.008166551 0.08985984 -1.723801 0.01465177 0.08256143 -1.720357 0.003194332 0.0840609 -1.71521 0.008297026 0.0751484 -1.715225 -0.001408815 0.07517933 -1.710435 1.73175e-4 0.06607609 -1.713128 -0.005379974 0.06428927 -1.707319 -0.00266844 0.05643862 -1.714318 -0.008240163 0.05270147 -1.70897 -0.005956649 0.04739886 -1.718651 -0.00964421 0.04181468 -1.71424 -0.007186174 0.04004675 -1.725606 -0.009422957 0.03294211 -1.722495 -0.006208777 0.03526896 -1.734342 -0.007602989 0.02715349 -1.732737 -0.003142237 0.03364187 -1.743808 -0.004403889 0.02514743 -1.743731 0.001643478 0.03536206 -1.75286 -2.11606e-4 0.02716553 -1.754152 0.00757116 0.04022163 -1.760406 0.0044685 0.03296464 -1.762743 0.01392585 0.04763448 -1.765537 0.009071588 0.04184532 -1.768466 0.01994115 0.05670684 -1.767635 0.01304286 -0.03215968 -1.766556 0.009604752 -0.04111617 -1.768999 0.01364088 -0.02671498 -1.769401 0.0203846 -0.0374785 -1.77186 0.0254749 -0.05077129 -1.768182 0.01657056 -0.0490632 -1.770525 0.02891308 -0.05996048 -1.764198 0.01804023 -0.0600717 -1.76555 0.03028428 -0.06757527 -1.75753 0.01787292 -0.06917613 -1.757539 0.02942299 -0.07269746 -1.748982 0.0160886 -0.07527846 -1.747457 0.0264334 -0.07470911 -1.739586 0.01290261 -0.07764267 -1.736521 0.02167594 -0.07336753 -1.730475 0.008699178 -0.07598346 -1.72605 0.01572436 -0.06883466 -1.722748 0.003985226 -0.07050132 -1.717306 0.009296655 -0.06165713 -1.717337 -6.70467e-4 -0.06185775 -1.712294 0.001059353 -0.05270069 -1.714893 -0.004706561 -0.05109345 -1.708885 -0.001922249 -0.04304552 -1.715713 -0.007636249 -0.03950875 -1.710223 -0.005360364 -0.03385651 -1.719698 -0.00910592 -0.02850025 -1.715198 -0.00673151 -0.02624171 -1.726365 -0.00893861 -0.019396 -1.723209 -0.005870342 -0.02111953 -1.734912 -0.007154285 -0.01329362 -1.733291 -0.002880692 -0.01910775 -1.744308 -0.003968298 -0.01092946 -1.744226 0.001876771 -0.02044939 -1.753418 2.35093e-4 -0.01258844 -1.754697 0.007828235 -0.02498233 -1.761145 0.004949033 -0.01807069 -1.76344 0.014256 -0.03215968 -1.766556 0.009604752 -0.02671498 -1.769401 0.0203846 0.1938166 -1.684259 0.2648628 0.1672829 -1.747818 0.2168424 0.1304368 -1.702959 0.3134064 0.1253191 -1.742845 0.2772985 0.1410316 -1.797775 0.2046669 0.1122925 -1.801696 0.2497094 0.1341805 -1.838887 0.2011213 0.1064613 -1.862689 0.2366107 0.1297954 -1.869916 0.1896851 0.122861 -1.902259 0.192945 0.1082599 -1.878952 0.1173454 0.1104349 -1.920396 0.1262732 0.08926582 -1.921433 0.07773065 0.07618039 -1.956323 0.1173425 0.06510984 -1.947227 0.06910943 0.02677488 -1.961098 0.06636172 0.01846373 -1.908174 0.03564798 -0.01154482 -1.956294 0.06869268 -0.01680558 -1.911106 0.04053771 -0.04485785 -1.935901 0.07715702 -0.05486017 -1.906261 0.06236648 -0.07718712 -1.899137 0.1160995 -0.07452148 -1.841107 0.1182702 -0.08682805 -1.886837 0.1890639 -0.08353894 -1.846163 0.1886888 -0.05940711 -1.874836 0.2365612 -0.05120229 -1.806486 0.2504807 0.00994277 -1.809409 0.2674762 -0.05791062 -1.746646 0.2897239 0.009082615 -1.744568 0.3057705 -0.06253844 -1.707789 0.3337956 0.008951663 -1.71102 0.3556124 0.008507311 -1.669008 0.3746732 0.1304368 -1.702959 0.3134064 0.1215615 -1.658061 0.3306293 0.1938166 -1.684259 0.2648628 0.09964513 -1.620053 0.3404654 0.1806527 -1.644308 0.2701747 0.7097105 -1.48629 0.1029772 0.7555331 -1.499326 0.0846315 0.6980125 -1.468571 0.0857132 0.7413785 -1.486016 0.06190264 0.7962977 -1.500695 0.03974193 0.7743969 -1.491043 0.03117048 0.779545 -1.508678 0.01489961 0.7752552 -1.499766 0.006107568 0.781661 -1.511243 0.006089448 0.7808364 -1.508322 -0.003943145 0.7941161 -1.513356 0.002691268 0.8010389 -1.503529 0.001454651 0.7938418 -1.511896 0.01333773 0.8040778 -1.489005 0.02796518 0.7962977 -1.500695 0.03974193 0.8190939 -1.488288 0.02733457 0.8201087 -1.500737 0.03744226 0.8323911 -1.500303 0.02946174 0.8417956 -1.499418 0.03860539 0.864977 -1.506945 0.01763188 0.8498244 -1.485117 0.04337173 0.8719241 -1.495199 0.02183449 0.86894 -1.486809 0.002133905 0.8773996 -1.496608 0.01177942 0.8745629 -1.506627 0.00435543 0.864977 -1.506945 0.01763188 0.862383 -1.509147 9.73323e-4 0.8540427 -1.510127 0.008972108 0.8555771 -1.500017 -0.003958523 0.8323911 -1.500303 0.02946174 0.8286433 -1.489488 0.02270215 0.8190939 -1.488288 0.02733457 -0.6857213 -1.447204 0.05159205 -0.7231262 -1.461299 0.02540111 -0.7348911 -1.478457 0.04687815 -0.7738128 -1.484695 7.84074e-4 -0.7540069 -1.470546 -0.006547689 -0.7553936 -1.487775 -0.02396672 -0.7527253 -1.477675 -0.03209036 -0.7568187 -1.490133 -0.03297078 -0.7563839 -1.486482 -0.04278624 -0.7685763 -1.49435 -0.03685861 -0.7772247 -1.485956 -0.0377264 -0.7687812 -1.493539 -0.026142 -0.7834661 -1.473973 -0.01051735 -0.7738128 -1.484695 7.84074e-4 -0.7983273 -1.476077 -0.01155543 -0.7971311 -1.489104 -0.002227127 -0.8091213 -1.490503 -0.01053327 -0.8186874 -1.491995 -0.0016402 -0.8396158 -1.502442 -0.02370244 -0.8293858 -1.479805 0.003709912 -0.8487541 -1.492515 -0.01903164 -0.8470677 -1.482486 -0.03810948 -0.8536744 -1.494299 -0.02931118 -0.8488408 -1.503111 -0.03721886 -0.8396158 -1.502442 -0.02370244 -0.8363443 -1.503057 -0.04037529 -0.8281186 -1.502941 -0.03220099 -0.8313189 -1.492511 -0.044559 -0.8091213 -1.490503 -0.01053327 -0.8073849 -1.47877 -0.0165342 -0.7983273 -1.476077 -0.01155543 -0.8398301 -1.478336 0.01653105 -0.8670231 -1.485845 -0.001583158 -0.8467115 -1.464272 0.024365 -0.8729524 -1.476343 0.004985094 -0.8806691 -1.47596 -0.003688156 -0.8746842 -1.4645 -0.01336026 -0.8787449 -1.484928 -0.0127061 -0.8618322 -1.475854 -0.02319276 -0.8671345 -1.486027 -0.01835006 -0.858184 -1.487317 -0.01101028 -0.8670231 -1.485845 -0.001583158 -0.8293858 -1.479805 0.003709912 -0.8398301 -1.478336 0.01653105 -0.8239559 -1.478059 0.02983319 -0.8467115 -1.464272 0.024365 -0.8373481 -1.459349 0.05202877 -0.851643 -1.461023 0.03897386 -0.849449 -1.445319 0.04809051 -0.8792496 -1.462996 0.03079575 -0.881291 -1.453328 0.03894472 -0.889715 -1.451165 0.03339141 -0.8853867 -1.440225 0.02278196 -0.8915153 -1.459525 0.02425611 -0.878611 -1.452496 0.009369969 -0.8833287 -1.461942 0.01532304 -0.8743215 -1.465075 0.01923352 -0.8792496 -1.462996 0.03079575 -0.8467115 -1.464272 0.024365 -0.851643 -1.461023 0.03897386 0.86705 -1.4604 0.07778465 0.8947635 -1.457538 0.07025432 0.8632642 -1.46538 0.06332129 0.8906676 -1.461193 0.0587573 0.8990313 -1.45663 0.05482268 0.8927891 -1.448623 0.04820024 0.9063396 -1.452175 0.06373447 0.8967107 -1.434521 0.06093436 0.9027141 -1.443794 0.07229036 0.89469 -1.447199 0.07781386 0.8947635 -1.457538 0.07025432 0.8616466 -1.444899 0.08585178 0.86705 -1.4604 0.07778465 0.8523118 -1.460729 0.09044444 0.8632642 -1.46538 0.06332129 0.8433805 -1.482918 0.06923002 0.8594117 -1.480933 0.05626451 0.8498244 -1.485117 0.04337173 0.8880668 -1.484154 0.03916049 0.8799535 -1.487836 0.02968418 0.8887136 -1.485291 0.02244263 0.8817265 -1.476617 0.01687169 0.8997308 -1.481665 0.0282182 0.8918929 -1.462463 0.02620315 0.899649 -1.471984 0.03668689 0.891888 -1.473327 0.04522448 0.8880668 -1.484154 0.03916049 0.8632642 -1.46538 0.06332129 0.8594117 -1.480933 0.05626451 -0.1673607 -0.5481451 -0.7530856 1.29912e-4 -0.4482154 -0.691144 -0.322206 -0.4531438 -0.5954509 1.17091e-4 -0.4405623 -0.632064 0.3226163 -0.4530481 -0.595228 0.3067839 -0.4509742 -0.5404329 0.486619 -0.4745358 -0.4809135 0.5311338 -0.4804894 -0.3506383 0.5635696 -0.4889219 -0.3899646 0.6844747 -0.5338256 -0.1192415 0.7150023 -0.6390208 -0.148464 0.7191699 -0.5616689 0.20405 0.7548027 -0.7426145 0.2010818 0.6155188 -0.5819487 0.5290284 0.6425848 -0.7437799 0.541252 0.2759718 -0.5773153 0.7523052 0.2818219 -0.7131322 0.7779652 0 -0.5720617 0.7899223 0 -0.7008009 0.8167642 -0.2816336 -0.7131918 0.7780011 2.82366e-4 -0.9025257 0.8019422 -0.2664529 -0.9069922 0.7512453 -0.2280952 -1.097828 0.6757829 -0.5764869 -1.083522 0.5049676 -0.497088 -1.229532 0.4274366 -0.6855137 -1.073939 0.180484 -0.5890604 -1.203111 0.1658753 0.5869509 -0.3588752 0.08223289 0.4366335 -0.1932749 0.04259163 0.4657539 -0.238294 0.02611434 0.4498091 -0.2817224 -0.05348122 0.4623729 -0.2763186 -0.05618393 0.463411 -0.3274481 -0.1163312 0.4724463 -0.3672403 -0.1153666 0.5445137 -0.3731771 -0.1052613 0.5968026 -0.3873131 -0.08105677 0.6096549 -0.3821969 -0.03866845 0.6350511 -0.3759368 0.09524142 0.5869509 -0.3588752 0.08223289 0.5571666 -0.2769591 0.1407892 0.4366335 -0.1932749 0.04259163 0.555256 -0.3002439 0.3024854 0.4341364 -0.2139857 0.3051415 0.3949283 -0.3505969 0.4893706 0 -0.4061657 0.3922742 0 -0.4912911 0.7054072 -0.3953077 -0.3505076 0.4890181 -0.5500842 -0.4886299 0.5108735 -0.5555596 -0.3000715 0.3017807 -0.6501482 -0.4386061 0.2188865 -0.5560277 -0.281188 0.1454116 -0.6341332 -0.3793163 0.09791171 -0.5807051 -0.3671334 0.1152939 -0.606334 -0.372308 0.003533601 0.006490409 -1.64136 -0.09435713 0.005791604 -1.611633 -0.1236309 -0.01068425 -1.641163 -0.09209686 -0.01405763 -1.615314 -0.120474 -0.02974712 -1.573953 -0.1488203 -0.05562496 -1.624667 -0.09202772 -0.08741873 -1.588252 -0.09487736 -0.07406157 -1.658636 -0.0674141 -0.09632045 -1.651613 -0.06207531 -0.06889051 -1.664131 -0.06174492 -0.08536165 -1.675059 -0.05386352 -0.04879844 -1.673009 -0.05276018 -0.06507599 -1.686329 -0.04065811 -0.04312425 -1.697241 -0.03588831 -0.0688892 -1.704361 -0.0215795 -0.04281067 -1.714431 -0.01301199 -0.05985248 -1.71693 -0.007860839 -0.04299926 -1.733139 0.03755503 -0.07134836 -1.723353 0.001246571 -0.07839828 -1.733307 0.009508967 -0.09238147 -1.718766 -0.003919601 -0.1083471 -1.73347 0.02972257 -0.1399815 -1.717697 0.02622306 -0.1358727 -1.740007 0.09405696 -0.1613481 -1.711143 0.08366966 -0.145415 -1.744062 0.09581553 -0.5336998 -0.1377847 0.09352838 -0.5634518 -0.1510923 0.08794909 -0.5616756 -0.1378765 0.09460705 -0.5859423 -0.1220725 0.06863105 -0.5813109 -0.1435019 0.07154291 -0.5887651 -0.1280458 0.06507366 -0.5920264 -0.1403006 0.05391824 -0.6185665 -0.1052086 0.02004188 -0.612246 -0.119692 0.01185232 -0.62054 -0.0889154 -0.02688169 -0.6145268 -0.1044693 -0.02564996 -0.5980291 -0.08321744 -0.0451163 -0.5955293 -0.09944164 -0.04171913 -0.5746757 -0.08312505 -0.04417413 -0.5728155 -0.09892708 -0.0422334 -0.5506368 -0.09420621 -0.01268392 -0.5550531 -0.1104179 -0.01539784 -0.5322627 -0.118602 0.03648465 -0.5380948 -0.1316788 0.02660983 -0.5247111 -0.134009 0.04291993 -0.5342156 -0.1500438 0.03735351 -0.5145092 -0.1441123 0.06666475 -0.5243557 -0.1548634 0.05989104 -0.5357655 -0.151311 0.0872932 -0.5392961 -0.1606509 0.07731336 0.54074 -0.1469183 -0.01727336 0.526792 -0.1449739 -0.03629851 0.5388253 -0.1343855 -0.01106268 0.5188457 -0.1312125 -0.03386598 0.5371311 -0.1494292 -0.05869621 0.5303601 -0.1311962 -0.05911362 0.5438247 -0.1364593 -0.07465744 0.540236 -0.120126 -0.06987237 0.5636623 -0.1331077 -0.12048 0.5619209 -0.1164325 -0.1234137 0.5828393 -0.1339797 -0.148751 0.5871937 -0.1201851 -0.1556572 0.6051809 -0.1377807 -0.1470529 0.6102237 -0.1241712 -0.1554428 0.6232455 -0.1400871 -0.1293667 0.6316647 -0.1269281 -0.1353318 0.6188304 -0.1415548 -0.08909487 0.6274503 -0.1263346 -0.08580106 0.5958786 -0.1437779 -0.04358083 0.5947054 -0.1281836 -0.03719973 0.584918 -0.1393033 -0.02638864 0.5929024 -0.1210124 -0.03592163 0.5661938 -0.1382209 -0.009242117 0.5666073 -0.1234419 -0.007353007 0.5389996 -0.1194122 -0.009687364 0.08514541 -1.656478 -0.06841135 0.08022731 -1.662088 -0.06274461 0.1073114 -1.648863 -0.06331402 0.09701108 -1.672575 -0.0550518 0.06044727 -1.671514 -0.05347555 0.07726651 -1.684386 -0.0416063 0.05559313 -1.695888 -0.03654694 0.08178192 -1.702307 -0.02256697 0.05604285 -1.713079 -0.01365923 0.07321023 -1.715114 -0.008727371 0.05736249 -1.731746 0.03690522 0.08499109 -1.721224 2.30685e-4 0.09238672 -1.730962 0.008404314 0.1058361 -1.716065 -0.00520873 0.1227586 -1.730393 0.02828633 0.1537608 -1.713723 0.02432733 0.1511088 -1.736094 0.09219908 0.1756558 -1.706537 0.08148765 0.1607781 -1.739884 0.0938332 0.1806265 -1.716713 0.128959 0.1521168 -1.758187 0.1059356 0.1620286 -1.775039 0.1332499 0.1441887 -1.750577 0.1051375 -0.2065004 -0.7126355 -0.8352312 -6.80153e-4 -0.8552066 -0.847278 -2.32857e-4 -0.715355 -0.8852698 0.2058493 -0.7123573 -0.835467 0.2132608 -0.8438797 -0.8109235 0.3868989 -0.7060676 -0.7196398 0.3825711 -0.8462608 -0.7022437 0.5285602 -0.8467878 -0.5871369 0.3656652 -0.9804577 -0.6475483 0.502917 -0.9713394 -0.546017 0.3906049 -1.130749 -0.5201579 0.6004346 -1.089898 -0.2989357 0.543285 -1.218164 -0.2048951 0.6163425 -1.190513 -0.05936616 0.5320762 -1.310254 0.04610896 0.5949574 -1.197641 0.1614324 0.521598 -1.292775 0.1844751 0.5052152 -1.224907 0.4236829 0.4061563 -1.348655 0.3637601 0.2171594 -1.237208 0.5973357 0.1621408 -1.388216 0.4890252 0.005645513 -1.388704 0.5261166 0.006027758 -1.470601 0.4448426 -0.8373481 -1.459349 0.05202877 -0.849449 -1.445319 0.04809051 -0.8397016 -1.444563 0.0640102 -0.8694978 -1.439741 0.06541776 -0.8710632 -1.441096 0.05396574 -0.8781696 -1.435945 0.05465197 -0.8750449 -1.427702 0.04797667 -0.8798529 -1.433231 0.06533867 -0.8717518 -1.41708 0.061782 -0.8731297 -1.427328 0.07203292 -0.8655508 -1.4317 0.07293659 -0.8694978 -1.439741 0.06541776 -0.8409158 -1.433719 0.06830775 -0.8397016 -1.444563 0.0640102 -0.8257066 -1.440808 0.07706385 -0.8373481 -1.459349 0.05202877 -0.8179612 -1.460766 0.07110184 -0.8239559 -1.478059 0.02983319 -0.7981667 -1.481343 0.04985535 -0.8080233 -1.488174 0.01158642 -0.7799664 -1.489093 0.02849054 -0.7738128 -1.484695 7.84074e-4 -0.7348911 -1.478457 0.04687815 0.7555331 -1.499326 0.0846315 0.8023399 -1.502211 0.06777966 0.7962977 -1.500695 0.03974193 0.8302083 -1.496938 0.05136758 0.8180921 -1.489893 0.08894413 0.8433805 -1.482918 0.06923002 0.8329804 -1.464708 0.1092109 0.8523118 -1.460729 0.09044444 0.8366202 -1.443323 0.1140439 0.8514592 -1.445091 0.1015114 0.8504651 -1.433983 0.1051381 0.8797453 -1.434592 0.1031578 0.874122 -1.427029 0.1100814 0.8807584 -1.421349 0.109043 0.8777709 -1.41217 0.09814244 0.8886764 -1.42624 0.1028583 0.8834306 -1.422755 0.08509647 0.8878597 -1.429846 0.09233456 0.881882 -1.43629 0.09184426 0.8797453 -1.434592 0.1031578 0.8616466 -1.444899 0.08585178 0.8514592 -1.445091 0.1015114 0.8523118 -1.460729 0.09044444 -0.6855137 -1.073939 0.180484 -0.6121822 -1.19619 -0.05475044 -0.6727151 -1.077294 -0.1268537 -0.5989746 -1.094545 -0.2951391 -0.5399789 -1.223166 -0.2008212 -0.3902477 -1.133652 -0.51775 -0.3530771 -1.258128 -0.374041 -0.1853623 -1.137006 -0.6220272 -0.1518113 -1.258743 -0.4904071 5.39402e-4 -1.253715 -0.5345767 0.001640319 -1.35935 -0.377205 0.1532538 -1.257409 -0.4915308 0.1330017 -1.360739 -0.3495998 0.3554022 -1.254868 -0.3767116 0.2784525 -1.360414 -0.2557629 0.4380729 -1.340542 -0.1277898 0.3520145 -1.372478 -0.166132 0.3817282 -1.399349 -0.08698409 0.3857635 -1.420743 -0.09908807 0.3815937 -1.445728 0.07688289 0.3840979 -1.468144 0.07956528 0.2842222 -1.477662 -0.03519874 0.3287146 -1.5131 0.09480381 0.3253687 -1.496179 0.09137481 0.2763071 -1.536932 0.2430268 0.2639207 -1.563255 0.2434732 0.1043169 -1.564872 0.369038 0.1023942 -1.593666 0.3602834 0.00732547 -1.600287 0.3843919 0.007665753 -1.627868 0.3627684 -0.08809411 -1.591556 0.3610727 -0.0847401 -1.622267 0.3415868 -0.2517772 -1.568588 0.2463911 -0.1655833 -1.649026 0.2724202 -0.245249 -1.613525 0.2096647 -0.1732038 -1.672538 0.2311816 -0.2036739 -1.661429 0.1818386 -0.1337164 -1.751118 0.1616842 -0.1805438 -1.707826 0.1642205 -0.165415 -1.729187 0.1610955 -0.177344 -1.713064 0.1596372 -0.5890604 -1.203111 0.1658753 -0.5231731 -1.317003 0.048074 -0.6121822 -1.19619 -0.05475044 -0.5399789 -1.223166 -0.2008212 -0.4324955 -1.345247 -0.1239332 -0.3530771 -1.258128 -0.374041 -0.2740201 -1.363626 -0.2532574 -0.129437 -1.362252 -0.3484055 -0.1329267 -1.374357 -0.3717806 0.001548469 -1.369788 -0.3858541 0.002421557 -1.439674 -0.2743558 0.1361981 -1.372697 -0.3730329 0.1100249 -1.44183 -0.2703552 0.2903684 -1.38151 -0.2726033 0.2350578 -1.446046 -0.1800496 0.3599663 -1.393733 -0.1805943 0.326633 -1.460002 -0.05969035 0.3857635 -1.420743 -0.09908807 0.3840979 -1.468144 0.07956528 0.2842304 -1.477704 -0.03519976 0.2350578 -1.446046 -0.1800496 0.1870362 -1.469367 -0.1180636 0.08514004 -1.46606 -0.1826912 0.1100249 -1.44183 -0.2703552 0.003091573 -1.469291 -0.198678 0.002421557 -1.439674 -0.2743558 -0.1050903 -1.44351 -0.2693842 -0.1329267 -1.374357 -0.3717806 -0.2860283 -1.385092 -0.26993 -0.2740201 -1.363626 -0.2532574 -0.3326743 -1.405338 -0.1827425 -0.3246656 -1.383731 -0.1684112 -0.3793015 -1.425505 -0.09554481 -0.3752928 -1.403759 -0.08355563 -0.3745665 -1.44955 0.08154249 -0.435683 -1.400809 -0.003461122 -0.3928043 -1.45484 0.08887207 -0.4434741 -1.408255 0.03878951 -0.05599057 -1.770893 0.01934748 -0.05480927 -1.770982 0.01901417 -0.06648284 -1.75908 0.01958423 -0.04299926 -1.733139 0.03755503 -0.04439085 -1.773985 0.01515972 -0.03000599 -1.767767 0.008820593 -0.02804416 -1.770523 0.007695198 -0.01993757 -1.756493 4.5609e-4 -0.0178343 -1.761312 -8.09211e-4 -0.015679 -1.743496 -0.01022076 -0.007712244 -1.745341 -0.01419895 -0.01267439 -1.734006 -0.03074657 0.006787717 -1.7382 -0.03578448 0.006643354 -1.739575 -0.0609821 0.02619189 -1.733442 -0.03099721 0.03114455 -1.73121 -0.0646097 0.03556871 -1.722454 -0.0383107 0.05547797 -1.710455 -0.07032644 -0.6855137 -1.073939 0.180484 -0.7371743 -0.9101199 0.1975476 -0.5764869 -1.083522 0.5049676 -0.6322068 -0.8947619 0.5391716 -0.6405768 -0.7458218 0.5428372 -0.2816336 -0.7131918 0.7780011 -0.2761813 -0.5772847 0.7522119 0 -0.5720617 0.7899223 0 -0.5682786 0.7373465 0.2759718 -0.5773153 0.7523052 0.2562317 -0.5637252 0.7106438 0.6155188 -0.5819487 0.5290284 0.5762503 -0.5653355 0.5141141 0.7191699 -0.5616689 0.20405 0.6688272 -0.5454604 0.2030528 0.6844747 -0.5338256 -0.1192415 0.6386632 -0.5132766 -0.09871822 0.5311338 -0.4804894 -0.3506383 -0.1013097 -1.549162 0.3696132 -0.2648863 -1.542099 0.2459797 -0.2620085 -1.525666 0.240975 -0.3163825 -1.502265 0.09486973 -0.3193759 -1.519281 0.0983355 -0.276809 -1.482991 -0.03242468 -0.2891225 -1.503046 -0.01892679 -0.1801719 -1.472817 -0.1166426 -0.1921681 -1.491881 -0.1283496 -0.07887262 -1.467574 -0.1820522 -0.07780408 -1.485428 -0.1993131 0.003436684 -1.487285 -0.2143949 -0.08124828 -1.507964 -0.1928962 0.003565073 -1.507388 -0.2041839 0.003923833 -1.547165 -0.1684433 0.08844757 -1.506124 -0.193484 0.05208945 -1.549803 -0.1532943 0.08957856 -1.746686 0.01749366 0.09169447 -1.740411 0.01542294 0.05736249 -1.731746 0.03690522 0.09238672 -1.730962 0.008404314 0.09389275 -1.737295 0.01414811 0.1227586 -1.730393 0.02828633 0.09538722 -1.743456 0.0186882 0.09486871 -1.748196 0.02570545 0.09204161 -1.744669 0.02030783 0.08422464 -1.756263 0.02035343 0.08957856 -1.746686 0.01749366 0.0826199 -1.756542 0.01940137 0.05736249 -1.731746 0.03690522 0.07019799 -1.770915 0.01827663 0.05949598 -1.773696 0.01563698 0.0712043 -1.769405 0.01924955 -0.4965357 -1.327351 0.1869997 -0.5137306 -1.297962 0.1862689 -0.4321098 -1.366438 0.3225317 -0.3989478 -1.350815 0.367021 -0.497088 -1.229532 0.4274366 -0.2087548 -1.238893 0.5986701 -0.2280952 -1.097828 0.6757829 0.003007888 -1.093363 0.7235774 2.82366e-4 -0.9025257 0.8019422 0.2339323 -1.096544 0.6748204 0.2681552 -0.906528 0.7509006 0.5826603 -1.079273 0.5015746 0.6352352 -0.8922305 0.5372964 0.7401575 -0.9054064 0.1935823 0.6425848 -0.7437799 0.541252 0.7548027 -0.7426145 0.2010818 0.6272841 -1.383436 0.2147338 0.6442031 -1.397846 0.2660462 0.597167 -1.382735 0.2208424 0.6002547 -1.396999 0.2755888 0.64888 -1.446289 0.2744264 0.6036255 -1.446285 0.2818678 0.6372085 -1.486723 0.2310739 0.6044313 -1.487031 0.2359497 0.6193347 -1.484922 0.1652469 0.6031382 -1.48632 0.167777 0.6090323 -1.450986 0.1282837 0.6018179 -1.452325 0.1246525 0.6099614 -1.408471 0.1432578 0.5984493 -1.40753 0.144006 0.6272841 -1.383436 0.2147338 0.597167 -1.382735 0.2208424 0.7412738 -1.400701 0.11532 0.7682756 -1.402405 0.1527785 0.6272841 -1.383436 0.2147338 0.6442031 -1.397846 0.2660462 0.7801205 -1.436928 0.1700322 0.64888 -1.446289 0.2744264 0.7654774 -1.485665 0.1511664 0.6372085 -1.486723 0.2310739 0.731217 -1.500811 0.1041722 0.6193347 -1.484922 0.1652469 0.7076963 -1.475523 0.06855571 0.6090323 -1.450986 0.1282837 0.7101138 -1.436198 0.07379513 0.6099614 -1.408471 0.1432578 0.7412738 -1.400701 0.11532 0.6272841 -1.383436 0.2147338 0.154451 -1.747188 0.1598173 0.1421659 -1.76399 0.1390658 0.1672829 -1.747818 0.2168424 0.1410316 -1.797775 0.2046669 0.110465 -1.786105 0.1102684 0.1138474 -1.811605 0.1099821 0.07752639 -1.808581 0.08042138 0.07618808 -1.839475 0.05897098 0.03307545 -1.812975 0.05985516 0.04556715 -1.846129 0.03916746 0.009395539 -1.816033 0.04602307 0.01185631 -1.850833 0.02959758 -0.02195411 -1.850921 0.03916639 -0.01680558 -1.911106 0.04053771 -0.05486017 -1.906261 0.06236648 0.05413109 -1.640969 -0.07561451 0.0564959 -1.640128 -0.08027172 0.02264904 -1.642231 -0.08663105 0.02364355 -1.640795 -0.09199494 0.06659853 -1.623322 -0.0910589 0.02554333 -1.614855 -0.1204833 0.0390805 -1.57275 -0.1457831 0.005791604 -1.611633 -0.1236309 0.0046072 -1.570929 -0.1570968 -0.02974712 -1.573953 -0.1488203 -0.04402744 -1.551038 -0.1528819 -0.08741873 -1.588252 -0.09487736 -0.07220709 -1.569621 -0.1220055 -0.151311 -1.591964 -0.06536084 -0.1314954 -1.54503 -0.1143943 -0.01267439 -1.734006 -0.03074657 -0.01892399 -1.732359 -0.01416826 -0.015679 -1.743496 -0.01022076 -0.04299926 -1.733139 0.03755503 -0.02829915 -1.720751 -0.01620054 -0.04281067 -1.714431 -0.01301199 -0.0224387 -1.723275 -0.03793638 -0.04312425 -1.697241 -0.03588831 -0.04307758 -1.711824 -0.06969058 -0.05056715 -1.684814 -0.07544732 -0.0403949 -1.720403 -0.1052377 -0.04466432 -1.69332 -0.1098751 -0.02507758 -1.724052 -0.1306646 -0.02521872 -1.697557 -0.1397198 0.005980491 -1.728007 -0.1392669 -0.606334 -0.372308 0.003533601 -0.6073315 -0.3727389 -0.0715115 -0.5484165 -0.360438 -0.06376737 -0.4765191 -0.3502995 -0.1081847 -0.4977197 -0.3986067 -0.2961778 -0.4618487 -0.2984422 -0.2106932 -0.2948479 -0.3111395 -0.4359122 -0.2475334 -0.1786865 -0.2506476 0 -0.2129139 -0.427081 0 -0.1709501 -0.3167313 0.2475991 -0.1787009 -0.2506062 0 -0.127448 -0.01680386 0.3915842 -0.1969316 -0.06289422 0.4366335 -0.1932749 0.04259163 0.4623729 -0.2763186 -0.05618393 -0.5900869 -1.364839 0.1871187 -0.6026452 -1.374941 0.2419866 -0.6379464 -1.375504 0.2290103 -0.6449362 -1.423061 0.2403853 -0.6086215 -1.423552 0.2510127 -0.6325037 -1.4668 0.199959 -0.6031646 -1.467568 0.208006 -0.6110664 -1.470204 0.13444 -0.5906163 -1.471938 0.1404142 -0.5975065 -1.439296 0.09550517 -0.5811004 -1.441262 0.09546273 -0.5975816 -1.395831 0.107761 -0.5794954 -1.395231 0.1122184 -0.6177257 -1.365294 0.1772437 -0.5900869 -1.364839 0.1871187 -0.6177257 -1.365294 0.1772437 -0.6379464 -1.375504 0.2290103 -0.7634027 -1.385451 0.1184546 -0.7733648 -1.421252 0.1358512 -0.6449362 -1.423061 0.2403853 -0.7544094 -1.46951 0.117039 -0.6325037 -1.4668 0.199959 -0.7172347 -1.482347 0.06991869 -0.6110664 -1.470204 0.13444 -0.6942119 -1.455052 0.03409439 -0.5975065 -1.439296 0.09550517 -0.6997293 -1.415419 0.03928518 -0.5975816 -1.395831 0.107761 -0.7350929 -1.381763 0.08086174 -0.6177257 -1.365294 0.1772437 -0.7371743 -0.9101199 0.1975476 -0.6727151 -1.077294 -0.1268537 -0.7115216 -0.9313765 -0.1445164 -0.6365167 -0.953019 -0.3626694 -0.5989746 -1.094545 -0.2951391 -0.5035441 -0.9745417 -0.5432983 -0.3902477 -1.133652 -0.51775 -0.3667939 -0.9827811 -0.6455634 -0.1853623 -1.137006 -0.6220272 -0.2057957 -1.007777 -0.7402346 -2.11507e-4 -1.129912 -0.6477904 -4.33734e-4 -1.008237 -0.7585363 0.2049353 -1.00674 -0.741158 0.2132608 -0.8438797 -0.8109235 0.3825711 -0.8462608 -0.7022437 0.1142792 -1.547116 0.3684387 0.007017076 -1.57355 0.3920301 0.006755828 -1.550735 0.3908975 -0.1013097 -1.549162 0.3696132 -0.09118372 -1.571732 0.3719221 -0.2648863 -1.542099 0.2459797 -0.2517772 -1.568588 0.2463911 -0.3193759 -1.519281 0.0983355 -0.3119052 -1.561815 0.1117804 -0.292291 -1.543664 -0.005149602 -0.2691345 -1.589359 0.008818507 -0.1957039 -1.525242 -0.1172018 -0.224016 -1.579365 -0.03641635 0.07447886 -1.652117 -0.0682857 0.05581736 -1.647384 -0.07757675 0.08022731 -1.662088 -0.06274461 0.05651199 -1.656099 -0.06753194 0.02236711 -1.645878 -0.08804196 0.04702055 -1.660975 -0.07160574 0.005364 -1.65537 -0.08286941 0.03178012 -1.660584 -0.1144134 0.005160331 -1.658509 -0.1209157 0.03506916 -1.67102 -0.1323492 0.005211114 -1.670391 -0.137898 0.005522072 -1.697759 -0.1469556 -0.02454507 -1.671861 -0.1319665 0.02971702 -1.742845 -0.01051414 0.02175241 -1.744906 -0.01438921 0.03128838 -1.760586 -6.85974e-4 0.02602827 -1.765911 -0.001288473 0.007048845 -1.747674 -0.01516568 0.00737977 -1.765439 -0.001110553 -0.0112493 -1.766452 -0.001047432 0.007816553 -1.789321 0.01644366 -0.02422153 -1.771908 0.009567499 -0.02075779 -1.783775 0.02614927 -0.04566127 -1.784876 0.03449088 -0.01438713 -1.814928 0.06001812 -0.04493117 -1.81624 0.08053338 -0.4434741 -1.408255 0.03878951 -0.4663019 -1.434288 0.06651449 -0.3928043 -1.45484 0.08887207 -0.4339326 -1.474528 0.1190727 -0.5906163 -1.471938 0.1404142 -0.4172779 -1.466999 0.2136783 -0.6031646 -1.467568 0.208006 -0.4283213 -1.426278 0.2984627 -0.6086215 -1.423552 0.2510127 -0.4699255 -1.366016 0.2929676 -0.6026452 -1.374941 0.2419866 -0.502039 -1.355648 0.1848357 -0.5900869 -1.364839 0.1871187 0.597167 -1.382735 0.2208424 0.6002547 -1.396999 0.2755888 0.5091602 -1.355575 0.1945269 0.4667059 -1.377605 0.297612 0.6036255 -1.446285 0.2818678 0.4234337 -1.438616 0.2938173 0.6044313 -1.487031 0.2359497 0.4152799 -1.471141 0.2052452 0.6031382 -1.48632 0.167777 0.4446883 -1.474874 0.1137788 0.487413 -1.429135 0.06780809 0.4073634 -1.449999 0.08364397 0.4559335 -1.402817 0.03583151 0.5045018 -1.323461 0.1864573 0.436245 -1.364203 0.3190354 0.521598 -1.292775 0.1844751 0.4061563 -1.348655 0.3637601 0.3851549 -1.432617 0.3098672 0.3398788 -1.433881 0.3415637 0.3788698 -1.458525 0.2052555 0.3109098 -1.467271 0.266512 0.3815937 -1.445728 0.07688289 0.3148872 -1.482948 0.2549359 0.3840979 -1.468144 0.07956528 0.273084 -1.520672 0.2380737 0.3253861 -1.496259 0.0913797 0.07486563 -1.650459 -0.06661945 0.05192714 -1.655665 -0.06236237 0.054017 -1.641989 -0.07574039 0.02168059 -1.639361 -0.08692348 0.02103763 -1.656442 -0.07305991 0.005113124 -1.63982 -0.08917123 0.005457043 -1.659138 -0.07635456 -0.01014649 -1.656898 -0.07285976 -0.04372054 -1.643291 -0.015087 -0.04090547 -1.656954 -0.06176334 -0.06356692 -1.652272 -0.06590032 -0.04326403 -1.643295 -0.07516843 0.7555331 -1.499326 0.0846315 0.7778105 -1.491657 0.1157108 0.8023399 -1.502211 0.06777966 0.8180921 -1.489893 0.08894413 0.7969519 -1.461786 0.1376149 0.8329804 -1.464708 0.1092109 0.8018887 -1.438256 0.1404575 0.8366202 -1.443323 0.1140439 0.827071 -1.420523 0.09448474 0.8504651 -1.433983 0.1051381 0.8458967 -1.424111 0.0953806 0.8777709 -1.41217 0.09814244 0.08499109 -1.721224 2.30685e-4 0.1058361 -1.716065 -0.00520873 0.08178192 -1.702307 -0.02256697 0.124879 -1.707258 -0.01212364 0.1537608 -1.713723 0.02432733 0.1521369 -1.676298 -0.02076661 0.1907393 -1.681127 0.01781892 0.2200348 -1.645619 0.008929729 0.2058779 -1.682099 0.09707319 0.2431007 -1.647063 0.1010184 0.2016823 -1.688548 0.1365278 0.1122925 -1.801696 0.2497094 0.1064613 -1.862689 0.2366107 0.00994277 -1.809409 0.2674762 0.01352179 -1.874858 0.2502173 0.02622604 -1.944545 0.2021275 -0.05940711 -1.874836 0.2365612 -0.07083797 -1.925536 0.1918452 -0.08682805 -1.886837 0.1890639 -0.05824339 -1.940761 0.1003455 -0.07718712 -1.899137 0.1160995 -0.04485785 -1.935901 0.07715702 0.181212 -1.724469 0.1588507 0.154451 -1.747188 0.1598173 0.1958004 -1.702736 0.1617862 0.2218895 -1.661326 0.1784335 0.188373 -1.66762 0.2288388 0.2584023 -1.607121 0.2065097 0.1806527 -1.644308 0.2701747 0.2639207 -1.563255 0.2434732 0.09964513 -1.620053 0.3404654 0.1023942 -1.593666 0.3602834 0.007665753 -1.627868 0.3627684 -0.1294607 -1.76685 0.1321086 -0.1135318 -1.767479 0.1407222 -0.1283962 -1.754283 0.1069017 -0.1184763 -1.764406 0.105012 -0.08081847 -1.795646 0.1046131 -0.1083471 -1.73347 0.02972257 -0.08467823 -1.767019 0.04691636 -0.08005428 -1.75027 0.02440816 -0.07087135 -1.764224 0.02671319 -0.06873995 -1.76022 0.02013641 -0.05693262 -1.77332 0.0244323 -0.606334 -0.372308 0.003533601 -0.6167241 -0.2674557 -0.01457577 -0.5807051 -0.3671334 0.1152939 -0.5897448 -0.2426673 0.07297706 -0.6176462 -0.2170965 -0.001154422 -0.5891335 -0.2069534 0.07781744 -0.5802354 -0.1441753 0.08577299 -0.510576 -0.1889741 0.07873314 -0.5166238 -0.1462908 0.09297895 -0.498179 -0.1893012 0.02034401 -0.505375 -0.1355667 0.04227358 -0.7528232 -1.393758 0.1212716 -0.759582 -1.425149 0.1347113 -0.7872918 -1.401978 0.08683484 -0.7930728 -1.430925 0.1047571 -0.7501299 -1.447757 0.1279519 -0.7836807 -1.452865 0.1006948 -0.7222109 -1.47048 0.100317 -0.7587884 -1.477124 0.07766884 -0.6967752 -1.465985 0.06896454 -0.7348911 -1.478457 0.04687815 -0.6857213 -1.447204 0.05159205 -0.7799664 -1.489093 0.02849054 -0.7981667 -1.481343 0.04985535 -0.7587884 -1.477124 0.07766884 -0.7836807 -1.452865 0.1006948 -0.8179612 -1.460766 0.07110184 -0.7930728 -1.430925 0.1047571 -0.8257066 -1.440808 0.07706385 -0.8203316 -1.415425 0.05916523 -0.8409158 -1.433719 0.06830775 -0.8381379 -1.422566 0.0592848 -0.8717518 -1.41708 0.061782 -0.8618322 -1.475854 -0.02319276 -0.8251115 -1.464828 -0.004248619 -0.8746842 -1.4645 -0.01336026 -0.8416396 -1.450934 0.01604318 -0.8232414 -1.442468 0.02001935 -0.8356254 -1.43008 0.03933864 -0.7935357 -1.420124 0.02234065 -0.8203316 -1.415425 0.05916523 -0.7570695 -1.406697 0.0461291 -0.7872918 -1.401978 0.08683484 -0.7528232 -1.393758 0.1212716 0.5090299 -0.1325734 -0.05753761 0.5196687 -0.1275544 -0.005821168 0.496091 -0.2014879 -0.05292606 0.5132628 -0.1830882 0.001202523 0.5831484 -0.1360309 -0.01203131 0.5916362 -0.2018203 -3.96816e-4 0.6136222 -0.2367084 -0.07423681 0.5922096 -0.2368727 0.009656369 0.6124212 -0.2871227 -0.06835097 0.5869509 -0.3588752 0.08223289 0.6096549 -0.3821969 -0.03866845 0.3067839 -0.4509742 -0.5404329 0 -0.301943 -0.5290858 1.17091e-4 -0.4405623 -0.632064 -0.3064153 -0.4510648 -0.5406456 -0.2948479 -0.3111395 -0.4359122 -0.5308107 -0.4807187 -0.3511651 -0.4977197 -0.3986067 -0.2961778 -0.6385767 -0.513554 -0.09935861 -0.6373053 -0.4358614 -0.0775029 -0.6501482 -0.4386061 0.2188865 -0.6341332 -0.3793163 0.09791171 0.5235263 -1.333563 0.06925171 0.5320762 -1.310254 0.04610896 0.4456371 -1.394361 -0.007086992 0.4380729 -1.340542 -0.1277898 0.543285 -1.218164 -0.2048951 0.3554022 -1.254868 -0.3767116 0.3906049 -1.130749 -0.5201579 0.185143 -1.135682 -0.6231532 0.3656652 -0.9804577 -0.6475483 0.2049353 -1.00674 -0.741158 0.3825711 -0.8462608 -0.7022437 0.3915842 -0.1969316 -0.06289422 0.459497 -0.3096067 -0.215546 0.4623729 -0.2763186 -0.05618393 0.4724463 -0.3672403 -0.1153666 0.498212 -0.3986949 -0.2953862 0.5968026 -0.3873131 -0.08105677 0.637445 -0.435952 -0.07784014 0.6350511 -0.3759368 0.09524142 0.6498122 -0.4387198 0.2199308 0.5571666 -0.2769591 0.1407892 0.555256 -0.3002439 0.3024854 0.702396 -1.436318 0.09034675 0.7447642 -1.452687 0.06018888 0.7229953 -1.411592 0.1133762 0.7637193 -1.424817 0.07976645 0.8027679 -1.432397 0.05754339 0.827071 -1.420523 0.09448474 0.8454537 -1.433119 0.07590442 0.8458967 -1.424111 0.0953806 0.8582056 -1.43574 0.07598745 0.8777709 -1.41217 0.09814244 0.8834306 -1.422755 0.08509647 0.3253687 -1.496179 0.09137481 0.2763071 -1.536932 0.2430268 0.2730692 -1.52059 0.2380607 0.1142792 -1.547116 0.3684387 0.1043169 -1.564872 0.369038 0.007017076 -1.57355 0.3920301 0.00732547 -1.600287 0.3843919 -0.09118372 -1.571732 0.3719221 -0.08809411 -1.591556 0.3610727 -0.2517772 -1.568588 0.2463911 -0.08353894 -1.846163 0.1886888 -0.08584737 -1.800667 0.2061622 -0.05120229 -1.806486 0.2504807 -0.05791062 -1.746646 0.2897239 -0.109826 -1.751719 0.2187502 -0.06253844 -1.707789 0.3337956 -0.1346714 -1.688745 0.2671164 -0.06569433 -1.662814 0.3509818 -0.0847401 -1.622267 0.3415868 0.007665753 -1.627868 0.3627684 -0.7531597 -0.7461186 0.2036439 -0.7149246 -0.6409134 -0.1475728 -0.7193646 -0.5619818 0.203322 -0.6843572 -0.5341233 -0.1199275 -0.5632025 -0.4891659 -0.3905231 -0.5308107 -0.4807187 -0.3511651 -0.4861685 -0.474745 -0.4813925 -0.3064153 -0.4510648 -0.5406456 -0.322206 -0.4531438 -0.5954509 1.17091e-4 -0.4405623 -0.632064 -0.3530771 -1.258128 -0.374041 -0.129437 -1.362252 -0.3484055 -0.1518113 -1.258743 -0.4904071 0.001640319 -1.35935 -0.377205 0.001548469 -1.369788 -0.3858541 0.1330017 -1.360739 -0.3495998 0.1361981 -1.372697 -0.3730329 0.2784525 -1.360414 -0.2557629 0.2903684 -1.38151 -0.2726033 0.3599663 -1.393733 -0.1805943 0.7401575 -0.9054064 0.1935823 0.7548027 -0.7426145 0.2010818 0.7127831 -0.9268335 -0.148348 0.7329331 -0.7303891 -0.1603902 0.7150023 -0.6390208 -0.148464 0.6263933 -0.594918 -0.3957989 0.5635696 -0.4889219 -0.3899646 0.52428 -0.571606 -0.5395621 0.486619 -0.4745358 -0.4809135 0.3226163 -0.4530481 -0.595228 0.6980125 -1.468571 0.0857132 0.7413785 -1.486016 0.06190264 0.702396 -1.436318 0.09034675 0.7447642 -1.452687 0.06018888 0.7743969 -1.491043 0.03117048 0.7891583 -1.473831 0.02560472 0.7752552 -1.499766 0.006107568 0.7892286 -1.493848 -0.005766034 0.7808364 -1.508322 -0.003943145 0.8010389 -1.503529 0.001454651 0.02971702 -1.742845 -0.01051414 0.03128838 -1.760586 -6.85974e-4 0.03355652 -1.756025 4.36327e-4 0.04311007 -1.769466 0.008076667 0.03942871 -1.771005 0.009120285 0.0595839 -1.775582 0.01947361 0.0615319 -1.783393 0.03378242 0.07233631 -1.771564 0.02360242 0.08718371 -1.760328 0.02655839 0.05651199 -1.656099 -0.06753194 0.04702055 -1.660975 -0.07160574 0.06044727 -1.671514 -0.05347555 0.06215989 -1.683255 -0.07617473 0.04769206 -1.668503 -0.1050571 0.05604535 -1.691959 -0.1105264 0.03506916 -1.67102 -0.1323492 0.03633648 -1.696688 -0.1401149 0.005522072 -1.697759 -0.1469556 0.08178192 -1.702307 -0.02256697 0.124879 -1.707258 -0.01212364 0.07726651 -1.684386 -0.0416063 0.09701108 -1.672575 -0.0550518 0.1521369 -1.676298 -0.02076661 0.1073114 -1.648863 -0.06331402 0.1633791 -1.636184 -0.03437519 0.09731078 -1.586108 -0.09413683 0.1613227 -1.589605 -0.06973391 0.02602827 -1.765911 -0.001288473 0.007816553 -1.789321 0.01644366 0.03942871 -1.771005 0.009120285 0.03654772 -1.782862 0.02562934 0.03307545 -1.812975 0.05985516 0.0615319 -1.783393 0.03378242 0.07752639 -1.808581 0.08042138 0.1002326 -1.764651 0.04588955 0.110465 -1.786105 0.1102684 0.1138474 -1.811605 0.1099821 0.07618808 -1.839475 0.05897098 0.1077173 -1.839967 0.1166448 0.08208078 -1.890303 0.06027412 0.04556715 -1.846129 0.03916746 0.053824 -1.901671 0.04104447 0.01185631 -1.850833 0.02959758 0.01846373 -1.908174 0.03564798 -0.01680558 -1.911106 0.04053771 0.1341805 -1.838887 0.2011213 0.1077173 -1.839967 0.1166448 0.1297954 -1.869916 0.1896851 0.1082599 -1.878952 0.1173454 0.08208078 -1.890303 0.06027412 0.08926582 -1.921433 0.07773065 0.053824 -1.901671 0.04104447 0.06510984 -1.947227 0.06910943 0.01846373 -1.908174 0.03564798 -0.04485785 -1.935901 0.07715702 -0.01934987 -1.971412 0.1163895 -0.01154482 -1.956294 0.06869268 0.02677488 -1.961098 0.06636172 0.02839601 -1.973817 0.1254687 0.07618039 -1.956323 0.1173425 0.02622604 -1.944545 0.2021275 0.122861 -1.902259 0.192945 0.1064613 -1.862689 0.2366107 -0.009693324 -1.64258 -0.08672714 0.006165146 -1.615851 -0.05475789 0.006486415 -1.642591 -0.08898776 0.02264904 -1.642231 -0.08663105 0.02166312 -1.616184 -0.05156922 0.05253666 -1.617998 -0.04060703 0.05497533 -1.641923 -0.01572501 0.07486563 -1.650459 -0.06661945 0.05192714 -1.655665 -0.06236237 0.005980491 -1.728007 -0.1392669 -0.02063077 -1.735825 -0.1021581 0.006438016 -1.744828 -0.1037071 0.006643354 -1.739575 -0.0609821 -0.01812005 -1.731901 -0.06429201 -0.01267439 -1.734006 -0.03074657 -0.0224387 -1.723275 -0.03793638 -0.01892399 -1.732359 -0.01416826 -0.02829915 -1.720751 -0.01620054 -0.151311 -1.591964 -0.06536084 -0.1526014 -1.639332 -0.02726632 -0.08741873 -1.588252 -0.09487736 -0.09632045 -1.651613 -0.06207531 -0.139867 -1.680259 -0.01890009 -0.08536165 -1.675059 -0.05386352 -0.1117545 -1.710481 -0.01059925 -0.06507599 -1.686329 -0.04065811 -0.0688892 -1.704361 -0.0215795 0.005211114 -1.670391 -0.137898 0.005160331 -1.658509 -0.1209157 -0.02454507 -1.671861 -0.1319665 -0.02130752 -1.661329 -0.1140719 0.005364 -1.65537 -0.08286941 -0.03597706 -1.662132 -0.07107049 -0.01195466 -1.646376 -0.08782184 -0.04544281 -1.657498 -0.0668562 -0.04494118 -1.648736 -0.07698529 -0.5035441 -0.9745417 -0.5432983 -0.3667939 -0.9827811 -0.6455634 -0.5293822 -0.8490511 -0.5851783 -0.383735 -0.8477134 -0.700948 -0.2057957 -1.007777 -0.7402346 -0.2145488 -0.8445206 -0.8103168 -4.33734e-4 -1.008237 -0.7585363 -6.80153e-4 -0.8552066 -0.847278 0.2132608 -0.8438797 -0.8109235 -0.5802354 -0.1441753 0.08577299 -0.6176462 -0.2170965 -0.001154422 -0.5941485 -0.1352339 0.02918022 -0.5732255 -0.1315963 0.004764139 -0.5901489 -0.2133394 -0.04094135 -0.5375753 -0.1289581 0.0100885 -0.53663 -0.2000114 -0.03563272 -0.498179 -0.1893012 0.02034401 -0.4873226 -0.2267291 0.01305878 -0.3953077 -0.3505076 0.4890181 -0.434303 -0.2139034 0.3048086 0 -0.4061657 0.3922742 0 -0.127448 -0.01680386 -0.4365996 -0.1931927 0.04226374 -0.3914729 -0.1968573 -0.06318557 -0.447115 -0.2678918 -0.03883665 -0.4618487 -0.2984422 -0.2106932 -0.4765191 -0.3502995 -0.1081847 -0.2087548 -1.238893 0.5986701 -0.151148 -1.389809 0.4903194 -0.3989478 -1.350815 0.367021 -0.3318683 -1.435587 0.3463526 -0.124997 -1.463576 0.4107366 -0.3017514 -1.468376 0.2716155 -0.3043562 -1.486797 0.2577974 -0.3745665 -1.44955 0.08154249 -0.378402 -1.472889 0.08309316 -0.2620134 -1.525695 0.2409796 -0.1208918 -1.482297 0.4150567 -0.1013116 -1.549191 0.36962 0.006216764 -1.491279 0.4523965 0.006027758 -1.470601 0.4448426 0.132852 -1.480737 0.4138901 0.1366485 -1.46207 0.4095596 0.3148872 -1.482948 0.2549359 0.3109098 -1.467271 0.266512 -0.6926578 -1.414883 0.05615794 -0.7327844 -1.429177 0.0255357 -0.7231262 -1.461299 0.02540111 -0.7540069 -1.470546 -0.006547689 -0.771679 -1.456129 -0.01153922 -0.7527253 -1.477675 -0.03209036 -0.7673515 -1.473776 -0.04401165 -0.7563839 -1.486482 -0.04278624 -0.7772247 -1.485956 -0.0377264 -0.7528232 -1.393758 0.1212716 -0.7570695 -1.406697 0.0461291 -0.7159563 -1.391374 0.07916057 -0.7327844 -1.429177 0.0255357 -0.7935357 -1.420124 0.02234065 -0.771679 -1.456129 -0.01153922 -0.8043646 -1.457594 -0.006745159 -0.7983273 -1.476077 -0.01155543 -0.8073849 -1.47877 -0.0165342 0 -0.5537157 -0.7728455 0.2058493 -0.7123573 -0.835467 0.1673663 -0.5481636 -0.7531111 0.3628222 -0.5460877 -0.6795871 0.3868989 -0.7060676 -0.7196398 0.5468001 -0.700003 -0.6007457 0.5285602 -0.8467878 -0.5871369 0.6639543 -0.7127531 -0.3947098 0.6367321 -0.948961 -0.3661006 0.4862738 -0.2347745 -0.01189577 0.5293692 -0.2315131 -0.1214565 0.496091 -0.2014879 -0.05292606 0.5414161 -0.140965 -0.0894944 0.5825815 -0.2461465 -0.1206237 0.576496 -0.1497309 -0.0929349 0.6136222 -0.2367084 -0.07423681 0.5972462 -0.147857 -0.06821626 0.5831484 -0.1360309 -0.01203131 0.5052152 -1.224907 0.4236829 0.689855 -1.068606 0.1761437 0.5949574 -1.197641 0.1614324 0.6163425 -1.190513 -0.05936616 0.6751167 -1.072068 -0.1311148 0.6004346 -1.089898 -0.2989357 0.6367321 -0.948961 -0.3661006 0.502917 -0.9713394 -0.546017 0.5285602 -0.8467878 -0.5871369 0.7097105 -1.48629 0.1029772 0.7341489 -1.488966 0.1342403 0.7778105 -1.491657 0.1157108 0.7969519 -1.461786 0.1376149 0.759226 -1.464689 0.1619001 0.8018887 -1.438256 0.1404575 0.7667329 -1.441801 0.16872 0.7912652 -1.412042 0.1206423 0.7582439 -1.411391 0.1554072 0.8582056 -1.43574 0.07598745 0.8454537 -1.433119 0.07590442 0.8560081 -1.453765 0.05408334 0.8362274 -1.448752 0.05718022 0.8027679 -1.432397 0.05754339 0.8213712 -1.468743 0.03108 0.7891583 -1.473831 0.02560472 0.8190939 -1.488288 0.02733457 0.8040778 -1.489005 0.02796518 -0.177344 -1.713064 0.1596372 -0.1871357 -1.693835 0.1390451 -0.1805438 -1.707826 0.1642205 -0.2036739 -1.661429 0.1818386 -0.2301164 -1.65349 0.1040807 -0.2883965 -1.601433 0.1047772 -0.2081848 -1.651275 0.01132392 -0.2691345 -1.589359 0.008818507 -0.224016 -1.579365 -0.03641635 -0.5807051 -0.3671334 0.1152939 -0.4628048 -0.2687291 0.08595693 -0.5560277 -0.281188 0.1454116 -0.4365996 -0.1931927 0.04226374 -0.4369714 -0.2916094 -0.003405511 -0.447115 -0.2678918 -0.03883665 -0.471481 -0.3244333 -0.06438934 -0.4765191 -0.3502995 -0.1081847 -0.5484165 -0.360438 -0.06376737 0.1870298 -1.469317 -0.1180596 0.297046 -1.49746 -0.02182489 0.2842222 -1.477662 -0.03519874 0.3287146 -1.5131 0.09480381 0.301275 -1.537177 -0.007844984 0.3223612 -1.554748 0.1080644 0.2794006 -1.582632 0.006138622 0.2999045 -1.593954 0.1010923 0.05497533 -1.641923 -0.01572501 0.006165146 -1.615851 -0.05475789 0.005535125 -1.643378 -0.03133547 -0.04372054 -1.643291 -0.015087 -0.009341955 -1.61651 -0.05166041 -0.04023826 -1.618925 -0.04087805 -0.009693324 -1.64258 -0.08672714 -0.0419389 -1.642042 -0.07559728 -0.1135318 -1.767479 0.1407222 -0.0655694 -1.808414 0.1095421 -0.08081847 -1.795646 0.1046131 -0.04493117 -1.81624 0.08053338 -0.05452638 -1.847961 0.06186759 -0.01438713 -1.814928 0.06001812 -0.02195411 -1.850921 0.03916639 0.009395539 -1.816033 0.04602307 -0.1732038 -1.672538 0.2311816 -0.109826 -1.751719 0.2187502 -0.1337164 -1.751118 0.1616842 -0.1135318 -1.767479 0.1407222 -0.08584737 -1.800667 0.2061622 -0.0655694 -1.808414 0.1095421 -0.08353894 -1.846163 0.1886888 -0.07452148 -1.841107 0.1182702 -0.3928043 -1.45484 0.08887207 -0.4172779 -1.466999 0.2136783 -0.3713729 -1.461875 0.2117249 -0.3807556 -1.43482 0.3159423 -0.4283213 -1.426278 0.2984627 -0.4321098 -1.366438 0.3225317 -0.4699255 -1.366016 0.2929676 -0.502039 -1.355648 0.1848357 -0.4965357 -1.327351 0.1869997 -0.5121474 -1.338806 0.06914615 -0.5137306 -1.297962 0.1862689 -0.5231731 -1.317003 0.048074 -0.435683 -1.400809 -0.003461122 -0.4324955 -1.345247 -0.1239332 -0.3752928 -1.403759 -0.08355563 -0.3246656 -1.383731 -0.1684112 -0.5342156 -0.1500438 0.03735351 -0.5662656 -0.1429764 0.03145438 -0.5611678 -0.1551392 0.03779995 -0.5784077 -0.1563214 0.05061751 -0.5920264 -0.1403006 0.05391824 -0.5679498 -0.1601491 0.0779913 -0.5813109 -0.1435019 0.07154291 -0.5634518 -0.1510923 0.08794909 0.6136222 -0.2367084 -0.07423681 0.5825815 -0.2461465 -0.1206237 0.6124212 -0.2871227 -0.06835097 0.5775429 -0.2993475 -0.1189125 0.5293692 -0.2315131 -0.1214565 0.5210244 -0.2780283 -0.1234902 0.4862738 -0.2347745 -0.01189577 0.4498091 -0.2817224 -0.05348122 0.2562317 -0.5637252 0.7106438 0.5492709 -0.4887282 0.5117625 0.5762503 -0.5653355 0.5141141 0.6688272 -0.5454604 0.2030528 0.6498122 -0.4387198 0.2199308 0.6386632 -0.5132766 -0.09871822 0.637445 -0.435952 -0.07784014 0.498212 -0.3986949 -0.2953862 0.6051809 -0.1377807 -0.1470529 0.5892882 -0.1429474 -0.1061517 0.6232455 -0.1400871 -0.1293667 0.6188304 -0.1415548 -0.08909487 0.5698564 -0.1497164 -0.06509965 0.5958786 -0.1437779 -0.04358083 0.5798439 -0.1576969 -0.04209238 0.569109 -0.1506315 -0.01547974 0.5929024 -0.1210124 -0.03592163 0.540236 -0.120126 -0.06987237 0.5947054 -0.1281836 -0.03719973 0.6274503 -0.1263346 -0.08580106 0.5619209 -0.1164325 -0.1234137 0.6316647 -0.1269281 -0.1353318 0.5871937 -0.1201851 -0.1556572 0.6102237 -0.1241712 -0.1554428 0.1806265 -1.716713 0.128959 0.216504 -1.689786 0.1132367 0.2058779 -1.682099 0.09707319 0.2016823 -1.688548 0.1365278 0.2188751 -1.704553 0.1404008 0.192681 -1.70803 0.1572411 0.2103565 -1.724217 0.1617509 -0.01068425 -1.641163 -0.09209686 -0.05562496 -1.624667 -0.09202772 -0.04431968 -1.641254 -0.08025562 -0.0641396 -1.651998 -0.06800556 -0.07406157 -1.658636 -0.0674141 -0.06315171 -1.653921 -0.06756931 -0.06889051 -1.664131 -0.06174492 -0.05985248 -1.71693 -0.007860839 -0.0688892 -1.704361 -0.0215795 -0.07134836 -1.723353 0.001246571 -0.09238147 -1.718766 -0.003919601 -0.1117545 -1.710481 -0.01059925 -0.1399815 -1.717697 0.02622306 -0.139867 -1.680259 -0.01890009 -0.7325787 -0.7337945 -0.1578904 -0.626742 -0.5965759 -0.3950129 -0.7149246 -0.6409134 -0.1475728 -0.5632025 -0.4891659 -0.3905231 -0.5248714 -0.5729926 -0.5388998 -0.4861685 -0.474745 -0.4813925 -0.322206 -0.4531438 -0.5954509 -0.7371743 -0.9101199 0.1975476 -0.7531597 -0.7461186 0.2036439 -0.6405768 -0.7458218 0.5428372 -0.6160337 -0.5822144 0.5283977 -0.7193646 -0.5619818 0.203322 -0.5767585 -0.5655836 0.5135232 -0.6690291 -0.5457507 0.2023755 -0.6167241 -0.2674557 -0.01457577 -0.585586 -0.2657564 -0.05940151 -0.5901489 -0.2133394 -0.04094135 -0.53663 -0.2000114 -0.03563272 -0.5289666 -0.2448478 -0.05592286 -0.4873226 -0.2267291 0.01305878 -0.4369714 -0.2916094 -0.003405511 -0.6690291 -0.5457507 0.2023755 -0.5500842 -0.4886299 0.5108735 -0.5767585 -0.5655836 0.5135232 -0.2564291 -0.5636962 0.7105568 0 -0.4912911 0.7054072 0 -0.5682786 0.7373465 0.2562317 -0.5637252 0.7106438 -0.5906163 -1.471938 0.1404142 -0.4663019 -1.434288 0.06651449 -0.5811004 -1.441262 0.09546273 -0.5794954 -1.395231 0.1122184 -0.5184529 -1.37859 0.09462511 -0.5900869 -1.364839 0.1871187 -0.502039 -1.355648 0.1848357 -0.1013116 -1.549191 0.36962 0.006216764 -1.491279 0.4523965 0.006755828 -1.550737 0.3908979 0.1142854 -1.547199 0.3684585 0.132852 -1.480737 0.4138901 0.273084 -1.520672 0.2380737 0.3148872 -1.482948 0.2549359 -0.07887357 -1.467591 -0.1820544 -0.2292082 -1.44972 -0.1779651 -0.180174 -1.472835 -0.116644 -0.2768118 -1.483006 -0.03242504 -0.3194966 -1.465122 -0.05674195 -0.316383 -1.502267 0.09486991 -0.378402 -1.472889 0.08309316 -0.3745665 -1.44955 0.08154249 -0.3713729 -1.461875 0.2117249 -0.3017514 -1.468376 0.2716155 -0.3318683 -1.435587 0.3463526 -0.3807556 -1.43482 0.3159423 -0.3989478 -1.350815 0.367021 -0.4321098 -1.366438 0.3225317 -0.378402 -1.472889 0.08309316 -0.3194966 -1.465122 -0.05674195 -0.3793015 -1.425505 -0.09554481 -0.3326743 -1.405338 -0.1827425 -0.2292082 -1.44972 -0.1779651 -0.2860283 -1.385092 -0.26993 -0.1050903 -1.44351 -0.2693842 -0.664483 -0.7158385 -0.3924369 -0.547778 -0.7021442 -0.599258 -0.626742 -0.5965759 -0.3950129 -0.5248714 -0.5729926 -0.5388998 -0.3632144 -0.5466424 -0.6793591 -0.322206 -0.4531438 -0.5954509 -0.1673607 -0.5481451 -0.7530856 -0.878611 -1.452496 0.009369969 -0.8416396 -1.450934 0.01604318 -0.8853867 -1.440225 0.02278196 -0.8476407 -1.435071 0.03888577 -0.8356254 -1.43008 0.03933864 -0.8381379 -1.422566 0.0592848 -0.8203316 -1.415425 0.05916523 -0.8313189 -1.492511 -0.044559 -0.8073849 -1.47877 -0.0165342 -0.8470677 -1.482486 -0.03810948 -0.8251115 -1.464828 -0.004248619 -0.8043646 -1.457594 -0.006745159 -0.8232414 -1.442468 0.02001935 -0.7935357 -1.420124 0.02234065 -0.6185665 -0.1052086 0.02004188 -0.5322627 -0.118602 0.03648465 -0.5887651 -0.1280458 0.06507366 -0.5859423 -0.1220725 0.06863105 -0.53153 -0.1130378 0.04124832 -0.5336998 -0.1377847 0.09352838 -0.5115396 -0.130832 0.07288533 -0.5955293 -0.09944164 -0.04171913 -0.5825173 -0.1201546 -0.004926323 -0.5728155 -0.09892708 -0.0422334 -0.5550531 -0.1104179 -0.01539784 -0.5662656 -0.1429764 0.03145438 -0.5380948 -0.1316788 0.02660983 -0.5342156 -0.1500438 0.03735351 0.3915842 -0.1969316 -0.06289422 0.2475991 -0.1787009 -0.2506062 0.459497 -0.3096067 -0.215546 0.2954249 -0.3112298 -0.4355754 0 -0.2129139 -0.427081 0 -0.301943 -0.5290858 -0.2948479 -0.3111395 -0.4359122 0.5869509 -0.3588752 0.08223289 0.4657539 -0.238294 0.02611434 0.5922096 -0.2368727 0.009656369 0.5063767 -0.2084519 0.009050488 0.4862738 -0.2347745 -0.01189577 0.5132628 -0.1830882 0.001202523 0.496091 -0.2014879 -0.05292606 0.4667059 -1.377605 0.297612 0.4234337 -1.438616 0.2938173 0.436245 -1.364203 0.3190354 0.3851549 -1.432617 0.3098672 0.4152799 -1.471141 0.2052452 0.3788698 -1.458525 0.2052555 0.4073634 -1.449999 0.08364397 0.5371311 -0.1494292 -0.05869621 0.5698564 -0.1497164 -0.06509965 0.5438247 -0.1364593 -0.07465744 0.5636623 -0.1331077 -0.12048 0.5892882 -0.1429474 -0.1061517 0.5828393 -0.1339797 -0.148751 0.6051809 -0.1377807 -0.1470529 0.07724881 -1.64554 -0.0558021 0.0409013 -1.625638 -0.08451521 0.04124927 -1.640519 -0.07101243 0.006350874 -1.6374 -0.07552731 0.006329357 -1.626302 -0.08917409 -0.02891582 -1.626384 -0.08454656 0.07720613 -1.66371 -0.05057752 0.04027432 -1.640533 -0.07305687 0.0406019 -1.654233 -0.06602936 0.005441188 -1.655027 -0.07040452 0.005207896 -1.64134 -0.07744997 -0.02980774 -1.64148 -0.0726037 0.2218895 -1.661326 0.1784335 0.2584023 -1.607121 0.2065097 0.2999045 -1.593954 0.1010923 0.3223612 -1.554748 0.1080644 0.2639207 -1.563255 0.2434732 0.3287146 -1.5131 0.09480381 0.1870298 -1.469317 -0.1180596 0.1992927 -1.488131 -0.1298586 0.297046 -1.49746 -0.02182489 0.301275 -1.537177 -0.007844984 0.2037781 -1.520939 -0.1185903 0.2794006 -1.582632 0.006138622 0.05192714 -1.655665 -0.06236237 0.05497533 -1.641923 -0.01572501 0.02103763 -1.656442 -0.07305991 0.005457043 -1.659138 -0.07635456 0.005535125 -1.643378 -0.03133547 -0.04372054 -1.643291 -0.015087 0.02236711 -1.645878 -0.08804196 0.005195975 -1.646417 -0.09012442 0.005364 -1.65537 -0.08286941 -0.01195466 -1.646376 -0.08782184 -0.01143002 -1.639843 -0.08671116 -0.04326403 -1.643295 -0.07516843 0.005980491 -1.728007 -0.1392669 0.006438016 -1.744828 -0.1037071 0.03702831 -1.723176 -0.1310634 0.03327029 -1.735059 -0.1025044 0.006643354 -1.739575 -0.0609821 0.03114455 -1.73121 -0.0646097 -0.08124828 -1.507964 -0.1928962 -0.1921681 -1.491881 -0.1283496 -0.1957039 -1.525242 -0.1172018 -0.292291 -1.543664 -0.005149602 -0.2891225 -1.503046 -0.01892679 -0.3193759 -1.519281 0.0983355 -0.510576 -0.1889741 0.07873314 -0.5037706 -0.2147013 0.07414764 -0.5891335 -0.2069534 0.07781744 -0.5897447 -0.2426673 0.07297706 -0.4628048 -0.2687291 0.08595693 -0.5807051 -0.3671334 0.1152939 -0.498179 -0.1893012 0.02034401 -0.4873226 -0.2267291 0.01305878 -0.510576 -0.1889741 0.07873314 -0.5037706 -0.2147013 0.07414764 -0.4369714 -0.2916094 -0.003405511 -0.4628048 -0.2687291 0.08595693 -0.502039 -1.355648 0.1848357 -0.5184529 -1.37859 0.09462511 -0.4965357 -1.327351 0.1869997 -0.5121474 -1.338806 0.06914615 -0.4663019 -1.434288 0.06651449 -0.4434741 -1.408255 0.03878951 -0.1853623 -1.137006 -0.6220272 5.39402e-4 -1.253715 -0.5345767 -2.11507e-4 -1.129912 -0.6477904 0.185143 -1.135682 -0.6231532 0.1532538 -1.257409 -0.4915308 0.3554022 -1.254868 -0.3767116 0.6096549 -0.3821969 -0.03866845 0.5775429 -0.2993475 -0.1189125 0.5445137 -0.3731771 -0.1052613 0.463411 -0.3274481 -0.1163312 0.5210244 -0.2780283 -0.1234902 0.4498091 -0.2817224 -0.05348122 0.6031382 -1.48632 0.167777 0.6018179 -1.452325 0.1246525 0.487413 -1.429135 0.06780809 0.5342743 -1.36718 0.104794 0.5984493 -1.40753 0.144006 0.597167 -1.382735 0.2208424 0.5389996 -0.1194122 -0.009687364 0.5188457 -0.1312125 -0.03386598 0.5180884 -0.1163343 -0.03246575 0.5404396 -0.1132597 -0.06722545 0.5303601 -0.1311962 -0.05911362 0.540236 -0.120126 -0.06987237 0.5388253 -0.1343855 -0.01106268 0.5661938 -0.1382209 -0.009242117 0.54074 -0.1469183 -0.01727336 0.569109 -0.1506315 -0.01547974 0.584918 -0.1393033 -0.02638864 0.5958786 -0.1437779 -0.04358083 0.006350874 -1.6374 -0.07552731 -0.02891582 -1.626384 -0.08454656 -0.02872276 -1.64124 -0.07110726 -0.0654959 -1.647248 -0.05539345 -0.06601423 -1.633752 -0.0632193 0.005441188 -1.655027 -0.07040452 -0.02980774 -1.64148 -0.0726037 -0.02966862 -1.655184 -0.06557494 -0.06542605 -1.665542 -0.04983365 -0.0657016 -1.651796 -0.05681312 0.05670684 -1.767635 0.01304286 0.06288361 -1.741805 -0.002023637 0.04763448 -1.765537 0.009071588 0.04022163 -1.760406 0.0044685 0.03536206 -1.75286 -2.11606e-4 0.03536206 -1.75286 -2.11606e-4 0.06288361 -1.741805 -0.002023637 0.03364187 -1.743808 -0.004403889 0.03526896 -1.734342 -0.007602989 0.04004675 -1.725606 -0.009422957 0.04004675 -1.725606 -0.009422957 0.06288361 -1.741805 -0.002023637 0.04739886 -1.718651 -0.00964421 0.05643862 -1.714318 -0.008240163 0.06607609 -1.713128 -0.005379974 0.06607609 -1.713128 -0.005379974 0.06288361 -1.741805 -0.002023637 0.0751484 -1.715225 -0.001408815 0.08256143 -1.720357 0.003194332 0.08742314 -1.727962 0.008166551 0.08742314 -1.727962 0.008166551 0.06288361 -1.741805 -0.002023637 0.08914488 -1.737059 0.01257967 0.08751815 -1.746532 0.01581382 0.08273684 -1.755172 0.0171529 0.08273684 -1.755172 0.0171529 0.06288361 -1.741805 -0.002023637 0.07538425 -1.762114 0.0173071 0.06634426 -1.766448 0.01590299 0.05670684 -1.767635 0.01304286 -0.03215968 -1.766556 0.009604752 -0.04838687 -1.74343 -0.001364946 -0.04111617 -1.768999 0.01364088 -0.05077129 -1.768182 0.01657056 -0.05996048 -1.764198 0.01804023 -0.01910775 -1.744308 -0.003968298 -0.04838687 -1.74343 -0.001364946 -0.02044939 -1.753418 2.35093e-4 -0.02498233 -1.761145 0.004949033 -0.03215968 -1.766556 0.009604752 -0.03385651 -1.719698 -0.00910592 -0.04838687 -1.74343 -0.001364946 -0.02624171 -1.726365 -0.00893861 -0.02111953 -1.734912 -0.007154285 -0.01910775 -1.744308 -0.003968298 -0.06165713 -1.717337 -6.70467e-4 -0.04838687 -1.74343 -0.001364946 -0.05270069 -1.714893 -0.004706561 -0.04304552 -1.715713 -0.007636249 -0.03385651 -1.719698 -0.00910592 -0.07470911 -1.739586 0.01290261 -0.04838687 -1.74343 -0.001364946 -0.07336753 -1.730475 0.008699178 -0.06883466 -1.722748 0.003985226 -0.06165713 -1.717337 -6.70467e-4 -0.05996048 -1.764198 0.01804023 -0.04838687 -1.74343 -0.001364946 -0.06757527 -1.75753 0.01787292 -0.07269746 -1.748982 0.0160886 -0.07470911 -1.739586 0.01290261 0.1421659 -1.76399 0.1390658 0.1612703 -1.746674 0.1495472 0.1459173 -1.763095 0.1303251 0.1821534 -1.764831 0.1538666 0.1999807 -1.742785 0.1633512 0.00994277 -1.809409 0.2674762 0.009082615 -1.744568 0.3057705 0.1253191 -1.742845 0.2772985 0.1304368 -1.702959 0.3134064 0.008951663 -1.71102 0.3556124 0.003091454 -1.469241 -0.1986712 0.003436684 -1.487285 -0.2143949 0.08513718 -1.46601 -0.182685 0.08472198 -1.483853 -0.1998274 0.08844757 -1.506124 -0.193484 0.1345821 -1.761379 0.1117491 0.1441887 -1.750577 0.1051375 0.1511088 -1.736094 0.09219908 0.1607781 -1.739884 0.0938332 0.1521168 -1.758187 0.1059356 0.02264904 -1.642231 -0.08663105 0.02364355 -1.640795 -0.09199494 0.006486415 -1.642591 -0.08898776 0.006490409 -1.64136 -0.09435713 0.005791604 -1.611633 -0.1236309 0.03307545 -1.812975 0.05985516 0.007816553 -1.789321 0.01644366 0.009395539 -1.816033 0.04602307 -0.01438713 -1.814928 0.06001812 -0.02075779 -1.783775 0.02614927 0.1999807 -1.742785 0.1633512 0.1612703 -1.746674 0.1495472 0.181212 -1.724469 0.1588507 0.154451 -1.747188 0.1598173 0.1421659 -1.76399 0.1390658 0.1806265 -1.716713 0.128959 0.2058779 -1.682099 0.09707319 0.1756558 -1.706537 0.08148765 0.1537608 -1.713723 0.02432733 0.1907393 -1.681127 0.01781892 0.09389275 -1.737295 0.01414811 0.09169447 -1.740411 0.01542294 0.09538722 -1.743456 0.0186882 0.09204161 -1.744669 0.02030783 0.08957856 -1.746686 0.01749366 0.1806527 -1.644308 0.2701747 0.188373 -1.66762 0.2288388 0.1938166 -1.684259 0.2648628 0.1672829 -1.747818 0.2168424 0.154451 -1.747188 0.1598173 0.1215615 -1.658061 0.3306293 0.008507311 -1.669008 0.3746732 0.007665753 -1.627868 0.3627684 -0.06569433 -1.662814 0.3509818 -0.06253844 -1.707789 0.3337956 0.1613227 -1.589605 -0.06973391 0.1633791 -1.636184 -0.03437519 0.2337448 -1.572237 -0.03518807 0.2200348 -1.645619 0.008929729 0.1521369 -1.676298 -0.02076661 0.07486563 -1.650459 -0.06661945 0.07541316 -1.650169 -0.06872928 0.05413109 -1.640969 -0.07561451 0.0564959 -1.640128 -0.08027172 0.06659853 -1.623322 -0.0910589 -0.1871357 -1.693835 0.1390451 -0.1920137 -1.687507 0.09964817 -0.2301164 -1.65349 0.1040807 -0.2081848 -1.651275 0.01132392 -0.1779083 -1.686122 0.02019321 -0.2036739 -1.661429 0.1818386 -0.2883965 -1.601433 0.1047772 -0.245249 -1.613525 0.2096647 -0.3119052 -1.561815 0.1117804 -0.2691345 -1.589359 0.008818507 -0.1294607 -1.76685 0.1321086 -0.1450026 -1.750851 0.1515312 -0.1135318 -1.767479 0.1407222 -0.1337164 -1.751118 0.1616842 -0.165415 -1.729187 0.1610955 -0.1083471 -1.73347 0.02972257 -0.1358727 -1.740007 0.09405696 -0.1184763 -1.764406 0.105012 -0.1283962 -1.754283 0.1069017 -0.145415 -1.744062 0.09581553 -0.04326403 -1.643295 -0.07516843 -0.01143002 -1.639843 -0.08671116 -0.04090547 -1.656954 -0.06176334 -0.01014649 -1.656898 -0.07285976 0.005113124 -1.63982 -0.08917123 -0.07589381 -1.748843 0.01866507 -0.077807 -1.742361 0.01763176 -0.07825702 -1.74684 0.02074003 -0.08091711 -1.746011 0.02103227 -0.0796585 -1.739676 0.01527082 -0.02804416 -1.770523 0.007695198 -0.04439085 -1.773985 0.01515972 -0.04442042 -1.774043 0.01544982 -0.05599057 -1.770893 0.01934748 -0.05480927 -1.770982 0.01901417 -0.01812005 -1.731901 -0.06429201 -0.02063077 -1.735825 -0.1021581 -0.04307758 -1.711824 -0.06969058 -0.0403949 -1.720403 -0.1052377 -0.02507758 -1.724052 -0.1306646 -0.04493117 -1.81624 0.08053338 -0.04566127 -1.784876 0.03449088 -0.08467823 -1.767019 0.04691636 -0.07087135 -1.764224 0.02671319 -0.05693262 -1.77332 0.0244323 -0.1836236 -1.748008 0.1658357 -0.1654267 -1.721427 0.1311999 -0.1945174 -1.729727 0.164373 -0.2038397 -1.710304 0.1431378 -0.2022199 -1.695483 0.1159473 -0.1361064 -1.762122 0.107802 -0.1654267 -1.721427 0.1311999 -0.1452054 -1.779231 0.1352398 -0.1653308 -1.769567 0.1561173 -0.1836236 -1.748008 0.1658357 0.02622604 -1.944545 0.2021275 -0.01934987 -1.971412 0.1163895 -0.07083797 -1.925536 0.1918452 -0.05824339 -1.940761 0.1003455 -0.04485785 -1.935901 0.07715702 -0.0847401 -1.622267 0.3415868 -0.1346714 -1.688745 0.2671164 -0.1655833 -1.649026 0.2724202 -0.1732038 -1.672538 0.2311816 -0.109826 -1.751719 0.2187502 -0.02195411 -1.850921 0.03916639 -0.05452638 -1.847961 0.06186759 -0.05486017 -1.906261 0.06236648 -0.07452148 -1.841107 0.1182702 -0.0655694 -1.808414 0.1095421 0.03702831 -1.723176 -0.1310634 0.03327029 -1.735059 -0.1025044 0.05256956 -1.719146 -0.1058388 0.05547797 -1.710455 -0.07032644 0.03114455 -1.73121 -0.0646097 -0.6405768 -0.7458218 0.5428372 -0.6160337 -0.5822144 0.5283977 -0.2761813 -0.5772847 0.7522119 -0.2564291 -0.5636962 0.7105568 -0.5767585 -0.5655836 0.5135232 -0.7193646 -0.5619818 0.203322 -0.6843572 -0.5341233 -0.1199275 -0.6690291 -0.5457507 0.2023755 -0.6385767 -0.513554 -0.09935861 -0.5308107 -0.4807187 -0.3511651 -0.4618487 -0.2984422 -0.2106932 -0.2475334 -0.1786865 -0.2506476 -0.3914729 -0.1968573 -0.06318557 0 -0.127448 -0.01680386 0 -0.1709501 -0.3167313 -0.471481 -0.3244333 -0.06438934 -0.585586 -0.2657564 -0.05940151 -0.5484165 -0.360438 -0.06376737 -0.606334 -0.372308 0.003533601 -0.6167241 -0.2674557 -0.01457577 -0.3953077 -0.3505076 0.4890181 -0.5555596 -0.3000715 0.3017807 -0.434303 -0.2139034 0.3048086 -0.4365996 -0.1931927 0.04226374 -0.5560277 -0.281188 0.1454116 -0.5802354 -0.1441753 0.08577299 -0.5566374 -0.1842299 0.03568875 -0.5166238 -0.1462908 0.09297895 -0.505375 -0.1355667 0.04227358 -0.5375753 -0.1289581 0.0100885 -0.5375753 -0.1289581 0.0100885 -0.5566374 -0.1842299 0.03568875 -0.5732255 -0.1315963 0.004764139 -0.5941485 -0.1352339 0.02918022 -0.5802354 -0.1441753 0.08577299 -0.6942119 -1.455052 0.03409439 -0.7337772 -1.431522 0.08471417 -0.7172347 -1.482347 0.06991869 -0.7544094 -1.46951 0.117039 -0.7733648 -1.421252 0.1358512 -0.7733648 -1.421252 0.1358512 -0.7337772 -1.431522 0.08471417 -0.7634027 -1.385451 0.1184546 -0.7350929 -1.381763 0.08086174 -0.6997293 -1.415419 0.03928518 -0.4977197 -0.3986067 -0.2961778 -0.6073315 -0.3727389 -0.0715115 -0.6373053 -0.4358614 -0.0775029 -0.6341332 -0.3793163 0.09791171 -0.606334 -0.372308 0.003533601 -0.2065004 -0.7126355 -0.8352312 -0.3882032 -0.7073268 -0.7186376 -0.2145488 -0.8445206 -0.8103168 -0.383735 -0.8477134 -0.700948 -0.5293822 -0.8490511 -0.5851783 -0.8239559 -1.478059 0.02983319 -0.8080233 -1.488174 0.01158642 -0.8293858 -1.479805 0.003709912 -0.8186874 -1.491995 -0.0016402 -0.7971311 -1.489104 -0.002227127 -0.858184 -1.487317 -0.01101028 -0.8293858 -1.479805 0.003709912 -0.8618322 -1.475854 -0.02319276 -0.8251115 -1.464828 -0.004248619 -0.8470677 -1.482486 -0.03810948 -0.878611 -1.452496 0.009369969 -0.8467115 -1.464272 0.024365 -0.8416396 -1.450934 0.01604318 -0.8746842 -1.4645 -0.01336026 -0.8729524 -1.476343 0.004985094 -0.8750449 -1.427702 0.04797667 -0.849449 -1.445319 0.04809051 -0.8476407 -1.435071 0.03888577 -0.8853867 -1.440225 0.02278196 -0.881291 -1.453328 0.03894472 -0.7685763 -1.49435 -0.03685861 -0.7687812 -1.493539 -0.026142 -0.7568187 -1.490133 -0.03297078 -0.7553936 -1.487775 -0.02396672 -0.7738128 -1.484695 7.84074e-4 -0.7983273 -1.476077 -0.01155543 -0.7834661 -1.473973 -0.01051735 -0.771679 -1.456129 -0.01153922 -0.7673515 -1.473776 -0.04401165 -0.7772247 -1.485956 -0.0377264 -0.5247111 -0.134009 0.04291993 -0.5145092 -0.1441123 0.06666475 -0.53153 -0.1130378 0.04124832 -0.5115396 -0.130832 0.07288533 -0.5336998 -0.1377847 0.09352838 -0.6145268 -0.1044693 -0.02564996 -0.612246 -0.119692 0.01185232 -0.5825173 -0.1201546 -0.004926323 -0.5662656 -0.1429764 0.03145438 -0.5920264 -0.1403006 0.05391824 -0.5679498 -0.1601491 0.0779913 -0.5634518 -0.1510923 0.08794909 -0.5392961 -0.1606509 0.07731336 -0.5357655 -0.151311 0.0872932 -0.5336998 -0.1377847 0.09352838 -0.6185665 -0.1052086 0.02004188 -0.62054 -0.0889154 -0.02688169 -0.5506368 -0.09420621 -0.01268392 -0.5746757 -0.08312505 -0.04417413 -0.5980291 -0.08321744 -0.0451163 2.82366e-4 -0.9025257 0.8019422 0.2818219 -0.7131322 0.7779652 0.2681552 -0.906528 0.7509006 0.6352352 -0.8922305 0.5372964 0.6425848 -0.7437799 0.541252 0.459497 -0.3096067 -0.215546 0.2954249 -0.3112298 -0.4355754 0.498212 -0.3986949 -0.2953862 0.5311338 -0.4804894 -0.3506383 0.3067839 -0.4509742 -0.5404329 0.5196687 -0.1275544 -0.005821168 0.5537716 -0.1852714 -0.04807156 0.5831484 -0.1360309 -0.01203131 0.5972462 -0.147857 -0.06821626 0.576496 -0.1497309 -0.0929349 0.576496 -0.1497309 -0.0929349 0.5537716 -0.1852714 -0.04807156 0.5414161 -0.140965 -0.0894944 0.5090299 -0.1325734 -0.05753761 0.5196687 -0.1275544 -0.005821168 0.6498122 -0.4387198 0.2199308 0.5492709 -0.4887282 0.5117625 0.555256 -0.3002439 0.3024854 0.3949283 -0.3505969 0.4893706 0 -0.4912911 0.7054072 0.731217 -1.500811 0.1041722 0.7434263 -1.449711 0.1190462 0.7076963 -1.475523 0.06855571 0.7101138 -1.436198 0.07379513 0.7412738 -1.400701 0.11532 0.7682756 -1.402405 0.1527785 0.7434263 -1.449711 0.1190462 0.7801205 -1.436928 0.1700322 0.7654774 -1.485665 0.1511664 0.731217 -1.500811 0.1041722 0.5235263 -1.333563 0.06925171 0.5342743 -1.36718 0.104794 0.5045018 -1.323461 0.1864573 0.5091602 -1.355575 0.1945269 0.597167 -1.382735 0.2208424 0.4061563 -1.348655 0.3637601 0.3398788 -1.433881 0.3415637 0.1621408 -1.388216 0.4890252 0.1366485 -1.46207 0.4095596 0.3109098 -1.467271 0.266512 0.3840979 -1.468144 0.07956528 0.326633 -1.460002 -0.05969035 0.3253861 -1.496259 0.0913797 0.2842304 -1.477704 -0.03519976 0.2350578 -1.446046 -0.1800496 0.4559335 -1.402817 0.03583151 0.4456371 -1.394361 -0.007086992 0.4073634 -1.449999 0.08364397 0.3815937 -1.445728 0.07688289 0.3817282 -1.399349 -0.08698409 0.7229953 -1.411592 0.1133762 0.7637193 -1.424817 0.07976645 0.7582439 -1.411391 0.1554072 0.7912652 -1.412042 0.1206423 0.827071 -1.420523 0.09448474 0.8190939 -1.488288 0.02733457 0.8286433 -1.489488 0.02270215 0.8213712 -1.468743 0.03108 0.8430294 -1.471722 0.03440761 0.86894 -1.486809 0.002133905 0.8213712 -1.468743 0.03108 0.8430294 -1.471722 0.03440761 0.8362274 -1.448752 0.05718022 0.8560081 -1.453765 0.05408334 0.8918929 -1.462463 0.02620315 0.8201087 -1.500737 0.03744226 0.8302083 -1.496938 0.05136758 0.8417956 -1.499418 0.03860539 0.8498244 -1.485117 0.04337173 0.8433805 -1.482918 0.06923002 0.891888 -1.473327 0.04522448 0.8632642 -1.46538 0.06332129 0.8918929 -1.462463 0.02620315 0.8560081 -1.453765 0.05408334 0.8927891 -1.448623 0.04820024 0.89469 -1.447199 0.07781386 0.8616466 -1.444899 0.08585178 0.8967107 -1.434521 0.06093436 0.8582056 -1.43574 0.07598745 0.8834306 -1.422755 0.08509647 0.86894 -1.486809 0.002133905 0.8498244 -1.485117 0.04337173 0.8430294 -1.471722 0.03440761 0.8817265 -1.476617 0.01687169 0.8799535 -1.487836 0.02968418 0.7962977 -1.500695 0.03974193 0.7938418 -1.511896 0.01333773 0.779545 -1.508678 0.01489961 0.781661 -1.511243 0.006089448 0.7941161 -1.513356 0.002691268 0.540236 -0.120126 -0.06987237 0.5929024 -0.1210124 -0.03592163 0.5404396 -0.1132597 -0.06722545 0.5389996 -0.1194122 -0.009687364 0.5666073 -0.1234419 -0.007353007 0.02264904 -1.642231 -0.08663105 0.05253666 -1.617998 -0.04060703 0.05413109 -1.640969 -0.07561451 0.07486563 -1.650459 -0.06661945 0.07019799 -1.770915 0.01827663 0.0712043 -1.769405 0.01924955 0.0826199 -1.756542 0.01940137 0.08422464 -1.756263 0.02035343 0.04702055 -1.660975 -0.07160574 0.03178012 -1.660584 -0.1144134 0.04769206 -1.668503 -0.1050571 0.03506916 -1.67102 -0.1323492 0.02619189 -1.733442 -0.03099721 0.0326085 -1.731626 -0.01450121 0.03556871 -1.722454 -0.0383107 0.0416395 -1.719769 -0.01665246 0.04311007 -1.769466 0.008076667 0.0595839 -1.775582 0.01947361 0.05968129 -1.773235 0.01558297 0.07233631 -1.771564 0.02360242 0.216504 -1.689786 0.1132367 0.1806265 -1.716713 0.128959 0.2188751 -1.704553 0.1404008 0.2103565 -1.724217 0.1617509 0.1138474 -1.811605 0.1099821 0.1077173 -1.839967 0.1166448 0.1410316 -1.797775 0.2046669 0.1341805 -1.838887 0.2011213 -0.05693262 -1.77332 0.0244323 -0.04566127 -1.784876 0.03449088 -0.04412925 -1.777005 0.02015322 -0.02422153 -1.771908 0.009567499 -0.04372054 -1.643291 -0.015087 -0.04023826 -1.618925 -0.04087805 -0.06356692 -1.652272 -0.06590032 -0.0419389 -1.642042 -0.07559728 -0.06356692 -1.652272 -0.06590032 -0.04494118 -1.648736 -0.07698529 -0.04326403 -1.643295 -0.07516843 -0.01195466 -1.646376 -0.08782184 -0.015679 -1.743496 -0.01022076 -0.04299926 -1.733139 0.03755503 -0.01993757 -1.756493 4.5609e-4 -0.03000599 -1.767767 0.008820593 -0.03597706 -1.662132 -0.07107049 -0.03687781 -1.669646 -0.1045102 -0.02130752 -1.661329 -0.1140719 -0.02454507 -1.671861 -0.1319665 -0.2816336 -0.7131918 0.7780011 -0.2664529 -0.9069922 0.7512453 -0.6322068 -0.8947619 0.5391716 -0.5764869 -1.083522 0.5049676 -0.2065004 -0.7126355 -0.8352312 -2.32857e-4 -0.715355 -0.8852698 0 -0.5537157 -0.7728455 0.2058493 -0.7123573 -0.835467 -0.6385767 -0.513554 -0.09935861 -0.6501482 -0.4386061 0.2188865 -0.6690291 -0.5457507 0.2023755 -0.5500842 -0.4886299 0.5108735 -0.4369714 -0.2916094 -0.003405511 -0.5289666 -0.2448478 -0.05592286 -0.471481 -0.3244333 -0.06438934 -0.585586 -0.2657564 -0.05940151 -0.2292082 -1.44972 -0.1779651 -0.07887357 -1.467591 -0.1820544 -0.1050903 -1.44351 -0.2693842 0.003091573 -1.469291 -0.198678 -0.8806691 -1.47596 -0.003688156 -0.8670231 -1.485845 -0.001583158 -0.8787449 -1.484928 -0.0127061 -0.8671345 -1.486027 -0.01835006 -0.889715 -1.451165 0.03339141 -0.8792496 -1.462996 0.03079575 -0.8915153 -1.459525 0.02425611 -0.8833287 -1.461942 0.01532304 -0.8731297 -1.427328 0.07203292 -0.8694978 -1.439741 0.06541776 -0.8798529 -1.433231 0.06533867 -0.8781696 -1.435945 0.05465197 -0.8381379 -1.422566 0.0592848 -0.8717518 -1.41708 0.061782 -0.8476407 -1.435071 0.03888577 -0.8750449 -1.427702 0.04797667 -0.8363443 -1.503057 -0.04037529 -0.8313189 -1.492511 -0.044559 -0.8488408 -1.503111 -0.03721886 -0.8470677 -1.482486 -0.03810948 0.5922096 -0.2368727 0.009656369 0.5063767 -0.2084519 0.009050488 0.5916362 -0.2018203 -3.96816e-4 0.5132628 -0.1830882 0.001202523 0.4366335 -0.1932749 0.04259163 0.4341364 -0.2139857 0.3051415 0 -0.127448 -0.01680386 0 -0.4061657 0.3922742 0.5342743 -1.36718 0.104794 0.5235263 -1.333563 0.06925171 0.487413 -1.429135 0.06780809 0.4559335 -1.402817 0.03583151 0.4667059 -1.377605 0.297612 0.436245 -1.364203 0.3190354 0.5091602 -1.355575 0.1945269 0.5045018 -1.323461 0.1864573 0.5320762 -1.310254 0.04610896 0.5235263 -1.333563 0.06925171 0.521598 -1.292775 0.1844751 0.5045018 -1.323461 0.1864573 0.3857635 -1.420743 -0.09908807 0.3520145 -1.372478 -0.166132 0.3599663 -1.393733 -0.1805943 0.2784525 -1.360414 -0.2557629 0.899649 -1.471984 0.03668689 0.8997308 -1.481665 0.0282182 0.8880668 -1.484154 0.03916049 0.8887136 -1.485291 0.02244263 0.9027141 -1.443794 0.07229036 0.9063396 -1.452175 0.06373447 0.8947635 -1.457538 0.07025432 0.8990313 -1.45663 0.05482268 0.8927891 -1.448623 0.04820024 0.8967107 -1.434521 0.06093436 0.8560081 -1.453765 0.05408334 0.8582056 -1.43574 0.07598745 0.8807584 -1.421349 0.109043 0.8886764 -1.42624 0.1028583 0.8797453 -1.434592 0.1031578 0.8878597 -1.429846 0.09233456 0.86894 -1.486809 0.002133905 0.8555771 -1.500017 -0.003958523 0.8745629 -1.506627 0.00435543 0.862383 -1.509147 9.73323e-4 0.8010389 -1.503529 0.001454651 0.8040778 -1.489005 0.02796518 0.7892286 -1.493848 -0.005766034 0.7891583 -1.473831 0.02560472 0.5371311 -0.1494292 -0.05869621 0.5629218 -0.1581712 -0.05537188 0.5698564 -0.1497164 -0.06509965 0.5798439 -0.1576969 -0.04209238 0.0409013 -1.625638 -0.08451521 0.07724881 -1.64554 -0.0558021 0.07708215 -1.629931 -0.06913095 0.04027432 -1.640533 -0.07305687 0.07720613 -1.66371 -0.05057752 0.07706332 -1.64996 -0.0575515 0.00994277 -1.809409 0.2674762 0.1253191 -1.742845 0.2772985 0.1122925 -1.801696 0.2497094 0.1511088 -1.736094 0.09219908 0.1227586 -1.730393 0.02828633 0.1345821 -1.761379 0.1117491 0.006165146 -1.615851 -0.05475789 0.05497533 -1.641923 -0.01572501 0.02166312 -1.616184 -0.05156922 0.005791604 -1.611633 -0.1236309 0.02364355 -1.640795 -0.09199494 0.02554333 -1.614855 -0.1204833 0.08514541 -1.656478 -0.06841135 0.07447886 -1.652117 -0.0682857 0.08022731 -1.662088 -0.06274461 0.05736249 -1.731746 0.03690522 0.04505097 -1.767386 0.00920701 0.05949598 -1.773696 0.01563698 0.06215989 -1.683255 -0.07617473 0.05559313 -1.695888 -0.03654694 0.06044727 -1.671514 -0.05347555 0.08499109 -1.721224 2.30685e-4 0.08178192 -1.702307 -0.02256697 0.07321023 -1.715114 -0.008727371 0.08844757 -1.506124 -0.193484 0.003436684 -1.487285 -0.2143949 0.003565073 -1.507388 -0.2041839 0.05651199 -1.656099 -0.06753194 0.06044727 -1.671514 -0.05347555 0.08022731 -1.662088 -0.06274461 0.09731078 -1.586108 -0.09413683 0.08514541 -1.656478 -0.06841135 0.1073114 -1.648863 -0.06331402 0.03942871 -1.771005 0.009120285 0.03128838 -1.760586 -6.85974e-4 0.02602827 -1.765911 -0.001288473 0.08718371 -1.760328 0.02655839 0.0615319 -1.783393 0.03378242 0.1002326 -1.764651 0.04588955 0.07618039 -1.956323 0.1173425 0.122861 -1.902259 0.192945 0.1104349 -1.920396 0.1262732 0.1215615 -1.658061 0.3306293 0.007665753 -1.627868 0.3627684 0.09964513 -1.620053 0.3404654 0.0615319 -1.783393 0.03378242 0.03942871 -1.771005 0.009120285 0.03654772 -1.782862 0.02562934 0.007816553 -1.789321 0.01644366 0.02602827 -1.765911 -0.001288473 0.00737977 -1.765439 -0.001110553 -0.07887262 -1.467574 -0.1820522 0.003436684 -1.487285 -0.2143949 0.003091454 -1.469241 -0.1986712 -0.05562496 -1.624667 -0.09202772 -0.01068425 -1.641163 -0.09209686 -0.01405763 -1.615314 -0.120474 0.006165146 -1.615851 -0.05475789 -0.009693324 -1.64258 -0.08672714 -0.009341955 -1.61651 -0.05166041 -0.04312425 -1.697241 -0.03588831 -0.05056715 -1.684814 -0.07544732 -0.04879844 -1.673009 -0.05276018 -0.02063077 -1.735825 -0.1021581 0.005980491 -1.728007 -0.1392669 -0.02507758 -1.724052 -0.1306646 -0.04493117 -1.81624 0.08053338 -0.08467823 -1.767019 0.04691636 -0.08081847 -1.795646 0.1046131 -0.05940711 -1.874836 0.2365612 0.00994277 -1.809409 0.2674762 0.01352179 -1.874858 0.2502173 0.02839601 -1.973817 0.1254687 -0.01934987 -1.971412 0.1163895 0.02622604 -1.944545 0.2021275 -0.1921681 -1.491881 -0.1283496 -0.08124828 -1.507964 -0.1928962 -0.07780408 -1.485428 -0.1993131 -0.245249 -1.613525 0.2096647 -0.3119052 -1.561815 0.1117804 -0.2517772 -1.568588 0.2463911 -0.04402744 -1.551038 -0.1528819 -0.1314954 -1.54503 -0.1143943 -0.07220709 -1.569621 -0.1220055 -0.04307758 -1.711824 -0.06969058 -0.0224387 -1.723275 -0.03793638 -0.01812005 -1.731901 -0.06429201 -0.7531597 -0.7461186 0.2036439 -0.7325787 -0.7337945 -0.1578904 -0.7149246 -0.6409134 -0.1475728 -0.626742 -0.5965759 -0.3950129 -0.7325787 -0.7337945 -0.1578904 -0.664483 -0.7158385 -0.3924369 0 -0.5682786 0.7373465 -0.2761813 -0.5772847 0.7522119 -0.2564291 -0.5636962 0.7105568 -0.6167241 -0.2674557 -0.01457577 -0.5901489 -0.2133394 -0.04094135 -0.6176462 -0.2170965 -0.001154422 -0.5375753 -0.1289581 0.0100885 -0.498179 -0.1893012 0.02034401 -0.505375 -0.1355667 0.04227358 -0.6942119 -1.455052 0.03409439 -0.6997293 -1.415419 0.03928518 -0.7337772 -1.431522 0.08471417 -0.5900869 -1.364839 0.1871187 -0.6379464 -1.375504 0.2290103 -0.6177257 -1.365294 0.1772437 -0.6177257 -1.365294 0.1772437 -0.7634027 -1.385451 0.1184546 -0.7350929 -1.381763 0.08086174 -0.5231731 -1.317003 0.048074 -0.5890604 -1.203111 0.1658753 -0.5137306 -1.297962 0.1862689 -0.6121822 -1.19619 -0.05475044 -0.6855137 -1.073939 0.180484 -0.5890604 -1.203111 0.1658753 -0.497088 -1.229532 0.4274366 -0.5137306 -1.297962 0.1862689 -0.5890604 -1.203111 0.1658753 -0.3713729 -1.461875 0.2117249 -0.3745665 -1.44955 0.08154249 -0.3928043 -1.45484 0.08887207 -0.4172779 -1.466999 0.2136783 -0.3928043 -1.45484 0.08887207 -0.4339326 -1.474528 0.1190727 -0.4321098 -1.366438 0.3225317 -0.502039 -1.355648 0.1848357 -0.4965357 -1.327351 0.1869997 -0.6727151 -1.077294 -0.1268537 -0.7371743 -0.9101199 0.1975476 -0.6855137 -1.073939 0.180484 -0.435683 -1.400809 -0.003461122 -0.5121474 -1.338806 0.06914615 -0.4434741 -1.408255 0.03878951 -0.5293822 -0.8490511 -0.5851783 -0.6365167 -0.953019 -0.3626694 -0.5035441 -0.9745417 -0.5432983 -6.80153e-4 -0.8552066 -0.847278 -0.2065004 -0.7126355 -0.8352312 -0.2145488 -0.8445206 -0.8103168 -0.3793015 -1.425505 -0.09554481 -0.3745665 -1.44955 0.08154249 -0.378402 -1.472889 0.08309316 -0.6926578 -1.414883 0.05615794 -0.7231262 -1.461299 0.02540111 -0.6857213 -1.447204 0.05159205 -0.7159563 -1.391374 0.07916057 -0.7327844 -1.429177 0.0255357 -0.6926578 -1.414883 0.05615794 -0.7799664 -1.489093 0.02849054 -0.7587884 -1.477124 0.07766884 -0.7348911 -1.478457 0.04687815 -0.8080233 -1.488174 0.01158642 -0.7738128 -1.484695 7.84074e-4 -0.7971311 -1.489104 -0.002227127 -0.8467115 -1.464272 0.024365 -0.878611 -1.452496 0.009369969 -0.8743215 -1.465075 0.01923352 -0.849449 -1.445319 0.04809051 -0.8750449 -1.427702 0.04797667 -0.8710632 -1.441096 0.05396574 -0.8717518 -1.41708 0.061782 -0.8409158 -1.433719 0.06830775 -0.8655508 -1.4317 0.07293659 -0.8396158 -1.502442 -0.02370244 -0.8536744 -1.494299 -0.02931118 -0.8487541 -1.492515 -0.01903164 -0.8396158 -1.502442 -0.02370244 -0.8091213 -1.490503 -0.01053327 -0.8281186 -1.502941 -0.03220099 -0.7930728 -1.430925 0.1047571 -0.8203316 -1.415425 0.05916523 -0.7872918 -1.401978 0.08683484 -0.5322627 -0.118602 0.03648465 -0.6185665 -0.1052086 0.02004188 -0.5506368 -0.09420621 -0.01268392 -0.5336998 -0.1377847 0.09352838 -0.5145092 -0.1441123 0.06666475 -0.5357655 -0.151311 0.0872932 -0.6145268 -0.1044693 -0.02564996 -0.5825173 -0.1201546 -0.004926323 -0.5955293 -0.09944164 -0.04171913 -0.5247111 -0.134009 0.04291993 -0.53153 -0.1130378 0.04124832 -0.5322627 -0.118602 0.03648465 -0.5859423 -0.1220725 0.06863105 -0.5336998 -0.1377847 0.09352838 -0.5616756 -0.1378765 0.09460705 0.2818219 -0.7131322 0.7779652 2.82366e-4 -0.9025257 0.8019422 0 -0.7008009 0.8167642 0.496091 -0.2014879 -0.05292606 0.5414161 -0.140965 -0.0894944 0.5090299 -0.1325734 -0.05753761 0 -0.301943 -0.5290858 0.3067839 -0.4509742 -0.5404329 0.2954249 -0.3112298 -0.4355754 0.5775429 -0.2993475 -0.1189125 0.6096549 -0.3821969 -0.03866845 0.6124212 -0.2871227 -0.06835097 0.4862738 -0.2347745 -0.01189577 0.4657539 -0.238294 0.02611434 0.4498091 -0.2817224 -0.05348122 0.5492709 -0.4887282 0.5117625 0.2562317 -0.5637252 0.7106438 0 -0.4912911 0.7054072 0.7412738 -1.400701 0.11532 0.7434263 -1.449711 0.1190462 0.7682756 -1.402405 0.1527785 0.2171594 -1.237208 0.5973357 0.005645513 -1.388704 0.5261166 0.004265487 -1.232511 0.6461963 0.3817282 -1.399349 -0.08698409 0.4456371 -1.394361 -0.007086992 0.4380729 -1.340542 -0.1277898 0.2049353 -1.00674 -0.741158 -2.11507e-4 -1.129912 -0.6477904 0.185143 -1.135682 -0.6231532 0.3815937 -1.445728 0.07688289 0.3788698 -1.458525 0.2052555 0.4073634 -1.449999 0.08364397 0.4073634 -1.449999 0.08364397 0.4152799 -1.471141 0.2052452 0.4446883 -1.474874 0.1137788 0.6386632 -0.5132766 -0.09871822 0.498212 -0.3986949 -0.2953862 0.5311338 -0.4804894 -0.3506383 0.006027758 -1.470601 0.4448426 0.1621408 -1.388216 0.4890252 0.1366485 -1.46207 0.4095596 0.5235263 -1.333563 0.06925171 0.4456371 -1.394361 -0.007086992 0.4559335 -1.402817 0.03583151 0.7097105 -1.48629 0.1029772 0.7778105 -1.491657 0.1157108 0.7555331 -1.499326 0.0846315 0.8027679 -1.432397 0.05754339 0.7447642 -1.452687 0.06018888 0.7891583 -1.473831 0.02560472 0.7962977 -1.500695 0.03974193 0.8302083 -1.496938 0.05136758 0.8201087 -1.500737 0.03744226 0.8918929 -1.462463 0.02620315 0.8430294 -1.471722 0.03440761 0.8817265 -1.476617 0.01687169 0.8927891 -1.448623 0.04820024 0.8632642 -1.46538 0.06332129 0.8906676 -1.461193 0.0587573 0.8834306 -1.422755 0.08509647 0.8616466 -1.444899 0.08585178 0.881882 -1.43629 0.09184426 0.8504651 -1.433983 0.1051381 0.8777709 -1.41217 0.09814244 0.874122 -1.427029 0.1100814 0.8773996 -1.496608 0.01177942 0.864977 -1.506945 0.01763188 0.8719241 -1.495199 0.02183449 0.8323911 -1.500303 0.02946174 0.864977 -1.506945 0.01763188 0.8540427 -1.510127 0.008972108 0.86894 -1.486809 0.002133905 0.8286433 -1.489488 0.02270215 0.8555771 -1.500017 -0.003958523 0.827071 -1.420523 0.09448474 0.8018887 -1.438256 0.1404575 0.7912652 -1.412042 0.1206423 0.5188457 -0.1312125 -0.03386598 0.5389996 -0.1194122 -0.009687364 0.5388253 -0.1343855 -0.01106268 0.5389996 -0.1194122 -0.009687364 0.5661938 -0.1382209 -0.009242117 0.5388253 -0.1343855 -0.01106268 0.5404396 -0.1132597 -0.06722545 0.5389996 -0.1194122 -0.009687364 0.5180884 -0.1163343 -0.03246575 -0.2740201 -1.363626 -0.2532574 -0.4324955 -1.345247 -0.1239332 -0.3246656 -1.383731 -0.1684112</float_array>
          <technique_common>
            <accessor source="#Mesh_0299_rip-mesh-positions-array" count="2656" stride="3">
              <param name="X" type="float"/>
              <param name="Y" type="float"/>
              <param name="Z" type="float"/>
            </accessor>
          </technique_common>
        </source>
        <source id="Mesh_0299_rip-mesh-normals">
          <float_array id="Mesh_0299_rip-mesh-normals-array" count="7968">0.5288432 0.5288006 0.6638486 0.6666143 0.3389588 0.6638768 -0.335287 -0.1109926 0.9355551 0.5414562 0.5502905 0.6356143 0.440854 0.4345647 0.7853671 0.5821075 0.712632 0.3915439 0.4149504 0.5645111 0.7135429 -0.09132486 0.7086685 0.6996062 -0.4453859 0.3378486 0.8291501 0.3366923 0.4179162 0.8437917 -0.3352686 -0.1110225 0.9355581 -0.2423072 -0.2614307 0.9343132 0.5289025 0.5287654 0.6638293 0.3303008 0.3847575 0.861895 0.4619994 0.7226652 0.5141125 0.3497258 0.5386065 0.7665476 0.2333365 0.7579987 0.6090912 0.3230883 0.4447467 0.8353529 0.1371425 0.7352175 0.6638126 0.3361239 0.4354253 0.83512 0.05543154 0.5944377 0.8022289 0.2717447 0.7070624 0.6528536 -0.004674315 0.69097 0.7228684 -0.01131469 0.964147 0.2651277 -0.2933193 0.7034593 0.6473863 -0.4919815 0.8605868 0.1316996 -0.822695 0.2732602 0.4984997 -0.784228 0.5336316 0.3165814 -0.3309855 0.413518 0.8482049 -0.5959228 0.7576005 0.2663033 -0.3284869 0.8315199 0.4479632 -0.7506189 0.66071 0.005797445 -0.7508743 0.599086 0.2779997 -0.8161526 0.5629096 -0.1304908 -0.9943007 -0.07954621 0.07098233 -0.8900667 0.4312691 0.1476087 -0.9069886 -0.06710773 0.4157746 -0.5688884 0.6080111 0.5537947 -0.5206499 0.05425328 0.8520449 0.04153603 0.6385972 0.7684195 0.007921278 -0.1091359 0.9939953 0.5299826 0.06848782 0.8452385 0.4905332 -0.5069578 0.7087814 0.9137681 -0.04249531 0.4040076 0.7950843 -0.5536898 0.2475246 0.9969202 -0.05265325 0.05811882 0.6266578 -0.6843867 0.3727129 0.5674722 0.4326823 0.7005435 0.3667604 0.5146357 0.7750076 0.2491713 0.4732959 0.8449288 0.3623895 0.3224967 0.874454 0.3583086 0.2676244 0.8944228 -0.9984543 -0.01825708 0.0524941 0.262812 0.776326 0.5729293 -0.1143342 0.9366933 -0.3309583 0.2478461 0.79682 0.5510448 -0.1209496 0.9082463 -0.4005743 0.2032593 0.7865396 0.5831304 -0.00800836 0.9314296 -0.3638336 -0.009653925 0.8213856 0.5702918 -0.331037 0.4135143 0.8481866 -0.8060981 -0.02737194 0.5911487 -0.8227175 0.2731737 0.4985098 -0.5775382 -0.3251879 0.7488008 -0.3451566 0.3841227 0.8563392 -0.3163501 -0.3967598 0.8616869 -0.3557987 0.4906879 0.7953821 -0.3984488 0.4379863 0.8058577 -0.5098396 0.6905862 0.5129858 -0.5869211 0.5174113 0.6227433 -0.5735669 0.6309342 0.5224397 -0.5213136 0.5517656 0.6509892 -0.638674 0.6674025 0.3829743 -0.6028729 0.6928393 0.3956236 -0.795842 0.5015326 0.3392646 -0.6803459 0.6702899 0.2963796 -0.797307 0.5597328 0.2258334 0.2011083 0.8325365 0.5161768 0.4909138 0.7349146 -0.4678722 -0.6221297 0.5822345 0.5234098 -0.6204215 0.7836188 0.03191715 -0.7048447 0.5402894 0.4596535 -0.6729016 0.6301537 -0.3874402 -0.8511428 0.5023851 -0.1522011 -0.01409727 0.1555478 -0.9877278 -0.4205951 -0.4083202 -0.8101693 -0.7919074 0.5654338 -0.2305806 -0.8741638 0.4715552 -0.1160749 -0.7116239 0.6688383 -0.2150508 -0.6808054 0.7295047 0.06578052 -0.7426292 0.6695497 0.01432472 -0.6280198 0.6632351 0.4070752 -0.6950282 0.577866 0.4277929 -0.4288299 0.6168615 0.65999 -0.4849011 0.5284569 0.6968532 -0.3284602 0.6320944 0.7018337 -0.2781711 0.7190129 0.6368998 -0.378992 0.5688624 0.7299046 -0.3520991 0.6390204 0.6838707 -0.3083795 0.6521805 0.6925047 -0.27817 0.7189835 0.6369334 -0.253058 0.6612942 0.7061527 -0.4848843 0.5285062 0.6968274 -0.4403102 -0.1044563 0.8917488 -0.6549857 -0.1641619 0.7375938 -0.3058077 -0.6206048 0.7220329 -0.5834205 -0.5003061 0.6397767 0.004570245 -0.685753 -0.72782 0.00320512 0.2291353 0.9733893 -0.2116261 -0.7729414 -0.5981438 0.2247536 -0.7670269 -0.6009623 -0.2537806 0.3726646 0.8925898 0.1730328 -0.8955337 -0.4099746 -0.3613669 0.3128054 0.8783888 0.9990056 0.007431089 0.04396271 -0.3575118 0.2580972 0.8975362 -0.2831135 0.7553133 0.5910574 -0.3272673 0.5395028 0.7757788 -0.424503 0.6100172 0.6690861 -0.3790218 0.5688205 0.7299218 -0.4064816 0.5414555 0.735934 -0.308397 0.6521533 0.6925226 -0.02936595 0.4711928 0.8815412 -0.005220651 0.667809 0.7443144 0.3076274 0.6551515 0.6900304 0.2949836 0.5943209 0.748176 0.2580303 0.746229 0.6136471 0.4756974 0.5614925 0.6770806 0.3026265 0.6656904 0.6821096 0.3860924 0.6418713 0.6625208 0.4070509 0.5031453 0.7623348 0.6075903 0.6836609 0.4042796 0.4559444 0.5113371 0.7284567 0.6225883 0.7194249 0.307915 0.5565204 0.7620049 0.3311098 0.6733453 0.7223501 0.1575324 0.7051529 0.6728219 0.2237634 0.6958796 0.5592253 0.4505761 0.7268411 0.5662531 0.3886637 0.7398526 0.5039933 0.4456558 -0.07327616 0.8926969 0.4446604 0.6129007 0.5989291 0.5153996 -0.4189753 0.8195896 -0.3908102 0.5993685 0.8001143 0.02396905 -0.1359678 0.5124365 -0.8478925 0.6506014 0.648016 -0.3959712 -0.003452658 0.1654221 -0.9862169 0.8352021 0.5252052 -0.1630859 0.4209668 -0.3969579 -0.815605 0.9334439 0.3582093 0.01920151 0.8740307 0.4486386 -0.1865309 0.7588115 0.4690597 0.4518718 0.6733571 0.7223365 0.1575446 0.6959068 0.5592216 0.4505385 0.9923461 -0.05681484 -0.1096421 0.9778982 0.1571771 0.1378787 0.9627609 0.2164499 -0.1619902 0.9798825 0.001553356 0.1995693 0.8881589 0.2381734 0.3929979 0.9144385 0.02968895 0.4036346 0.7403206 0.2217649 0.6346225 0.7492007 -0.1743322 0.6389887 0.575614 -0.02893632 0.8172094 0.4913895 -0.4766421 0.7289367 0.3179378 -0.2243057 0.9211964 0.2069383 -0.6187686 0.7578272 1.02222e-5 -0.5457487 0.8379489 -2.56635e-5 -0.8182325 0.5748876 -0.2069237 -0.6187413 0.7578535 -0.2944628 -0.8297544 0.4741303 -0.4902142 -0.4774197 0.7292191 -0.6543381 -0.5205886 0.5484791 -0.7467908 -0.17726 0.6410012 -0.862188 -0.3599377 0.3564784 -0.9131895 0.02534896 0.406746 -0.9791908 -0.00305593 0.2029188 -0.8875436 0.2324741 0.3977717 -0.9781404 0.1508449 0.1431331 -0.9215168 0.3571681 0.1524398 -0.9649877 0.2102887 -0.1567721 -0.8727959 0.4676447 -0.1397703 -0.677691 0.4390694 -0.5898755 -0.6242194 0.6172319 -0.4789311 -0.3280214 0.4514996 -0.8297892 -0.3165873 0.5777696 -0.7522997 -0.003148674 0.4416783 -0.897168 -0.004779696 0.5639317 -0.8258077 0.3071411 0.5803292 -0.754243 -0.006480813 0.6534497 -0.7569423 0.3045523 0.6673372 -0.6796389 -0.007179915 0.6454217 -0.7637928 0.2912776 0.7540702 -0.5886726 0.4621929 0.5446766 -0.6997893 0.657902 0.5775526 -0.4833196 0.4943931 0.7942361 -0.3532203 0.6052332 0.7959151 0.01455461 0.3534572 0.9261686 0.131453 -0.1852563 0.7270163 0.6611562 -0.06603533 0.9910976 0.1156061 0.1907429 0.9502685 0.2461846 -0.3311039 0.71612 0.6144448 -0.342432 0.9389799 0.03251332 -0.4719195 0.6554594 0.5896311 -0.6002275 0.7997789 0.00898689 -0.5948112 0.5448219 0.5910743 -0.8031838 0.5937281 0.0488131 -0.6680753 0.4141513 0.6181862 -0.925392 0.3472842 0.1518006 -0.6904717 0.2891123 0.6630709 -0.9500837 0.1010743 0.2951693 -0.6741548 0.1598972 0.7210744 -0.884522 -0.1211982 0.4504796 -0.6084692 0.0372402 0.7927034 -0.7546213 -0.2517784 0.6059327 -0.4948561 -0.006597518 0.8689499 -0.5130051 -0.3151317 0.7984473 -0.3432046 -0.06155568 0.9372415 -0.2431993 -0.4145869 0.8769105 -0.2203097 -0.07537615 0.9725133 -0.03446114 -0.3605835 0.9320902 -0.08414602 -0.01619142 0.9963219 0.1961484 -0.23483 0.9520402 0.02915573 0.08261531 0.996155 0.3848314 -0.0524137 0.9214975 0.1062059 0.2095515 0.9720126 0.5114669 0.1688979 0.8425409 0.1380299 0.3497316 0.9266259 0.5601203 0.4068343 0.7216309 0.1204536 0.4868562 0.865137 0.5211637 0.6349569 0.5702791 0.05495584 0.6044811 0.7947216 0.3942527 0.8249749 0.4049463 -0.05111718 0.6880403 0.7238699 0.1906879 0.9502648 0.2462419 -0.1852392 0.72705 0.6611239 -0.2131715 0.9448444 0.2486506 0.16194 0.7337336 0.6598564 0.02984094 0.6897055 0.7234749 0.04071688 0.9925345 0.1149671 0.3077799 0.7284275 0.6120989 0.3173632 0.9478826 0.02827119 0.449333 0.6740158 0.5863468 0.5788198 0.8154538 0.001680374 0.5689731 0.5772534 0.5857033 0.788744 0.6134791 0.03906947 0.6516777 0.4500618 0.6105413 0.9190686 0.3705359 0.1342243 0.6875537 0.308492 0.6573452 0.9545896 0.1202942 0.2725585 0.6724975 0.170008 0.7203086 0.8946967 -0.1047528 0.4342173 0.6088135 0.0514416 0.7916438 0.7690689 -0.2318521 0.5956323 0.5010439 0.01242512 0.8653327 0.531695 -0.3020835 0.7912307 0.3521045 -0.04843741 0.9347065 0.2655295 -0.408733 0.8731732 0.2299874 -0.06695181 0.970888 0.05584019 -0.3604196 0.9311174 0.09179753 -0.01298797 0.995693 -0.1780557 -0.2408444 0.9540914 -0.02519869 0.08144891 0.996359 -0.3721326 -0.06337672 0.9260134 -0.1073141 0.2053422 0.972789 -0.5057337 0.1546354 0.8487175 -0.1448512 0.3443053 0.9276164 -0.5622176 0.3913831 0.7285127 -0.1329259 0.4820244 0.8660157 -0.5311877 0.6206682 0.576724 -0.07244694 0.6020371 0.7951747 -0.4113837 0.8140898 0.4099043 0.02988445 0.6896294 0.7235456 -0.2131428 0.94486 0.2486158 -0.4176201 0.5559765 -0.7186679 -0.8557567 0.4842556 -0.1821464 -0.8134431 0.2100403 -0.542396 -0.3885267 0.5403588 -0.7463641 -0.9321779 0.3610182 -0.02665174 -0.4716233 0.3391671 -0.813964 -0.9774953 0.1663421 -0.129743 -0.3614981 0.4008964 -0.8417846 -0.990022 0.1235398 0.06778383 -0.6699687 0.6607251 -0.3385031 -0.9468249 0.04163843 0.3190438 -0.9048961 0.3749873 0.2013648 -0.8113166 0.3264172 0.4849922 -0.5031889 0.8579787 -0.1033129 -0.443276 0.5966608 0.6689562 -0.1214533 0.8666523 0.483904 -0.05397057 0.3784429 0.9240499 0.2884756 0.6903094 0.6635169 0.3414565 0.2824898 0.8964414 0.6382167 0.5704866 0.5169377 0.8039426 0.113727 0.5837316 0.9585933 0.1426441 0.2464784 0.9669497 -0.08374994 0.2408203 0.9856349 0.1595021 -0.0555256 0.9844808 -0.0245518 -0.1737667 0.4214894 0.3677302 -0.8289277 0.6064611 0.3050214 -0.7342799 -0.02730828 0.3804755 -0.9243878 0.4494473 0.5788401 -0.6803979 -0.07208722 0.6820392 -0.7277541 0.4648166 0.5917147 -0.6586497 -0.09437775 0.6704666 -0.7359127 -0.1095741 0.1886862 -0.9759052 -0.4176142 0.5559558 -0.7186874 -0.4565477 0.03609794 -0.8889663 -0.8134348 0.2099891 -0.5424283 -0.5499363 0.2877122 -0.7840866 -0.6847021 0.3635228 -0.6316916 0.5360634 0.4756173 0.6974413 0.1507214 0.9852898 0.08054357 0.1088632 0.9754988 0.1911831 0.5630135 0.4980407 0.6595236 0.1354595 0.9856762 0.1004652 0.8073024 0.2023543 0.5543605 0.5516489 0.7409566 -0.3829712 0.8798907 -0.3570425 0.3135493 0.4987334 0.8667237 0.007433652 0.235216 0.3819084 0.893767 -0.2620541 0.8868234 0.3806205 -0.8783629 0.1338945 0.4588583 -0.5615449 0.7898409 -0.2466149 -0.9112854 -0.04311013 0.4095126 0.1353652 0.9856826 0.1005287 0.1012218 0.2810379 0.9543437 0.07297283 0.9710361 0.2275169 0.4468799 0.8648648 0.2287079 -0.2604104 0.8414664 -0.473414 -0.3060091 0.8057401 -0.5070913 -0.541804 0.7778636 -0.3183972 -0.7710565 -0.2860546 -0.5688979 -0.2495444 -0.8696932 0.4258654 -0.9817795 0.05259376 -0.182601 -0.6937282 0.3906844 0.6050677 -0.3060223 0.8057705 -0.5070349 -0.08394902 0.937598 0.3374354 0.3874418 0.9134591 0.1244251 0.486368 0.07847702 0.8702228 0.4469068 0.8648501 0.2287113 0.4089206 -0.4393243 0.7998613 0.10123 0.2810028 0.9543532 -0.3376274 0.9317809 0.133387 -0.6597579 0.3397085 0.6703116 -0.5859895 0.4334912 0.6846179 -0.3230723 0.9338035 0.1537383 -0.8410981 0.01030796 0.5407845 -0.675917 0.6456037 -0.3554323 -0.8010596 -0.5364385 0.2655889 -0.6550999 0.7543166 0.04301756 -0.3201444 0.2732971 0.9070922 0.08077263 0.8946271 0.4394524 0.8280502 0.2687661 0.4920344 0.4047572 0.8959047 -0.1831026 0.8950862 0.1046678 0.4334345 -0.3229768 0.9338256 0.153805 -0.1704604 0.1959097 0.9656929 -0.2612656 0.9232998 0.2815277 -0.6079856 0.7483069 0.2653118 0.103486 0.9037176 -0.4154338 0.1557027 0.8794667 -0.4497724 0.3889662 0.8849602 -0.256029 0.82179 -0.0982961 -0.5612478 0.4032434 -0.8317155 0.3816335 0.956821 0.2491607 -0.1497084 0.5951305 0.4761945 0.6473474 0.1557007 0.8794919 -0.4497236 -0.1029235 0.9133388 0.3939784 -0.5570079 0.8137746 0.1658714 -0.5082767 -0.07017463 0.8583301 -0.6079917 0.7483107 0.2652871 -0.3319919 -0.558466 0.7601956 -0.170524 0.1960145 0.9656604 0.5519303 0.717342 -0.4251981 0.1683323 0.8663254 -0.4702603 0.1952475 0.8554874 -0.4796036 0.6613983 -0.1661013 -0.7314115 0.9220089 0.1296819 -0.3648044 0.3798441 -0.8874176 0.2611677 0.7664189 0.368222 0.5263219 -0.264378 0.07045304 0.9618423 0.06879627 0.8991053 0.4322926 -0.3367719 0.882844 0.32737 0.1683056 0.8663558 -0.4702137 0.3889892 0.8849507 -0.2560266 0.1952371 0.8554855 -0.4796115 0.4115455 0.8487502 -0.3320443 0.5519314 0.7173124 -0.4252468 0.5387847 0.6873306 -0.4871219 0.2321072 0.772866 -0.5905966 0.6080894 0.4572919 -0.648931 0.1802268 0.8340544 -0.5214132 0.3625576 -0.2208902 -0.9054057 0.8171471 0.01744794 -0.5761652 0.2800213 -0.9494982 0.1415672 0.9436623 0.1881647 0.2722051 0.07173174 0.03364014 0.9968566 0.3870096 0.8233585 0.4150955 -0.05100417 0.8973963 0.4382675 0.1802268 0.8340861 -0.5213625 0.55186 0.7173698 -0.4252425 0.2321041 0.7729063 -0.5905451 -0.6648127 0.572651 -0.4796822 -0.3193317 0.7523971 -0.5761302 -0.3565637 0.6784912 -0.6422711 -0.1331989 0.9146544 0.3816612 -0.5483438 0.7570748 0.3551856 -0.1066859 0.07747501 0.9912698 -0.9699499 0.02000975 0.2424806 -0.09908044 -0.9755887 0.1959839 -0.7879749 -0.1726682 -0.5910004 -0.2868158 -0.3385421 -0.8961731 -0.3193319 0.7523716 -0.5761634 -0.6640024 0.2940195 -0.687498 -0.3565655 0.678462 -0.642301 -0.6444532 0.5421 -0.5392659 -0.6648902 0.5725767 -0.4796634 -0.5548198 0.7336302 -0.3923798 -0.3393744 0.7729389 -0.5360882 -0.5418184 0.777856 -0.3183912 -0.3152891 0.7892859 -0.5268971 0.1533582 0.9484991 0.2771835 -0.2509194 0.8930836 0.3734182 0.2172563 0.1757071 0.9601702 -0.8377776 0.2451097 0.4879035 -0.212517 -0.9268018 0.309637 -0.9185096 -0.07041645 -0.3890781 -0.5956636 -0.3319033 -0.7314541 -0.3152979 0.7892561 -0.5269364 -0.6648893 0.572614 -0.4796201 -0.3393994 0.7729319 -0.5360824 0.2943654 -0.829658 0.4743593 -2.80589e-5 -0.8182017 0.5749313 0.2069277 -0.6187763 0.7578238 -2.76268e-5 -0.8295011 0.5585053 -0.2944532 -0.8297524 0.4741395 -0.3332803 -0.7238466 0.6041278 -0.4050154 -0.8566588 0.3195284 -0.5629195 -0.7445619 0.3588165 -0.7639383 -0.5720513 0.2985897 -0.7288414 -0.6761987 0.1074501 -0.9469324 -0.2845807 0.1494418 -0.9021851 -0.4195877 -0.1000421 -0.9924343 -0.06147074 -0.1062811 -0.7772916 -0.3632013 -0.5137146 -0.7810574 -0.05801981 -0.6217581 -0.4194928 -0.3851069 -0.8220211 -0.3538315 0.00189054 -0.9353074 -4.91738e-7 -0.3605493 -0.9327402 -3.24044e-5 -0.04300338 -0.9990749 0.3536714 0.002005815 -0.9353677 -3.38316e-4 0.2271038 -0.9738705 0.3830561 0.2726296 -0.8825765 0.3219562 0.4532821 -0.8311916 0.670929 0.4441142 -0.5938156 0.6148494 0.6229732 -0.4835956 0.868272 0.4743455 -0.145259 0.7808209 0.6089495 -0.1396402 -0.2215567 -0.7267591 -0.6501799 -0.3498285 -0.9366896 0.01525664 -0.83612 -0.537608 -0.1089999 0.2910881 -0.8178797 0.4963271 -0.8608713 -0.4829065 0.1603185 0.2166243 -0.09602707 0.9715209 -0.7049024 -0.6765862 0.2129411 -0.3763218 0.1321246 0.9170197 -0.5504339 -0.7674331 0.3287386 -0.9479556 -0.1455256 0.2832005 -0.8528009 -0.5163529 0.07816928 -0.8361327 -0.5375962 -0.1089617 -0.7500778 -0.660004 0.04216808 -0.3499119 -0.9366583 0.0152654 -0.6661617 -0.6553702 -0.3559755 0.04964751 -0.8983709 -0.4364228 -0.04147225 -0.8144955 -0.5786858 -1.32024e-5 -0.8785098 -0.4777246 -7.56979e-6 -0.8005723 -0.5992363 0.04174178 -0.8145206 -0.5786312 0.5557925 -0.509853 -0.6566162 0.6664051 -0.6555835 -0.3551262 0.9452462 -0.2864359 -0.1564103 0.7662427 -0.6359697 0.09173148 0.8531046 -0.5200718 0.04168868 0.8161491 -0.5030333 -0.2843559 0.9364395 -0.2764785 0.215965 0.2032465 0.7865486 0.5831229 -0.02517735 0.6849251 0.7281784 -0.00966674 0.8213875 0.5702888 0.2753586 0.7031568 0.6555519 0.390483 0.5491031 0.7389241 0.4069496 0.6379498 0.6537676 0.4307991 0.5384446 0.7242165 0.3273364 0.562378 0.75933 0.4076209 0.4209296 0.8103479 0.2492058 0.4732623 0.8449375 0.248798 0.5488107 0.7980642 0.5675097 0.4326967 0.7005043 0.1897755 0.6342278 0.7494934 0.7378468 0.6192377 0.2685643 0.1328895 0.7060741 0.6955572 0.3116243 0.8401815 0.4438304 -0.05672836 0.8934826 0.4455005 0.3366527 0.4179422 0.8437947 -0.1264128 0.8119316 0.5699008 -0.09130632 0.7086305 0.699647 0.2635257 0.7386913 0.6203944 0.5821487 0.7125787 0.3915795 0.5565288 0.7619976 0.3311125 0.6134724 0.7295876 0.302248 0.7051837 0.672825 0.2236571 0.7268518 0.5662365 0.3886681 0.3186342 -0.3416282 -0.8841733 0.3689212 0.4437886 -0.8166694 -0.1904714 -0.7230602 -0.6640065 0.2321003 -0.8723715 -0.4302296 0.767254 0.2388983 -0.5951882 0.2761244 -0.8370745 -0.4722941 0.7564108 0.653373 -0.03076708 0.1710985 -0.8717519 -0.4591015 0.5439042 0.8009112 0.2504191 0.3063405 -0.9155048 -0.2607806 0.4450036 0.746798 0.4942315 0.4696387 -0.1174873 0.8750064 0.1322138 0.6976303 0.7041531 -0.2142042 -0.9666004 0.140713 -0.3663229 0.6313453 0.6835282 -0.2218319 -0.9372848 -0.2688641 -0.4893623 0.6615968 0.5681676 -0.2504991 -0.942005 -0.2233314 -0.5235224 0.5341046 0.6638198 -0.8669793 0.02044999 0.4979244 -0.5013943 0.431118 0.7501608 -0.9477819 0.3128288 0.06203037 -0.7270538 0.6765397 -0.1169912 -0.4424368 0.6346223 -0.6336437 -0.2185742 0.7533473 -0.6202365 0.5337528 0.3142973 -0.7850639 0.8251994 0.4799005 -0.2978953 0.3319097 0.4637014 -0.8214725 0.9860946 0.1661853 -3.36021e-6 0.5695016 0.5717961 0.5905228 0.8626856 0.04994368 0.5032684 0.6072013 0.6358973 0.4763835 0.09465497 -0.9896084 0.1082387 0.5932227 0.7283647 0.3428872 0.06673496 -0.9958136 0.06246495 0.467783 0.7571212 0.4560116 0.05756676 -0.8869378 0.4582875 -0.01351702 0.9022917 0.4309143 -0.4759478 0.2511795 0.842842 -0.3159318 0.9269627 0.2023051 -0.4510058 -0.891685 0.03862178 -0.4066686 0.9122019 -0.05008608 -0.3119589 -0.9370889 -0.1566725 -0.6421311 0.7147442 -0.2771431 -0.4100781 -0.8930506 -0.1851943 -0.7234063 0.1442658 -0.6751821 -0.372053 -0.9187791 -0.1319906 -0.2990332 0.200891 -0.932857 -0.3757551 -0.5607187 -0.7378365 0.06724834 -0.921694 -0.3820444 -0.3555597 0.4406039 0.8242849 -0.2524979 0.4660564 0.8479602 -0.3273116 0.5395603 0.7757201 -0.2543324 0.5416557 0.8012017 -0.5700408 0.4173052 0.70775 -0.197879 0.628756 0.7520039 -0.7508468 0.5991024 0.2780384 -0.1431696 0.7022429 0.6973934 -0.3285027 0.8315171 0.4479569 0.03831994 0.8947843 0.4448512 -0.3310055 0.4134781 0.8482165 0.1118377 0.8151128 0.5684043 0.08269822 0.6974076 0.7118874 -0.275679 0.731243 0.623927 -0.6029165 0.6928304 0.3955727 -0.5726588 0.7467041 0.3383711 -0.6113935 0.7286879 0.3085645 -0.7201495 0.653551 0.232929 -0.7367835 0.5464593 0.3981612 -0.7048553 0.5402893 0.4596375 -0.7473489 0.4839223 0.4552899 -0.6221772 0.5822055 0.5233856 0.2010662 0.8325499 0.5161716 4.50296e-4 -0.2345762 0.9720976 7.73389e-4 0.3405845 0.9402137 0.3179376 -0.2243143 0.9211943 -0.3166325 -0.224788 0.9215282 -0.3323857 0.3153615 0.8888571 -0.5734245 -0.03076153 0.8186807 -0.544439 0.2779344 0.7914157 -0.7389288 0.218549 0.6373543 -0.4938738 0.4713799 0.7306775 -0.6717783 0.4539548 0.5853538 -0.5318104 0.619745 0.5771429 -0.7256279 0.5305781 0.4381222 -0.6264485 0.6832773 0.3750928 -0.8066415 0.581372 0.106472 -0.7322797 0.6742663 0.09555882 -0.787457 0.6016881 -0.1337272 -0.7710196 0.5933882 -0.2311258 -0.6242041 0.6172676 -0.478905 -0.5040441 0.6205536 -0.6007103 -0.3165586 0.5777814 -0.7523027 -0.3170925 0.6641494 -0.6770216 -0.006575822 0.6534535 -0.7569382 -0.007223904 0.6454041 -0.7638073 0.3878438 0.6960886 -0.6041837 0.6080694 0.4573388 -0.6489168 0.538852 0.6872952 -0.4870974 0.1880859 0.8387576 -0.5109887 0.3683192 0.815731 0.446009 0.7726836 0.6100916 0.1753522 0.5475948 -0.09856998 0.8309176 0.9763563 -0.07084631 -0.2042285 0.05029636 -0.9982644 -0.0306375 0.4748815 -0.09322172 -0.8750985 -0.1465718 -0.170846 -0.9743349 0.1880909 0.8387575 -0.5109871 0.04677706 -0.3160631 -0.9475844 0.3878614 0.6961238 -0.6041318 0.6228367 -0.03078204 -0.7817461 0.5388358 0.6873181 -0.4870831 0.4614106 0.6618204 -0.5908418 0.4116198 0.8486921 -0.3321006 0.2592781 0.877243 -0.4040045 0.1580927 0.9740433 -0.1620075 -0.07078206 0.9925082 -0.09958589 -0.323082 0.9337933 0.1537796 -0.3376611 0.9317677 0.1333941 0.1354688 0.9856706 0.1005083 -0.1156761 0.9802111 -0.1606402 0.1507692 0.9852823 0.08054512 -0.3349213 0.9147519 -0.2259572 -0.4086148 0.7864391 -0.4631929 -0.5548738 0.7335621 -0.3924305 -0.5605435 0.5258318 -0.6397593 -0.6444786 0.5420865 -0.5392492 -0.5819686 -0.1948003 -0.7895351 -0.494468 0.5726945 -0.653852 0.04241406 -0.3738611 -0.9265144 -0.3282547 0.7560847 -0.5662022 0.2055134 -0.1963887 -0.9587469 -0.4221743 -0.2330747 -0.8760395 0.14079 -0.9895403 0.03143668 -0.9386502 -0.2678727 -0.2172097 -0.5436587 -0.1526661 0.825305 -0.8792279 0.4604227 0.1223493 -0.5294647 0.7549795 0.3868761 -0.3282657 0.7560766 -0.5662067 -0.6639879 0.2940693 -0.6874906 -0.4944549 0.5726839 -0.6538711 -0.6445092 0.5420527 -0.5392464 0.9196574 0.3643218 0.1466292 0.8020102 0.5888082 0.1004215 0.8682647 0.4743668 -0.145233 0.7242825 0.5361409 0.4335528 0.6229122 0.6890414 0.3704082 0.5306802 0.6237589 0.5738496 0.4126797 0.7583058 0.5046464 0.2778949 0.6761238 0.6823716 0.2339757 0.778499 0.5824043 -8.55228e-4 0.7453222 0.666704 -0.001923501 0.7962842 0.6049196 -0.2366012 0.7764555 0.5840691 -0.2905183 0.7353501 0.6122577 -0.4157819 0.7545325 0.5077463 -0.5124979 0.6396806 0.5728479 -0.5632935 0.7435606 0.3603029 -0.7710156 0.3714819 0.517239 -0.6652548 0.6784101 0.3117624 -0.8302755 0.5075408 0.2303153 -0.6942343 0.7182971 0.04569482 -0.6265601 0.7792013 0.01636826 -0.9549139 -0.2379976 -0.1774736 -0.9982248 0.01557773 -0.05748736 -0.8794257 -0.171854 0.4439332 -0.7786967 0.04037129 -0.6261005 -0.7267938 0.3451445 -0.5938401 -0.5050584 0.2339274 -0.8307792 -0.4393824 0.4584489 -0.7725075 -0.01024591 0.4444447 -0.8957477 -0.03782349 0.2235926 -0.9739485 0.4204925 0.464026 -0.7796577 0.5138092 0.3865531 -0.7658832 0.7127343 0.360033 -0.6019852 0.5856277 0.5111773 -0.6290771 0.7163254 0.6132373 -0.3328935 0.6827474 0.6389178 -0.3544576 0.6850313 0.6920834 -0.2274922 0.6593049 0.6605759 -0.3591052 0.7247384 0.5223138 -0.4493802 -0.003407776 0.1654515 -0.9862121 0.420924 -0.3969413 -0.8156352 0.8020167 0.5888005 0.1004156 0.727719 0.6796694 0.09205782 0.7808067 0.6089666 -0.139645 0.6228633 0.689082 0.3704152 0.5542374 0.7519266 0.3569699 0.4126775 0.7583475 0.5045853 0.507455 0.6652607 0.5476474 0.2874527 0.7387799 0.6095697 0.2249436 0.6346079 0.7393735 1.15057e-4 0.5871227 0.809498 -0.004132568 0.8326198 0.5538296 -0.225965 0.6317468 0.7415092 -0.1850824 0.8715819 0.4539709 -0.4185775 0.7063198 0.5708813 -0.2787227 0.8927643 0.3539574 -0.5621542 0.6799625 0.4707798 -0.3864128 0.8741421 0.2942122 -0.830282 0.5075435 0.2302855 -0.6265177 0.7792341 0.01643025 -0.1358124 0.955371 0.262338 -0.2786935 0.892789 0.353918 -0.2276954 0.9389901 0.2577843 -0.1237798 0.9598246 0.2518242 -0.1851269 0.8715794 0.4539574 -0.007812082 0.9470313 0.3210463 -0.00413835 0.8326065 0.5538496 0.1752616 0.8744629 0.4523254 0.224941 0.6346005 0.7393806 0.4168815 0.7135178 0.5631184 0.5074702 0.665207 0.5476984 0.5759073 0.6794829 0.4545699 0.7174059 0.4532578 0.5290427 0.8089035 0.515644 0.282465 0.6528204 0.6763843 0.3410718 0.7181315 0.6952108 0.03113037 0.6215531 0.7419416 0.2513853 0.213042 0.9524915 0.2176536 0.6454122 0.7067505 0.289736 -0.2422726 -0.26134 0.9343476 0.00879985 -0.4031537 0.9150899 0.3303092 0.3848252 0.8618617 0.3366491 0.4179654 0.8437846 0.3443896 -0.4007632 0.8489905 0.5877106 -0.3264816 0.7402743 0.3231118 0.4447705 0.835331 0.8174692 -0.03343212 0.5750012 0.3361712 0.4354609 0.8350826 0.8259722 0.2682895 0.4957729 0.2718029 0.7070791 0.6528111 0.4702264 0.8735848 0.1254471 -0.01132768 0.9641377 0.265161 -0.01399469 0.9967013 -0.07994145 -0.4919847 0.8605933 0.1316449 -0.5481291 0.8314438 -0.09086221 -0.7506068 0.6607238 0.00578767 -0.8161342 0.5629318 -0.1305096 0.6709449 0.4440851 -0.5938194 0.9627584 0.2164534 -0.1620002 0.8682418 0.4744092 -0.1452312 0.691913 0.1972957 -0.6945004 0.7797003 -0.05554491 -0.6236844 0.3536681 0.002008438 -0.9353689 0.4197242 -0.3851999 -0.8218594 -8.06153e-6 -0.3605356 -0.9327455 -7.15628e-6 -0.8123533 -0.5831656 -0.4195096 -0.3850961 -0.8220176 -0.2393048 -0.7173545 -0.6543208 -0.7772683 -0.3632204 -0.5137364 -0.5886051 -0.6455736 -0.4865994 -0.9022177 -0.4195104 -0.1000717 -0.8398 -0.51688 -0.1660454 -0.7288363 -0.6762085 0.1074236 -0.8861557 -0.4276123 0.178538 -0.5629129 -0.7446004 0.3587471 0.7209684 -0.3141459 -0.6176706 0.7708798 0.05515724 -0.6345881 0.4666252 -0.0358439 -0.8837286 0.957271 -0.2198791 -0.1878443 0.9970641 0.03451985 -0.06834912 0.8868948 -0.155092 0.4351599 0.8481596 -0.1208783 0.5157652 0.5978388 -0.4890314 0.635167 0.6519994 -0.1166499 0.7491927 0.3232064 -0.6146112 0.7195768 0.3939161 -0.2378471 0.8878394 0.004990577 -0.1862149 0.9824964 0.2949655 0.5942692 0.7482243 -0.003678798 0.607908 0.793999 -0.005186736 0.6677761 0.7443441 -0.2530025 0.6613128 0.7061553 -0.3083379 0.6521884 0.6925159 -0.3309851 0.413563 0.8481831 0.451632 0.3268878 0.8301644 0.3959968 -0.00132358 0.9182509 0.08270138 0.697364 0.7119298 -0.4421802 0.5041517 0.7418274 -0.6028796 0.6928688 0.3955617 -0.4660782 0.4934011 0.7343886 -0.5212825 0.5517822 0.651 -0.6730822 0.4237651 0.6061217 -0.5868712 0.5173929 0.6228055 0.3959591 -0.001325368 0.9182673 0.2692614 -0.2212578 0.9373064 -0.3310344 0.413497 0.848196 0.04203087 -0.3785742 0.9246162 -0.3163686 -0.3967539 0.861683 -0.3984827 0.437948 0.8058616 0.7486057 0.08829057 -0.6571106 0.7688685 0.5956466 -0.2324792 0.9558597 0.1511924 -0.251939 0.5047309 0.6168667 -0.6039224 0.6148363 0.6229783 -0.4836057 0.3070763 0.580365 -0.7542418 0.3219692 0.4533069 -0.8311731 -0.003163099 0.4416982 -0.8971581 -2.73727e-4 0.2270609 -0.9738806 -0.3280199 0.4514461 -0.829819 -0.3846961 0.2719898 -0.8820604 -0.6776798 0.4391443 -0.5898325 -0.6946991 0.1944825 -0.6925099 -0.964989 0.210248 -0.1568193 -0.7810199 -0.05800551 -0.6218065 -0.9924315 -0.0614407 -0.1063242 -0.1136982 -0.9905623 0.076545 -0.423217 -0.6459278 -0.6353462 -0.0525816 -0.9980346 0.0340898 -0.1749134 -0.8347459 -0.5221156 -0.446057 0.4259283 -0.7871585 -0.168479 0.3622 -0.9167476 -0.1077672 0.9628179 -0.2477253 -7.73005e-4 0.9405306 -0.3397081 0.1845895 0.9209031 0.3433138 -0.05293011 0.9792295 0.1957249 0.3904415 0.1588962 0.9068117 -0.3023537 0.1295642 0.9443492 0.1796491 -0.8455404 0.50278 -0.2137427 -0.8323596 0.5113627 -0.05258005 -0.9980322 0.03416186 -0.1136639 -0.9905589 0.07664024 -0.05256134 -0.9980334 0.03415912 -0.4873228 -0.8730362 -0.01801687 -0.07214903 -0.8569066 0.5103974 -0.4231637 -0.6459339 -0.6353753 -0.799776 -0.121711 -0.5878308 -0.4460698 0.4259428 -0.7871433 -0.5386736 0.6993771 -0.4697899 -0.1077246 0.9628222 -0.2477272 -0.1329388 0.989334 0.0595439 0.1845678 0.9209066 0.343316 0.1425473 0.6491832 0.7471556 0.3903697 0.1588923 0.9068434 0.1207205 -0.4215557 0.8987311 0.1796584 -0.8455565 0.5027498 -0.07210963 -0.8569095 0.5103982 -0.05253773 -0.9980343 0.03416663 -0.8558076 0.4842053 -0.1820403 -0.7972642 0.559798 0.2258229 -0.8426238 0.5112864 -0.169031 -0.9328094 0.359411 -0.02627462 -0.7958108 0.5015961 0.3392446 -0.8905721 0.01530867 0.4545846 -0.6458417 0.3772623 0.6637483 -0.687811 -0.2129746 0.6939437 -0.4117318 0.2669138 0.8713403 -0.4058068 -0.2466167 0.8800575 0.02038902 -0.1793111 0.9835812 0.002619922 -0.05800867 0.9983127 0.4468917 -0.1600607 0.8801525 0.3414188 0.2825862 0.8964253 0.8039371 0.1137748 0.58373 0.1055835 0.91048 -0.3998481 -0.2722495 0.7778146 0.5664669 0.09398138 0.9390063 -0.3308092 -0.2288568 0.778123 0.5849353 -0.4245482 0.6100025 0.6690709 -0.3115258 0.6752513 0.6685712 -0.4064371 0.5415266 0.7359062 -0.02513265 0.6849279 0.7281773 -0.02934801 0.4712387 0.8815174 0.3904095 0.5491122 0.7389563 0.3075979 0.6551898 0.6900072 0.4308296 0.538407 0.7242264 0.3175988 0.6535 0.6870726 0.3026211 0.6657249 0.6820783 0.2580085 0.7462269 0.6136588 0.8259735 0.2682414 0.4957967 0.7735483 0.5546875 0.3065048 0.4702516 0.8735634 0.1255007 0.3366286 0.4179646 0.8437932 0.5786017 0.7734985 0.2586896 0.3115937 0.8401951 0.4438261 0.7324867 0.6807712 -0.003708481 0.7378392 0.6192356 0.2685901 0.7989 0.584721 -0.1409259 0.9969269 -0.05255621 0.05809366 0.8799229 0.4551847 0.1361711 0.9137704 -0.04248636 0.4040035 0.6163502 0.5396965 0.573446 0.5300149 0.06852173 0.8452153 0.04152029 0.6385549 0.7684554 0.4465318 -0.3644928 0.8171625 0.5171106 -0.8393414 0.1676389 0.9364356 -0.2764772 0.2159832 0.6528949 -0.7560025 0.04678058 0.7059322 -0.597588 0.3801953 0.6643344 -0.6928156 0.2804754 0.428976 -0.6923698 0.5801756 0.2747187 -0.9184223 0.2846581 -1.43368e-5 -0.8404337 0.5419147 -2.89455e-6 -0.9789859 0.2039283 -0.2748745 -0.9183676 0.2846842 1.04904e-5 -0.9753412 -0.2207027 -0.3450165 -0.9270943 0.146491 -0.3498446 -0.9366835 0.01526325 -0.8608661 -0.482923 0.1602962 0.4315658 -0.6980113 -0.5714291 0.232671 -0.8715451 -0.431594 0.05536788 -0.9830524 0.1747637 0.5017932 0.3511388 -0.7905095 0.3278075 0.2872664 -0.9000114 0.1578754 0.938541 -0.3069468 0.09875965 0.9063622 -0.4107969 -0.168272 0.9465316 0.2752501 0.0666545 0.986824 0.1474295 -0.4289996 0.2325256 0.8728639 0.1105368 0.2847193 0.9522166 -0.2383355 -0.7996572 0.5511304 0.09607785 -0.6289904 0.7714533 0.01335406 -0.99463 0.1026289 0.05535906 -0.983063 0.1747075 0.5463706 -0.8374869 -0.009740829 0.4315164 -0.6980167 -0.5714599 0.01338571 -0.9946342 0.1025854 0.816284 -0.06212019 -0.5743011 0.5017489 0.3511887 -0.7905155 0.496133 0.7350466 -0.462124 0.1578446 0.9385494 -0.3069368 0.05672752 0.9966417 0.05905479 -0.1682131 0.9465327 0.2752822 -0.2154864 0.6369562 0.7401705 -0.4290043 0.2325305 0.8728601 -0.1227076 -0.4263646 0.8961898 -0.2383494 -0.799637 0.5511535 0.1139613 -0.8501698 0.5140275 0.01333904 -0.9946286 0.1026456 0.9779042 0.157118 0.1379032 0.9196652 0.3643134 0.1466007 0.9627643 0.2164382 -0.1619859 0.8881729 0.2381428 0.3929846 0.7242724 0.536178 0.4335236 0.6720364 0.4582713 0.5816826 0.5306958 0.6237657 0.5738279 0.4947916 0.474561 0.7279925 0.2778798 0.6761185 0.6823831 0.2783604 0.5302726 0.8008288 -6.54254e-7 0.6419118 0.7667786 4.7303e-4 0.5256531 0.850699 -0.2775886 0.5288707 0.8020227 -0.3323682 0.3153611 0.8888638 -0.5444574 0.277894 0.7914172 -0.005182266 -0.05320507 -0.9985702 -0.006766319 0.09719139 -0.9952428 -0.4756217 -0.04481816 -0.8785075 0.4666676 -0.03584951 -0.8837059 0.4909352 0.2392066 -0.8377129 0.7708964 0.05515068 -0.6345685 0.7127174 0.3600509 -0.6019945 0.9970632 0.03457975 -0.06833171 0.9249074 0.3673604 -0.09794294 0.8378447 0.2781549 0.4697299 0.694207 0.5868294 0.4167829 0.4757149 0.5614944 0.6770668 0.3861451 0.6419081 0.6624546 -0.2525186 0.4660505 0.8479571 -0.3613056 0.3128844 0.8783859 -0.3574668 0.2580368 0.8975715 -0.3707411 0.5046123 0.7796907 -0.2537553 0.3726682 0.8925955 -0.6030627 -0.7010039 0.3806692 0.01490694 -0.934456 0.3557665 -0.2436366 -0.9560783 0.1629585 0.01495325 -0.9432862 0.3316441 -0.4674419 -0.5198968 0.7149863 0.01284402 -0.5528985 0.8331497 0.007902026 -0.1091719 0.9939915 0.4905321 -0.5069931 0.7087569 -0.3848097 0.4046452 0.8295685 -0.2932955 0.7034636 0.6473923 -0.8226864 0.273234 0.4985281 -0.06915217 0.5899765 0.8044537 -0.004664957 0.6910221 0.7228187 -0.003001153 0.6039643 0.7970057 0.05539256 0.5944856 0.8021961 -0.009447872 0.7467942 0.6649882 0.1370866 0.7352297 0.6638106 0.1558439 0.8047665 0.5727683 0.3458701 0.8056036 0.4810163 0.4599269 0.2755892 0.8441078 0.6394466 0.562569 0.524046 0.2130099 0.9525018 0.2176401 0.3470723 0.5928289 0.7267013 0.6454187 0.7067387 0.2897505 0.1124548 0.9772217 0.1799772 0.06664192 0.9868405 0.1473258 0.04512846 0.9772209 -0.2073714 0.09866899 0.9063872 -0.4107636 0.2049385 0.6732459 -0.7104507 0.3277515 0.2872902 -0.9000241 0.3339512 -0.5336083 -0.7770063 0.232646 -0.8715832 -0.4315307 0.2261059 -0.9695385 -0.09418785 0.0553686 -0.9830594 0.1747247 -0.2136778 -0.954362 -0.2086507 -0.1749165 -0.8347289 -0.5221416 -0.1136701 -0.9905595 0.07662278 -0.2483803 -0.4729775 -0.8453399 -0.1684255 0.3622142 -0.9167518 -0.1032763 0.7347288 -0.6704533 -7.94589e-4 0.9405308 -0.3397073 0.002675235 0.9880768 -0.1539396 -0.05372035 0.9791834 0.1957396 -0.1099637 0.9750728 0.1927204 -0.401367 0.6217199 0.6725839 -0.2461577 0.9461279 0.2103535 -0.6597451 0.6957554 0.2840086 -0.7710355 0.5933957 -0.2310543 -0.7270454 0.0943827 -0.6800714 -0.9446369 0.1624779 -0.285065 -0.5040271 0.6205294 -0.6007494 -0.2980927 0.7916273 -0.5333546 -0.3239444 0.7631688 -0.5591365 -0.1371842 0.9847525 -0.1069718 -0.309808 0.9066129 -0.2864823 -0.6942372 0.7182953 0.04567921 -0.6723999 0.5693033 -0.4730455 -0.6265588 0.7792011 0.01643002 -0.5175398 0.7807387 -0.3501424 -0.3814632 0.9147593 0.1330464 0.1730004 -0.8955277 -0.4100012 0.3179155 -0.9277149 -0.1956395 0.9990043 0.007415771 0.04399538 0.2247323 -0.7670516 -0.6009386 0.1059408 -0.9783839 -0.1775994 0.004547059 -0.6857798 -0.727795 0.01451277 -0.9820925 0.1878398 -0.08175534 -0.9809141 -0.1764194 -0.1723106 -0.5222165 0.835224 -0.2952179 -0.9360132 -0.1916397 -0.9984573 -0.01823699 0.05244529 -0.1537201 -0.8999012 -0.4081032 -0.1156616 0.9802141 -0.1606324 -0.2158257 0.9053002 -0.3658565 0.1506904 0.9853008 0.08046525 -0.4085426 0.7864588 -0.463223 -0.4623938 0.6056573 -0.6475888 -0.5605416 0.525851 -0.6397452 -0.6290366 -0.2440553 -0.7380719 -0.5819632 -0.1948181 -0.7895346 -0.2338293 -0.97215 -0.01575517 0.04242825 -0.3738961 -0.9264996 0.1056815 -0.9829836 0.1502485 0.1407612 -0.9895465 0.03137242 -0.1431594 0.702256 0.6973822 -0.2756401 0.7312918 0.623887 0.1118305 0.8151318 0.5683786 -0.2842392 0.6587674 0.6965872 -0.5726123 0.7467231 0.3384076 -0.4463327 0.5347653 0.7175048 -0.6377834 0.7023649 0.3160951 -0.6280516 0.6632292 0.4070358 -0.6905555 0.7038909 0.1663452 -0.6808119 0.7295016 0.06574684 -0.8741306 0.4716309 -0.1160173 -0.0273233 0.3804541 -0.924396 -0.3614938 0.4008944 -0.8417875 -0.4716867 0.3391793 -0.8139221 -0.03123974 0.4322039 -0.9012346 -0.08631956 0.7820743 -0.617178 0.4214957 0.367702 -0.8289372 0.49777 0.7613387 -0.4154379 0.9856253 0.1595679 -0.05550628 0.8137106 0.5715126 0.1060595 0.9585918 0.1426663 0.2464717 0.6382461 0.5704581 0.5169327 -0.7919152 0.5654214 -0.2305843 -0.8425959 0.5113177 -0.1690752 -0.01413232 0.1555445 -0.9877278 -0.711605 0.6688565 -0.2150567 -0.8568145 0.4808272 -0.1862097 -0.7449772 0.5711194 -0.3447197 -0.6847198 0.3634788 -0.6316978 -0.7268133 0.3451681 -0.5938025 -0.5499352 0.2876657 -0.7841045 -0.4393838 0.4584559 -0.7725026 -0.03778958 0.2236446 -0.9739379 -0.0733152 0.8926784 0.4446911 0.6834223 0.7283201 -0.04984021 -0.4190118 0.8195617 -0.3908295 0.6550756 0.7189285 0.2324175 0.6487634 0.7342104 0.200103 0.5821117 0.7125875 0.3916187 0.6047186 0.7156237 0.3495685 0.5414386 0.5502675 0.6356493 0.5589177 0.669377 0.4894337 0.5289105 0.5287923 0.6638016 0.462006 0.7226183 0.5141725 0.8161197 -0.5031011 -0.2843201 0.9985281 0.01474201 -0.05219638 0.9364312 -0.2764639 0.2160195 0.9545587 -0.008926749 -0.2978892 0.9925554 -0.1174194 -0.03234922 0.5173168 0.03985548 -0.8548656 0.5906838 -0.3311062 -0.7358407 -0.4781009 -0.01694071 -0.8781415 -0.6540839 -0.5916149 -0.471345 -0.9155445 -0.299418 0.2685649 -0.350844 -0.9304476 -0.1057165 0.4937093 -0.84478 -0.206393 0.6955903 -0.1902763 -0.6927837 0.2759094 -0.9518609 -0.1335468 0.6775147 -0.07333791 -0.7318438 0.4844967 0.6753891 -0.5559789 0.350003 0.7218815 -0.5969799 0.2007062 0.9468374 -0.2514279 0.04554975 0.9510499 -0.3056624 -0.1852045 0.9646887 0.1872839 -0.3376076 0.9317991 0.1333102 -0.5859881 0.4334809 0.6846258 0.04555338 0.9510407 -0.3056904 0.2591912 0.8772517 -0.4040417 -0.07078379 0.9925031 -0.09963673 0.3489157 0.7216603 -0.5978832 0.4613813 0.6618316 -0.5908523 0.6774976 -0.07336086 -0.7318574 0.6228259 -0.03083759 -0.7817526 0.415466 -0.9072502 -0.06546288 0.04676848 -0.3160306 -0.9475957 0.08132874 -0.9926792 0.08929443 0.05030947 -0.9982623 -0.0306831 0.3798858 -0.8873941 0.2611873 0.05011433 -0.7411232 0.6694961 -0.2643502 0.07048523 0.9618477 0.08493888 -0.8026342 0.5903929 0.3453408 -0.67545 0.6515421 0.3471313 -0.788323 0.5079832 0.1175709 -0.7891924 0.6027871 0.415461 -0.9072554 -0.06542122 0.07631719 -0.931577 0.3554433 0.4937161 -0.8447713 -0.2064117 0.2760059 -0.9518224 -0.1336217 0.9494167 -0.2041725 0.2385822 0.5669205 -0.7890157 -0.2367605 0.2306289 -0.949703 0.2118361 0.3790947 -0.3205939 -0.8680477 -0.6418479 -0.4769286 -0.6004752 -0.5864423 -0.221135 -0.7792207 -0.9900903 -0.1115924 0.08525413 -0.9742507 -0.07278615 -0.2133958 -0.9995811 -0.001869738 0.02888178 -0.8361464 -0.5375723 -0.1089743 -0.9479697 -0.145456 0.2831891 -4.9971e-5 -0.829563 0.5584132 -3.11062e-6 -0.6405876 0.767885 -0.3333023 -0.723875 0.6040816 0.3330723 -0.7237931 0.6043066 0.428966 -0.6924378 0.5801018 0.5628437 -0.7443717 0.3593296 0.705895 -0.5976648 0.3801435 0.8856441 -0.4283691 0.1792607 0.9452847 -0.2158883 0.2446003 0.9452679 -0.2863848 -0.1563723 0.8530961 -0.5200863 0.04168373 -0.6202563 0.7402402 0.259474 -0.7322849 0.6742705 0.09548908 -0.8618608 0.4992333 0.08923089 -0.5631948 0.7435999 0.3603761 -0.6263722 0.683335 0.3751151 -0.4157968 0.7545052 0.5077746 -0.5317757 0.6197739 0.5771439 -0.2786692 0.6741269 0.6840296 -0.4939118 0.4713416 0.7306766 -0.2775254 0.5288396 0.8020651 -0.5444662 0.2778711 0.7914191 -0.8608776 -0.4829065 0.1602845 -0.6553031 -0.6773667 0.3342935 -0.3450026 -0.9271078 0.1464393 -0.7048949 -0.6765872 0.2129625 -0.7063996 -0.6000622 0.3753999 -0.5505033 -0.7673815 0.328743 -0.9366216 -0.2525324 0.2428321 -0.8527978 -0.5163606 0.07815366 -0.9451519 -0.2860068 -0.1577595 -0.7500507 -0.6600338 0.04218441 -0.6661482 -0.6553958 -0.3559536 0.1801187 -0.931027 0.3174052 0.4252513 -0.4770301 0.7691577 0.5508032 -0.4513143 0.7020907 0.09102272 -0.9066362 0.4119778 0.01613163 -0.7605906 0.6490314 -0.2338296 -0.9721505 -0.01572513 -0.2064939 -0.8090874 0.5502163 0.1056875 -0.982983 0.150249 0.03813713 -0.8237816 0.565623 0.1407759 -0.9895414 0.03146421 -0.5436331 -0.1526259 0.8253293 -0.721643 -0.3277996 -0.6097366 -0.7786945 0.04040515 -0.6261009 -0.9549233 -0.2379927 -0.1774285 -0.4756331 -0.044815 -0.8785015 -0.5050347 0.2339739 -0.8307806 -0.006751298 0.09718286 -0.9952437 -0.01025104 0.4444225 -0.8957588 0.4909211 0.2391476 -0.8377379 0.4205442 0.4639396 -0.7796811 0.7127857 0.359985 -0.601953 0.6064561 0.3050526 -0.7342711 0.8604964 0.452136 -0.2347745 0.9844865 -0.02452737 -0.1737378 0.4494417 0.5788645 -0.6803809 0.6879912 0.6035802 -0.4029381 0.4648779 0.5916696 -0.658647 0.6455316 0.4934791 -0.5828956 0.5114314 0.1453645 -0.8469399 0.5138674 0.386478 -0.7658819 -0.03779089 0.2236954 -0.9739262 0.9024941 -0.4191335 -0.09915405 0.947876 -0.2820526 0.1482477 0.9923434 -0.05684405 -0.1096516 0.728971 -0.6759465 0.1081556 0.7638953 -0.5717 0.2993714 0.5628942 -0.7443319 0.3593329 0.4050881 -0.8564696 0.3199433 0.3331048 -0.7237539 0.6043356 0.2943769 -0.8296855 0.4743041 -7.59438e-5 -0.8295086 0.5584942 0.2339741 0.7785108 0.5823891 0.2873628 0.738789 0.6096011 0.412725 0.7582952 0.5046253 -0.001928448 0.7962402 0.6049777 1.34826e-4 0.5871694 0.8094641 -0.2904858 0.7353766 0.6122413 -0.2259231 0.6317902 0.7414849 -0.5125434 0.639652 0.5728391 -0.4185612 0.7063332 0.5708766 -0.5621517 0.6799982 0.4707314 -0.9781349 0.1508654 0.1431496 -0.9924343 -0.0614748 -0.1062786 -0.9650062 0.2102305 -0.1567358 -0.9791898 -0.003045082 0.2029242 -0.9469296 -0.2845607 0.1494979 -0.8621852 -0.3599541 0.3564687 -0.763937 -0.5720328 0.2986285 -0.654359 -0.5205474 0.5484932 -0.4050512 -0.8566183 0.3195914 -0.294449 -0.8297697 0.4741119 0.5507651 -0.4513738 0.7020823 0.5629733 0.4980926 0.6595187 0.5360702 0.4755948 0.6974514 0.4252636 -0.4770208 0.7691568 0.80727 0.2022857 0.5544328 0.2217917 -0.5772414 0.7858759 0.8799058 -0.3570297 0.3135213 -0.2249493 -0.6907128 0.6872507 0.2351652 0.3818814 0.8937919 -0.8783607 0.1338694 0.4588698 -0.8061204 -0.02727538 0.5911228 -0.384758 0.4046427 0.8295936 -0.8226808 0.2731796 0.4985672 -0.3451769 0.384044 0.8563663 -0.1580145 0.7241877 0.6712553 -0.2506991 0.7415482 0.6222993 -0.3578922 0.7935941 0.4920585 -0.5098498 0.6906137 0.5129386 -0.5735667 0.6308789 0.5225065 -0.5700124 0.4172822 0.7077863 -0.6030648 -0.701022 0.3806326 -0.3708004 0.504593 0.779675 -0.9943017 -0.07953137 0.07098555 -0.7765437 -0.5749643 0.2576742 -0.9069812 -0.06718939 0.4157773 -0.4674514 -0.519893 0.7149829 -0.5206602 0.05421882 0.8520407 0.007946491 -0.109142 0.9939944 -0.1978728 0.6287486 0.7520117 -0.2842296 0.6587437 0.6966134 -0.1431744 0.7022428 0.6973925 -0.2543574 0.5416615 0.8011899 -0.4463025 0.5347174 0.7175593 -0.3555404 0.4406086 0.8242907 -0.4188542 0.4984583 0.7590129 -0.3790119 0.568778 0.7299601 -0.3285016 0.6321095 0.7018008 -0.1579673 0.7241806 0.6712741 -0.009484708 0.746795 0.6649868 -0.06911003 0.5899489 0.8044776 -0.1659373 0.8095682 0.5630844 -0.4117059 0.2669107 0.8713535 -0.357894 0.793547 0.4921333 -0.6457983 0.3773439 0.6637442 -0.6386988 0.6673731 0.3829842 -0.7958441 0.5015295 0.3392645 -0.9331244 0.07791131 0.3510111 -0.6877937 -0.2130389 0.6939411 -0.8905839 0.0153774 0.4545589 -0.7918689 -0.007236719 0.6106482 -0.4058102 -0.2466561 0.8800449 -0.4008793 0.1785487 0.8985633 0.002659857 -0.05803269 0.9983112 -0.05398809 0.3783891 0.9240708 0.3413897 0.2825219 0.8964567 -0.9900225 0.1235303 0.06779217 -0.9331141 0.07792675 0.3510348 -0.9774852 0.1663864 -0.1297626 -0.9468242 0.04165744 0.3190433 -0.7918483 -0.007243156 0.610675 -0.8113178 0.326462 0.48496 -0.400866 0.1785797 0.8985633 -0.4432803 0.5967065 0.6689126 -0.05399864 0.3784082 0.9240624 0.2884726 0.6902506 0.6635795 0.3108786 0.9442142 -0.1086925 0.6382037 0.570521 0.5169157 -0.1214469 0.8667109 0.4838004 -0.1533528 0.9808386 -0.1201606 -0.5031518 0.8579946 -0.1033612 -0.08631402 0.7820616 -0.617195 -0.6698982 0.660767 -0.3385609 -0.3615201 0.4009444 -0.8417522 -0.008007645 0.9314348 -0.3638202 -0.01011532 0.9663569 0.2570059 -0.1209604 0.9082624 -0.4005347 0.1056016 0.9104555 -0.399899 0.05232745 0.9984186 -0.0205475 0.2700416 0.9563685 -0.1115215 0.1970931 -0.5172811 0.8328113 0.9990055 0.007474005 0.04395544 0.3178933 -0.9277371 -0.1955705 -0.05482852 0.9809414 0.1864081 0.4371526 0.897237 0.0621578 0.04149204 0.6385384 0.7684708 -0.014054 0.9966993 -0.07995635 0.5242058 0.8459591 -0.09778243 0.4701915 0.8736022 0.1254568 0.7324845 0.6807733 -0.003791987 0.7735759 0.5546206 0.3065558 0.5786028 0.7734802 0.2587415 0.4308295 0.5383615 0.7242603 0.4070709 0.5031198 0.762341 0.302653 0.6656632 0.6821244 0.4076213 0.4209194 0.8103528 0.4559907 0.511368 0.728406 0.2487207 0.5487757 0.7981123 0.2748311 0.6665242 0.6929743 0.1898205 0.6342326 0.7494779 0.1329427 0.7060436 0.695578 0.4905044 -0.5069749 0.7087891 0.0149247 -0.943283 0.3316542 0.01284205 -0.5528634 0.833173 0.2715244 -0.9491097 0.159579 0.01486659 -0.9344779 0.3557108 0.6266534 -0.6844097 0.3726778 0.2551286 0.379521 0.8893105 0.3666853 0.5146752 0.7750171 0.3623616 0.3224954 0.8744661 0.7403735 0.2216928 0.634586 0.4948241 0.4744893 0.7280172 0.6720314 0.4582154 0.5817325 0.5460299 0.2799468 0.7896082 0.2783599 0.5303322 0.8007894 0.3338416 0.316411 0.887938 4.58391e-4 0.5256621 0.8506933 7.68195e-4 0.3405127 0.9402396 -0.332402 0.3153932 0.8888399 0.3706262 -0.9213609 -0.1171767 0.9925572 -0.1173958 -0.03237998 0.5907224 -0.3311071 -0.7358092 0.4010553 -0.8765353 0.266159 0.4426267 -0.3672907 0.8180338 -0.3973583 -0.7724618 0.495388 -0.4119879 -0.4193545 0.8089547 -0.9155715 -0.2994092 0.2684828 -0.8363045 -0.4660825 0.2887249 -5.83082e-5 -0.8785147 -0.4777155 -0.04945832 -0.8983486 -0.4364904 0.041727 -0.8145348 -0.5786122 2.0958e-5 -0.9753562 -0.2206364 0.3552368 -0.9347533 0.006576418 0.3527688 -0.9252213 0.1397132 0.9127687 -0.408475 0.001236677 0.664244 -0.6928933 0.2804974 0.6528885 -0.756005 0.04683226 0.5047311 0.6168742 -0.6039146 0.304575 0.66734 -0.679626 0.3071601 0.5803571 -0.7542138 0.323538 0.7584483 -0.5657556 0.2912844 0.7540522 -0.5886924 0.3066443 0.9039859 -0.2979578 0.6579235 0.577535 -0.4833116 0.7181541 0.6951875 0.03113269 0.6052329 0.7959145 0.01459974 0.3719132 0.6726778 -0.6396759 0.4621921 0.5446727 -0.6997929 0.4943957 0.7942391 -0.3532102 -0.007440686 0.5940734 -0.8043766 -0.007223248 0.6453999 -0.7638108 -0.4755147 0.5387672 -0.6954249 -0.3054364 0.7505451 -0.5859956 -0.6723912 0.5693546 -0.4729961 -0.3098688 0.9066027 -0.2864488 -0.6597622 0.3397933 0.6702644 -0.3402603 -0.5965507 0.7268771 -0.5336693 -0.4874178 0.6911014 -0.8410844 0.01023799 0.5408071 -0.1218158 -0.6571668 0.7438366 -0.8011025 -0.5363692 0.265599 0.3401129 -0.6774791 0.652185 -0.3201539 0.273262 0.9070995 0.8280469 0.2687428 0.4920526 -0.1218379 -0.9407696 0.3163989 0.07631129 -0.9315721 0.3554573 0.2759655 -0.9518341 -0.1336225 -0.3402565 -0.5965665 0.7268659 0.117529 -0.7891839 0.6028068 -0.1217392 -0.6571562 0.7438584 0.2412316 -0.5760688 0.7809944 -0.1704718 0.1959354 0.9656857 -0.3320481 -0.5584592 0.7601761 -0.2069364 -0.6187404 0.7578507 -0.316637 -0.2248063 0.9215223 -4.48441e-5 -0.5456941 0.8379845 -0.4902179 -0.4773381 0.7292701 -0.573421 -0.03088682 0.8186784 -0.7467979 -0.1773228 0.6409755 -0.7389445 0.2185542 0.6373345 -0.9131744 0.02538162 0.406778 -0.8875371 0.232486 0.3977792 0.9494358 -0.2041915 0.2384905 0.5880138 -0.1786143 0.7888832 0.8165313 -0.4723676 0.3318821 0.2912228 -0.6946526 0.6577592 -0.4909678 -0.1469857 0.8586885 -0.5424668 -0.6920226 0.4762715 -0.9900836 -0.1116108 0.08530795 -0.4844321 -0.8552876 0.1838719 -0.641862 -0.4769207 -0.6004663 -0.7874376 0.6017158 -0.1337167 -0.8728244 0.4675889 -0.1397793 -0.6241971 0.6172217 -0.4789732 -0.8066561 0.5813539 0.1064605 -0.9215576 0.3570706 0.1524218 -0.7256643 0.5305469 0.4380998 -0.8875226 0.2325196 0.3977919 -0.6718255 0.4539374 0.585313 -0.7389607 0.2185146 0.6373292 -0.215795 0.9053067 -0.3658584 -0.2629118 0.9309096 -0.2535447 0.1088931 0.9754865 0.1912284 -0.4624155 0.605619 -0.6476092 -0.519218 0.6417634 -0.5644046 -0.6290388 -0.2440388 -0.7380754 -0.6651288 -0.2403979 -0.7069742 -0.3182313 -0.9341036 -0.1618009 -0.2033323 -0.9692649 -0.1384974 0.0510742 -0.7682145 0.6381521 -0.2064884 -0.8090083 0.5503346 0.03821927 -0.8238041 0.565585 -0.230359 -0.6897816 0.6863936 0.01610726 -0.760542 0.6490889 -0.1510109 -0.5649966 0.8111563 0.2217577 -0.5771967 0.7859184 0.1011968 0.2809493 0.9543724 -0.91128 -0.04315614 0.4095197 0.7246875 0.5223034 -0.4494745 0.8740108 0.4486781 -0.1865293 0.4208935 -0.396948 -0.8156476 0.6850724 0.6920633 -0.2274297 0.6701158 0.7420546 0.01731979 0.7125369 0.7016341 -9.1286e-4 0.6076555 0.6836674 0.4041705 0.694139 0.5869188 0.4167703 0.3861222 0.6419144 0.6624617 0.7662311 -0.6359748 0.09179395 0.5408962 -0.7938481 -0.2779148 0.816119 -0.5030884 -0.2843451 0.355292 -0.9347319 0.006623744 -0.2519596 -0.8703007 0.4231942 0.912771 -0.40847 0.001219749 0.02444511 -0.3244 0.9456041 0.6528695 -0.7560209 0.04683899 0.4465655 -0.3644329 0.8171707 -0.8794273 -0.1718561 0.4439294 -0.8405418 -0.1369125 0.5241608 -0.5834304 -0.5002534 0.6398091 -0.9982275 0.01563167 -0.05742406 -0.8393786 0.2599077 0.4773799 -0.9339137 0.3467262 -0.0871002 -0.6950285 0.5778759 0.427779 -0.7426562 0.6695187 0.01437473 0.01224511 -0.4927039 0.8701109 -0.01016032 0.96636 0.2569923 0.1971036 -0.5172927 0.8328016 -0.1722199 -0.5222093 0.8352472 -0.07159364 0.9972153 -0.02088248 -0.2879341 0.9509471 -0.1131091 -0.1209135 0.9082751 -0.40052 -0.1143137 0.9366763 -0.3310136 0.6487638 0.7342155 0.2000832 0.9454283 0.2433305 0.2166924 0.6834523 0.7282913 -0.04984891 0.6394292 0.5626246 0.5240076 0.7731624 -0.2314528 0.5904656 0.4599897 0.2754751 0.8441107 0.4468642 -0.1600757 0.8801638 0.02037549 -0.1793931 0.9835665 0.6592983 0.6606008 -0.3590717 0.6879807 0.6035948 -0.4029341 0.6827234 0.6389327 -0.3544769 0.6834142 0.7283275 -0.04984068 0.8604878 0.4521588 -0.2347618 0.9454348 0.2433441 0.2166489 0.9844839 -0.02456766 -0.1737471 0.9669477 -0.08370947 0.2408422 0.1279962 0.9844046 -0.1206843 0.04510521 0.9772186 -0.2073874 0.2129799 0.9524964 0.2176931 0.3045872 0.7872498 -0.5361572 0.2049392 0.6732334 -0.7104623 0.748594 0.08833056 -0.6571185 0.3339402 -0.5336104 -0.7770096 0.2260469 -0.9695523 -0.09418648 0.7688441 0.5956748 -0.2324873 0.8659339 0.4871355 0.1133912 0.9558606 0.1511798 -0.2519431 0.7276796 0.6797114 0.09206038 0.6216346 0.7418665 0.2514052 0.5542317 0.7518903 0.3570549 0.6528332 0.6763744 0.3410668 0.7173997 0.4532986 0.5290162 0.1791032 0.5130366 0.8394734 0.1225097 0.8205645 0.55827 -0.5013793 0.4311226 0.7501682 0.7134365 0.6025996 0.3576061 0.7564379 0.6533412 -0.0307762 0.6200652 0.6326043 -0.4640378 0.7672401 0.238798 -0.5952463 0.3689098 0.4438042 -0.816666 -0.9995785 -0.001846551 0.02897691 -0.4909735 -0.1469597 0.8586897 -0.9900861 -0.1116316 0.08525341 -0.4397997 0.161476 0.8834602 0.5879537 -0.1786093 0.7889292 0.5252726 -0.4452527 0.7251474 0.8165146 -0.4723979 0.33188 0.2910496 -0.817889 0.4963343 -0.5886134 -0.6455506 -0.4866197 -0.5548447 -0.509702 -0.6575344 -0.2392983 -0.7174375 -0.6542323 -0.8398492 -0.5168111 -0.1660107 -0.945178 -0.2859205 -0.1577599 -0.8861868 -0.4275397 0.1785573 -0.9366236 -0.2525383 0.2428186 -0.7063509 -0.6000936 0.3754411 -0.3159994 0.9269407 0.2023001 0.06861978 0.9869686 0.1455481 -0.0135318 0.9022414 0.4310191 -0.4066081 0.9122299 -0.05006492 0.01466971 0.9672152 0.2535343 -0.6421424 0.7147345 -0.2771424 -0.6049665 0.788877 0.1081147 -0.5140264 0.5316114 -0.6731764 -0.4101203 -0.8930138 -0.1852777 0.09460294 -0.989615 0.1082245 -0.3720365 -0.9187727 -0.1320822 -0.3119272 -0.9370973 -0.1566849 0.06682485 -0.9958078 0.06246197 -0.4510542 -0.8916622 0.0385828 0.05755072 -0.8869469 0.4582722 -0.4759725 0.2511848 0.8428265 -0.6905854 0.7038758 0.1662848 -0.765307 0.4484748 0.4617096 -0.7047894 0.5403452 0.4596727 -0.8741486 0.4715763 -0.1161041 -0.9424487 0.3328775 0.03135442 -0.4205991 -0.4083654 -0.8101446 -0.8511157 0.5024448 -0.1521558 0.2478588 0.7967759 0.5511028 0.4069483 0.637991 0.6537283 0.2032662 0.7865365 0.5831323 0.2628759 0.7763073 0.5729252 0.3273851 0.5623509 0.759329 0.3583058 0.26767 0.8944102 0.2491716 0.4733126 0.8449195 -0.1265128 0.8119291 0.5698824 0.1328763 0.706069 0.6955649 -0.05678117 0.8935142 0.4454306 0.2635689 0.7386447 0.6204317 0.2747986 0.6664909 0.6930192 0.5565577 0.7619941 0.3310716 0.4560118 0.5113988 0.7283712 0.9478597 -0.2820624 0.1483339 0.8635936 -0.3576238 0.355403 0.9798803 0.001496851 0.1995809 0.7638917 -0.5717096 0.299362 0.6563758 -0.5188851 0.5476578 0.4051435 -0.8564158 0.3200169 0.2943814 -0.8296673 0.4743328 0.7796855 -0.0554924 -0.6237077 0.9923495 -0.05684244 -0.109597 0.9627658 0.2164375 -0.1619781 0.7779882 -0.3628347 -0.5129187 0.9024838 -0.4191501 -0.09917759 0.5893917 -0.6453057 -0.4860023 0.8402476 -0.5164172 -0.1652188 0.4426017 -0.3672268 0.8180761 0.3936852 0.0522651 0.9177584 0.9985237 0.0147596 -0.0522744 -0.4119763 -0.4193013 0.8089883 -0.5132147 -0.403337 0.7575818 -0.8363165 -0.4660665 0.288716 -0.2519234 -0.8703011 0.4232146 0.589382 -0.6453002 -0.4860212 0.5558051 -0.5098126 -0.6566368 0.8402386 -0.5164414 -0.1651892 0.2394107 -0.7174044 -0.6542274 1.35303e-5 -0.8005746 -0.5992333 4.00841e-6 -0.8123837 -0.5831233 -0.2392835 -0.7173634 -0.654319 0.1104552 0.2846897 0.9522351 0.3470578 0.5928303 0.7267071 0.06669473 0.9868353 0.147337 0.09609764 -0.6289687 0.7714686 0.495822 -0.7469971 0.4428951 0.0553295 -0.9830702 0.1746756 0.2260736 -0.9695429 -0.09422057 -0.01146578 0.7416502 -0.6706889 -0.007491171 0.5940778 -0.8043728 0.3719016 0.6726518 -0.6397099 -0.3916648 0.6653535 -0.6355341 -0.4754787 0.5388004 -0.6954237 -0.5175372 0.7807642 -0.3500893 -0.6724043 0.5692995 -0.473044 0.1195895 0.9578002 0.2613756 0.2612838 0.9001449 0.3485255 0.1074422 0.9620228 0.2509351 0.2124186 0.9431542 0.2556143 0.3717883 0.881567 0.2908834 0.3534655 0.9261695 0.1314242 0.6053012 0.7958638 0.014548 0.3065925 0.9040158 -0.2979204 0.1279835 0.9844002 -0.1207337 0.7181311 0.6952086 0.03119349 0.3236021 0.7584557 -0.5657092 0.3045491 0.7872352 -0.5362002 0.5047171 0.6168755 -0.6039248 0.7485926 0.0882613 -0.6571295 0.8089247 0.5156206 0.282447 0.3717705 0.8815767 0.2908767 0.6052346 0.7959132 0.0146082 0.5759824 0.6794156 0.4545755 0.2612618 0.9001561 0.3485131 0.4168625 0.7135537 0.5630869 0.1752689 0.8744669 0.4523146 0.863582 -0.3576421 0.3554131 0.7492114 -0.1743575 0.6389693 0.9144328 0.02956473 0.4036566 0.6564216 -0.518806 0.547678 0.4913912 -0.4766036 0.7289607 0.2944037 -0.8296476 0.4743535 0.2069524 -0.6187537 0.7578355 0.2800353 -0.9494952 0.1415598 0.08494019 -0.8026344 0.5903926 0.07177674 0.03359174 0.9968549 0.1095048 -0.8500972 0.5151151 0.3471406 -0.7882463 0.5080956 0.08132272 -0.9926757 0.08934026 0.4155116 -0.9072234 -0.06554341 0.4031397 -0.831744 0.3816809 -0.332085 -0.5584261 0.7601842 -0.5082496 -0.07026678 0.8583385 0.05010259 -0.7411541 0.6694627 0.2413145 -0.5761098 0.7809386 0.3452532 -0.6754889 0.6515482 0.1175552 -0.7892148 0.602761 0.2760809 -0.837089 -0.4722937 -0.2505269 -0.9419845 -0.2233863 0.1710622 -0.8717453 -0.4591273 0.2320868 -0.872345 -0.4302904 -0.2728811 -0.9357174 -0.2235373 -0.1904276 -0.7230522 -0.6640279 -0.6833425 -0.6485196 -0.3353586 -0.3663487 0.6312791 0.6835754 0.07731008 0.8828567 0.4632355 0.1322323 0.6975551 0.7042241 -0.4892984 0.6616581 0.5681512 0.1225535 0.8205522 0.5582785 -0.5235542 0.5340917 0.6638051 -0.5013309 0.4310981 0.7502146 -0.6553408 -0.6773401 0.3342738 -0.2748262 -0.9183956 0.2846405 -0.3449922 -0.9271134 0.1464279 -0.4298343 -0.6922914 0.5796337 -2.61366e-5 -0.8404214 0.5419335 -5.91949e-6 -0.6405532 0.7679138 0.428999 -0.6923866 0.5801385 -0.03467738 -0.4047177 -0.913784 -0.2215423 -0.7267651 -0.6501781 -0.8361498 -0.5375771 -0.1089243 0.1039574 -0.3135519 -0.9438634 0.8165061 -0.4724103 0.331883 0.3790335 -0.3206236 -0.8680635 0.949431 -0.2041566 0.2385392 -0.7270882 0.09438425 -0.6800253 -0.1032929 0.7347316 -0.6704477 -0.248406 -0.4729332 -0.8453571 -0.2980105 0.7916171 -0.5334156 0.002762496 0.9880775 -0.1539323 -0.1372034 0.9847455 -0.1070127 -0.2461912 0.9461223 0.2103389 0.6072449 0.6358578 0.4763808 0.01463729 0.9672193 0.2535207 0.5694409 0.5718175 0.5905608 0.5931748 0.7284224 0.3428476 0.06858068 0.9869741 0.1455299 0.4677968 0.7570683 0.4560853 -0.01355308 0.9022425 0.4310162 -0.2304657 0.6336616 0.738484 -0.2305875 0.6333602 0.7387046 -0.3321956 0.6106311 0.7188712 -0.008280336 0.6537827 0.7566371 -0.008570134 0.654575 0.7559486 0.2670869 0.5761399 0.7724815 -0.2533254 0.4290999 0.8670061 -0.2537798 0.429521 0.8666645 -0.3703008 0.4106017 0.8332368 -3.1004e-4 0.4488511 0.8936066 -3.0174e-4 0.4497908 0.8931338 0.2532287 0.4363773 0.8633946 -0.7426453 0.6695328 0.01427686 -0.7450082 0.5710799 -0.344718 -0.7116467 0.6687973 -0.2151029 -0.9339177 0.3467085 -0.08712702 -0.7267937 0.3451943 -0.5938112 -0.9982258 0.0156334 -0.05745422 -0.8405696 -0.1369925 0.5240953 -0.6549612 -0.1641597 0.7376161 -0.5834359 -0.5002681 0.6397926 -0.8393455 0.2599521 0.4774139 -0.4848355 0.5285394 0.6968362 -0.6949927 0.5779041 0.4277992 0.1059651 -0.9783732 -0.1776434 0.1971268 -0.5172875 0.8327994 0.3178661 -0.9277464 -0.1955702 0.01449245 -0.9820777 0.1879187 0.01226735 -0.4927365 0.8700922 -0.1723175 -0.5222347 0.8352112 0.01493555 -0.9344545 0.3557694 0.003202497 0.229142 0.9733877 -0.2537862 0.3726294 0.8926029 0.255105 0.379483 0.8893335 -0.2117062 -0.7729037 -0.5981643 -0.1537668 -0.8999029 -0.4080814 -0.5688647 0.6079966 0.5538351 -0.05481237 0.9809384 0.1864285 0.04150831 0.6385905 0.7684266 -0.4971176 0.8676244 -0.01010781 -0.01404994 0.9966996 -0.07995355 -0.5481241 0.8314475 -0.09085744 0.4756878 0.5614821 0.677096 0.6519861 -0.1166914 0.7491977 0.2949452 0.5943315 0.7481828 0.8378564 0.2781292 0.4697244 0.8481639 -0.1209205 0.5157485 0.9970668 0.03453129 -0.06830471 0.517322 0.03981399 -0.8548643 -0.5415996 -0.4936742 -0.6804085 -0.4780321 -0.01692414 -0.8781794 0.1094551 -0.2992143 -0.9478874 0.5408236 -0.7939065 -0.277889 0.8161144 -0.503103 -0.2843319 -0.4780576 -0.01698863 -0.8781643 -0.8363222 -0.4660743 0.2886869 -0.9155508 -0.2994238 0.2685371 -0.5416103 -0.4936401 -0.6804248 -0.2519013 -0.8703145 0.4232003 0.5408763 -0.7938293 -0.2780069 0.9558477 0.151243 -0.2519541 0.4957482 -0.747034 0.4429154 0.2261301 -0.9695301 -0.09421622 0.865929 0.4871291 0.113457 0.3470675 0.592821 0.7267102 0.645427 0.7067216 0.2897736 1.41459e-5 0.6419786 0.7667225 -8.38283e-4 0.7453345 0.6666902 0.2778371 0.676137 0.6823822 -0.2786179 0.6741341 0.6840434 -0.2366095 0.7764492 0.584074 -0.4157933 0.7544801 0.5078147 -0.3763257 0.1320602 0.9170274 -0.4398409 0.1614373 0.8834467 -0.9479669 -0.1454151 0.2832193 0.2165809 -0.09601545 0.9715316 0.5252414 -0.4452233 0.7251881 0.2910468 -0.8179058 0.4963083 -0.4013481 0.6217295 0.6725862 -0.3023743 0.1296208 0.9443349 -0.05369049 0.9791923 0.1957033 -0.4799255 -0.742356 0.4675245 -0.2136867 -0.8323577 0.5113891 -0.1137243 -0.990551 0.07665199 0.5680773 -0.8196884 -0.07347863 0.9860876 0.1662267 -1.5907e-5 0.06723773 -0.9217087 -0.3820108 0.1177135 -0.9872593 0.107064 0.8626765 0.05000138 0.5032785 0.09461426 -0.9896184 0.1081835 0.3318802 0.4637109 -0.8214791 -0.2990204 0.2008856 -0.9328622 0.5336999 0.314282 -0.785106 -0.5140584 0.5316205 -0.6731446 -0.723407 0.1441637 -0.675203 -0.6421357 0.7147402 -0.2771431 0.2150021 0.6382926 0.7391595 0.267119 0.5760984 0.7725014 -0.008283317 0.653738 0.7566758 0.4125375 0.4916385 0.7668796 0.4913753 0.3570967 0.7943754 0.2527802 0.4359484 0.8637426 0.2533043 0.4363617 0.8633803 -4.49769e-4 0.4502617 0.8928966 0.3666258 0.4204648 0.8299367 0.3666632 0.4205036 0.8299006 -0.05116093 0.6880242 0.7238821 -0.3099245 0.3515479 0.8833804 -0.1852561 0.7269716 0.6612053 0.05492591 0.6044609 0.7947391 0.1204339 0.4868703 0.8651318 0.138058 0.3497475 0.9266158 -0.3099324 0.3514931 0.8833994 0.1205052 0.4868879 0.865112 0.1062133 0.2095349 0.9720154 0.0291506 0.08258402 0.9961577 -0.08416211 -0.01616019 0.9963211 -0.3099757 0.351509 0.8833779 0.02905786 0.08267027 0.9961532 -0.2203 -0.07537382 0.9725158 -0.3431767 -0.06154131 0.9372527 -0.4948391 -0.006544291 0.86896 -0.3099404 0.3515317 0.8833813 -0.3432016 -0.06156212 0.9372422 -0.6084722 0.03722113 0.7927019 -0.6740854 0.1599698 0.7211232 -0.6905001 0.2890879 0.6630519 -0.3099291 0.3514953 0.8833998 -0.6740988 0.1599723 0.7211101 -0.6680133 0.4141425 0.6182591 -0.5948663 0.5448571 0.5909863 -0.4719219 0.6554763 0.5896106 -0.3099541 0.3514637 0.8834035 -0.5948246 0.5448191 0.5910634 -0.331079 0.7160905 0.6144927 -0.1852177 0.7270591 0.6611198 0.1619364 0.7337639 0.6598237 0.2986456 0.3631467 0.8825732 0.02983653 0.6896703 0.7235085 0.3077729 0.7284618 0.6120616 0.4493398 0.6740665 0.5862835 -0.132928 0.4820267 0.8660141 0.2986117 0.3632247 0.8825526 -0.1448316 0.344308 0.9276184 -0.07247287 0.6020567 0.7951575 0.02987766 0.6896324 0.7235431 -0.02521228 0.08144301 0.9963592 0.2985904 0.3631817 0.8825774 0.09180104 -0.01298147 0.9956929 -0.1073712 0.2053462 0.9727818 -0.1448289 0.344286 0.927627 0.352081 -0.04843109 0.9347158 0.2986463 0.3631545 0.8825697 0.5010357 0.01239436 0.865338 0.229997 -0.06695008 0.9708857 0.09181094 -0.01296114 0.9956922 0.6724693 0.1700178 0.7203326 0.2986028 0.363233 0.8825521 0.687573 0.3085027 0.6573199 0.6088144 0.05147337 0.7916411 0.5010521 0.01240044 0.8653283 0.5689666 0.5772463 0.5857166 0.298646 0.3632096 0.8825471 0.4493364 0.6740416 0.5863145 0.6516876 0.450082 0.6105157 0.6875093 0.3085203 0.6573783 0.4909438 0.7348856 -0.467886 0.1346333 0.4548878 -0.8803131 -0.797235 0.5598506 0.2257962 -0.6203924 0.7836428 0.03189551 -0.6729553 0.6300995 -0.387435 -0.3885535 0.5403281 -0.7463724 -0.07212454 0.682035 -0.7277544 -0.02726083 0.3804571 -0.9243968 -0.4176504 0.5559344 -0.718683 -0.09442549 0.6704964 -0.7358794 -0.3058112 -0.6205867 0.7220469 0.004995524 -0.1861816 0.9825027 0.008844614 -0.5990304 0.8006774 -0.440241 -0.1044662 0.8917818 -0.2530387 0.6612871 0.7061664 -0.6113445 0.7286942 0.3086466 0.2011575 0.8325581 0.5161226 -0.6803396 0.6703282 0.2963078 -0.7368319 0.5464558 0.3980765 -0.7473638 0.4838361 0.4553571 -0.007993578 0.9314221 -0.3638532 -0.2288838 0.7780583 0.5850107 0.1055913 0.9104274 -0.3999655 -0.009620547 0.8213554 0.5703356 -0.02518194 0.6849085 0.7281938 0.02037292 -0.179369 0.9835709 -0.00945872 0.7467985 0.6649833 -0.4117444 0.2668858 0.8713429 0.459972 0.2755981 0.8440804 0.1557581 0.8047851 0.5727656 -0.01412516 0.1554772 -0.9877386 0.1346412 0.4549104 -0.8803002 -0.6729071 0.6301602 -0.3874201 -0.8425796 0.5113506 -0.1690562 -0.7972763 0.5597797 0.2258258 -0.7201506 0.6535491 0.232931 -0.6905108 0.7039311 0.166361 -0.7048445 0.5403323 0.4596036 -0.5726464 0.7467318 0.3383308 -0.6377916 0.7024063 0.3159863 -0.4660375 0.4934219 0.7344003 0.4516322 0.3268747 0.8301696 -0.4421426 0.5041337 0.7418621 -0.6731019 0.4237422 0.6061159 0.3959892 -0.001358509 0.9182541 -0.8134642 0.2100101 -0.5423761 -0.8567983 0.4808496 -0.1862264 -0.68463 0.3635216 -0.6317704 -0.8557745 0.4842354 -0.1821153 -0.8425988 0.5113068 -0.1690936 -0.03780084 0.2236194 -0.9739432 -0.1095793 0.1887689 -0.9758887 -0.4565069 0.03604322 -0.8889896 0.5114127 0.1453831 -0.846948 0.4648586 0.591663 -0.6586664 -0.4288156 0.6169216 0.6599432 -0.4188718 0.4984102 0.7590348 -0.3284689 0.6320855 0.7018378 -0.6280527 0.6632459 0.407007 -0.4462828 0.5347592 0.7175405 0.09400206 0.9389972 -0.3308293 -0.2831282 0.755291 0.5910786 0.999004 0.007434785 0.04399806 -0.2722386 0.7778208 0.5664635 -0.4244498 0.6100091 0.6691274 0.6701207 0.7420501 0.01731455 0.673389 0.7223296 0.1574396 0.8740125 0.4486835 -0.1865085 0.6075942 0.683667 0.4042633 0.6225714 0.7194298 0.3079379 0.7162969 0.6132615 -0.3329104 0.71252 0.7016512 -9.6719e-4 0.685042 0.6920686 -0.227505 0.9249172 0.3673297 -0.09796464 0.6941906 0.5868528 0.4167773 0.6834518 0.7282967 -0.04977512 -0.1359663 0.5124708 -0.847872 -0.4190148 0.8195897 -0.3907676 0.6593346 0.6605607 -0.3590787 -0.003412067 0.1654407 -0.9862139 0.6550774 0.71893 0.2324076 0.6134895 0.7295865 0.3022156 0.5820761 0.7126304 0.3915933 -0.0732693 0.8926965 0.4446622 0.7268413 0.5662665 0.3886439 -0.295234 -0.9360139 -0.1916109 -0.2116609 -0.7728837 -0.5982062 -0.1537331 -0.8999013 -0.4080978 -0.08178776 -0.9809208 -0.1763666 0.004501044 -0.6857276 -0.7278444 0.6666582 0.3389056 0.6638599 -0.4453429 0.3378096 0.8291891 -0.335339 -0.1109659 0.9355396 0.4408332 0.4345598 0.7853814 0.4149618 0.5644895 0.7135534 0.3497382 0.5386351 0.7665216 0.3444307 -0.4007747 0.8489684 0.3230385 0.4447684 0.8353605 0.33034 0.3848418 0.8618423 0.008708059 -0.4032094 0.9150664 0.7988929 0.584728 -0.1409372 0.4371652 0.8972316 0.06214594 0.5242209 0.8459479 -0.097799 0.8799332 0.4551664 0.1361659 0.6163467 0.5397143 0.5734329 0.6047148 0.7156084 0.3496065 0.3459188 0.8055813 0.4810188 0.6394213 0.5626252 0.5240167 0.5588986 0.6694033 0.4894196 0.4619861 0.7226469 0.5141501 0.8352187 0.5252037 -0.1630056 0.6959198 0.5591973 0.4505488 0.6506183 0.6480435 -0.3958984 0.9334442 0.3582087 0.01919835 0.7588345 0.4690051 0.4518899 0.6129199 0.5989036 0.5154063 0.6958844 0.5591837 0.4506203 0.7398693 0.5039513 0.4456753 0.5993791 0.8001055 0.02399986 0.6518657 0.6463726 -0.3965774 0.4978149 0.7612981 -0.4154583 0.3108152 0.9442393 -0.1086568 -0.08627313 0.7820813 -0.6171758 0.8136799 0.5715617 0.1060302 0.6382603 0.5704461 0.5169284 0.5856177 0.511205 -0.6290639 0.6455629 0.4934412 -0.582893 0.513848 0.3865209 -0.7658733 0.6827201 0.6389007 -0.3545408 0.6880102 0.6035955 -0.4028829 0.8039537 0.1137125 0.5837193 0.7731503 -0.2314783 0.5904715 0.4468877 -0.1600365 0.880159 0.966966 -0.08373337 0.2407602 0.9454294 0.2433417 0.2166754 -0.8900754 0.4312473 0.1476202 -0.497196 0.867579 -0.01013857 -0.5689002 0.6080084 0.5537855 -0.8161087 0.5629732 -0.1304913 -0.5481505 0.8314294 -0.09086453 0.4197144 -0.385136 -0.8218944 0.7779662 -0.3628396 -0.5129485 0.7796558 -0.05551701 -0.6237424 0.2394622 -0.7174623 -0.654145 0.5894383 -0.6452569 -0.4860104 0.8402675 -0.5164045 -0.1651579 0.7290335 -0.6758788 0.1081579 0.9024733 -0.4191815 -0.09914129 0.8856545 -0.4283691 0.1792095 0.5628887 -0.7443449 0.3593146 0.3527661 -0.9252193 0.1397338 0.2747604 -0.9183866 0.2847329 0.6642814 -0.6928623 0.2804854 -1.885e-5 -0.9753319 -0.220744 3.62564e-6 -0.9789891 0.2039125 0.4465317 -0.3644257 0.8171925 0.3937016 0.05222707 0.9177535 0.02441835 -0.3244165 0.9455991 0.9364419 -0.2764725 0.2159619 0.9985253 0.01473617 -0.05225127 -0.04954957 -0.8983609 -0.4364548 0.6664167 -0.6555675 -0.3551341 0.04179841 -0.8145188 -0.5786294 0.3552186 -0.93476 0.00659728 0.7662467 -0.6359614 0.09175693 -0.6541361 -0.5915872 -0.4713073 -0.01732867 -0.97267 -0.2315445 0.5907132 -0.3311026 -0.7358188 -0.3508861 -0.9304267 -0.1057606 -0.3974022 -0.7724521 0.4953679 0.4010871 -0.8765385 0.2661005 -0.01731812 -0.9726725 -0.231535 -0.3973672 -0.7724488 0.495401 0.3706042 -0.9213675 -0.1171943 0.5906868 -0.3311049 -0.7358387 0.056737 0.9966401 0.05907279 0.8046349 0.06842488 0.5898144 -0.2153779 0.6370359 0.7401336 0.4961366 0.7350396 -0.4621313 0.8163137 -0.06218671 -0.5742514 0.5463042 -0.8375298 -0.009779572 0.8046347 0.06839293 0.5898182 0.8162878 -0.06214684 -0.5742928 0.1139762 -0.8501735 0.514018 -0.1227564 -0.4263949 0.8961687 0.9452618 -0.2159813 0.2446061 0.5170009 -0.839411 0.1676283 0.7059113 -0.5976163 0.3801895 0.8531012 -0.5200783 0.04167813 0.9364228 -0.2765228 0.2159804 0.3338345 0.3164387 0.8879308 0.5756205 -0.02897655 0.8172035 0.317956 -0.2243477 0.9211798 0.5460067 0.2800408 0.789591 0.7403269 0.221708 0.634635 0.3889366 0.8849896 -0.255972 0.1580896 0.9740481 -0.1619816 0.4115598 0.8487218 -0.3320995 0.1035193 0.903707 -0.4154486 -0.2613025 0.9232779 0.2815654 -0.2643499 0.07048141 0.961848 0.3889396 0.8849822 -0.2559935 -0.336789 0.8828351 0.3273764 0.05012714 -0.7411362 0.6694808 0.4031363 -0.8317673 0.381634 0.08498024 -0.8026096 0.5904204 0.5518481 0.7173547 -0.4252834 0.07181257 0.03370481 0.9968485 0.3798965 -0.8873913 0.2611805 0.6614146 -0.1662062 -0.7313729 0.1096074 -0.8500817 0.5151188 0.6080585 0.4573411 -0.6489254 0.5475628 -0.09862095 0.8309326 0.2800955 -0.9494863 0.1415004 0.3625826 -0.2208489 -0.9054058 -0.6551186 0.7542995 0.04303592 0.4047161 0.8959253 -0.1830924 0.08079409 0.8946172 0.4394683 -0.6759425 0.645585 -0.355418 -0.3230255 0.9338032 0.1538389 -0.1218507 -0.6571391 0.7438553 0.8950542 0.1045784 0.4335221 -0.170474 0.195941 0.9656841 0.3400836 -0.677454 0.6522264 0.8280519 0.2687404 0.4920455 -0.2728657 -0.9357273 -0.2235146 -0.9477703 0.3128644 0.06202745 -0.866986 0.0204299 0.4979136 -0.6833274 -0.6485552 -0.3353206 -0.1904557 -0.7230896 -0.6639789 0.07723897 0.8828445 0.4632707 0.5438481 0.8009403 0.2504476 0.4450358 0.7467694 0.4942455 0.1225418 0.8205364 0.5583041 0.7564105 0.6533718 -0.03079748 -0.2185407 0.7533468 -0.6202489 0.3688985 0.4437928 -0.8166773 0.620063 0.6326142 -0.4640274 -0.4424206 0.634621 -0.6336563 -0.1904051 -0.7231402 -0.6639383 -0.2217738 -0.9373078 -0.2688316 0.3063957 -0.9154778 -0.2608108 0.1710629 -0.8717581 -0.4591028 -0.2141932 -0.9666042 0.1407041 0.4696629 -0.1174753 0.8749952 -0.3847328 0.2719448 -0.8820583 -0.3538402 0.001965582 -0.9353038 -2.23245e-4 0.2271211 -0.9738666 -0.6947624 0.1945129 -0.6924378 -0.7810513 -0.05800336 -0.6217672 -0.7063641 -0.6000536 0.3754806 -0.42979 -0.6923078 0.579647 -0.6553617 -0.6773239 0.3342655 -0.5628955 -0.7445927 0.3587903 -0.3332417 -0.7238928 0.6040939 -0.6418748 -0.4769291 -0.6004461 -0.1404083 -0.9850558 0.09975284 0.5669103 -0.7890508 -0.2366682 -0.4844741 -0.8552722 0.1838327 -0.5424879 -0.6920723 0.4761754 0.291212 -0.6946519 0.6577647 -0.1403968 -0.9850501 0.09982508 -0.5424765 -0.6920165 0.4762693 0.2306221 -0.9496955 0.2118776 0.5668961 -0.7890465 -0.2367162 -0.6661407 -0.6553902 -0.3559779 -0.5548499 -0.5097103 -0.6575234 -0.9451617 -0.285978 -0.1577532 -0.04146051 -0.8145086 -0.5786683 -2.13385e-5 -0.8005867 -0.5992169 0.1425196 0.6491755 0.7471677 -0.8231111 0.002179384 0.5678763 -0.1328912 0.9893403 0.05954593 0.1207646 -0.4215496 0.898728 -0.07214349 -0.8569068 0.510398 -0.7997991 -0.1217577 -0.5877894 -0.8231459 0.002147972 0.567826 -0.4873514 -0.8730205 -0.01800274 -0.5386788 0.6993687 -0.4697965 -0.1329783 0.9893304 0.0595172 -0.9446275 0.1625062 -0.2850802 -0.4798511 -0.742384 0.4675564 -0.8618597 0.4992395 0.08920627 -0.213701 -0.9543697 -0.2085916 -0.1136786 -0.9905601 0.07660174 -0.3170349 0.6641051 -0.6770919 -0.3239302 0.763164 -0.5591512 -0.5040189 0.6205367 -0.6007489 -0.3054323 0.7505748 -0.5859597 -0.3099193 0.9065834 -0.2864553 -0.3814744 0.9147571 0.1330291 -0.3863696 0.8741577 0.2942227 -0.6265643 0.7791974 0.01639413 -0.2277265 0.938983 0.2577821 -0.2786547 0.8928149 0.353883 -0.2461664 0.9461444 0.2102688 -0.6202792 0.7402241 0.2594649 -0.6597623 0.6957632 0.2839494 -0.6942184 0.7183144 0.04566538 -0.6652303 0.6784181 0.3117974 -0.2033415 -0.969264 -0.1384907 0.09103131 -0.9066129 0.4120272 0.1801623 -0.9309947 0.3174753 -0.3182091 -0.9341146 -0.1617811 -0.2337927 -0.9721597 -0.01570105 -0.1509931 -0.5649265 0.8112084 0.4088802 -0.4393843 0.799849 0.1012149 0.2809911 0.9543582 0.07127207 -0.6966785 0.7138343 -0.2494725 -0.8696965 0.4259009 -0.2304182 -0.6897612 0.6863942 0.07124698 -0.6967036 0.7138123 -0.1510193 -0.5649789 0.8111671 0.05111014 -0.7682047 0.638161 -0.2124218 -0.9268347 0.3096038 -0.2604278 0.8414592 -0.4734171 -0.3349314 0.9147555 -0.225928 0.07299757 0.9710288 0.2275404 -0.541776 0.7779074 -0.318338 -0.5548242 0.7335992 -0.3924314 -0.2124692 -0.9268262 0.3095965 -0.6648169 0.572692 -0.4796274 -0.5956706 -0.3319252 -0.7314385 0.05100303 -0.7682172 0.6381544 -0.1067613 0.07751446 0.9912586 -0.09916174 -0.9755935 0.1959192 -0.6639751 0.2940679 -0.6875036 -0.2867987 -0.3386662 -0.8961316 0.03809225 -0.8238052 0.5655917 -0.5436228 -0.1527017 0.8253222 0.07118928 -0.6966862 0.7138351 -0.5418164 0.7778673 -0.318367 -0.2494507 -0.8697196 0.4258665 0.2172294 0.1757166 0.9601745 0.1533729 0.9484921 0.2771997 0.5516698 0.7409549 -0.3829443 -0.5615274 0.7898533 -0.2466147 0.1354092 0.9856772 0.1005224 0.4986606 0.8667659 0.007380247 -0.2620512 0.8868231 0.3806231 0.1177152 -0.9872661 0.106999 -0.3721303 -0.9187412 -0.132037 0.09456169 -0.9896183 0.1082299 0.06715172 -0.9217255 -0.3819853 -0.3757635 -0.5607395 -0.7378165 0.09403485 0.9389669 -0.330906 0.2700674 0.9563612 -0.1115204 0.1055892 0.9104557 -0.3999016 0.9990041 0.007465779 0.04399144 0.2693157 -0.2213251 0.9372749 -0.3984028 0.4379254 0.8059135 0.04207491 -0.3785029 0.9246434 -0.5869002 0.5174078 0.6227659 -0.7765166 -0.5750012 0.2576735 -0.2436791 -0.9560706 0.1629407 -0.6030746 -0.700971 0.3807107 -0.4674167 -0.5199169 0.7149882 -0.7506186 0.6607102 0.005825698 -0.7842487 0.5335716 0.3166314 -0.4919912 0.8605869 0.1316623 -0.5958915 0.7576054 0.2663596 -0.35579 0.490626 0.7954242 -0.2507336 0.7415592 0.6222721 -0.3452238 0.384065 0.8563379 -0.5098438 0.6905894 0.5129772 -0.9424636 0.3328396 0.03131181 -0.7048002 0.5403372 0.4596657 -0.7652572 0.4485047 0.4617629 -0.8511027 0.5024666 -0.1521568 -0.9321778 0.3610138 -0.0267136 -0.9331218 0.07792806 0.3510143 -0.8905765 0.01531368 0.4545758 -0.9774931 0.1663405 -0.1297616 0.2333053 0.7580283 0.6090664 0.3458413 0.8056117 0.4810233 0.4620252 0.7226075 0.5141703 0.1370999 0.735193 0.6638486 -0.9984558 -0.01830565 0.0524497 -0.2879655 0.9509382 -0.1131032 -0.172249 -0.5222596 0.8352097 -0.1142801 0.936679 -0.3310175 -0.1537293 -0.8999209 -0.4080561 0.36237 0.3224782 0.8744689 -0.9984556 -0.01822191 0.05248177 0.2550725 0.379553 0.8893129 0.8174731 -0.03342807 0.5749961 0.3366934 0.4179171 0.8437909 0.8260033 0.2682594 0.4957373 0.5877052 -0.3265054 0.7402681 0.2715092 -0.9491093 0.1596069 0.7950633 -0.5537242 0.2475157 0.6266512 -0.6844059 0.3726887 0.4905046 -0.5069775 0.708787 0.6918587 0.1972859 -0.6945573 0.3829919 0.2726548 -0.8825966 0.3536778 0.002029061 -0.9353652 0.6709389 0.4440748 -0.5938339 -1.83843e-6 -0.5457025 0.837979 4.31217e-4 -0.2345783 0.9720972 0.3179781 -0.22431 0.9211813 -0.3165953 -0.2248526 0.9215253 0.8402233 -0.5164633 -0.1651985 0.9452769 -0.286345 -0.1563915 0.8856497 -0.4283757 0.1792179 0.5558096 -0.5097709 -0.6566653 0.02439832 -0.324366 0.945617 -0.5132328 -0.4033024 0.7575878 -0.251919 -0.8703253 0.4231675 0.3937292 0.05223518 0.9177412 0.1752713 0.8744719 0.4523039 0.1074296 0.9620255 0.2509301 0.261219 0.9001836 0.3484741 -0.007759928 0.9470437 0.3210112 0.7664251 0.3683241 0.5262412 0.1683175 0.866357 -0.4702074 0.9220086 0.1296814 -0.3648054 0.06880569 0.8991336 0.4322321 0.9436656 0.1882497 0.2721349 0.180254 0.8340775 -0.5213666 0.8171531 0.0173968 -0.5761582 0.386984 0.8233391 0.415158 0.9763568 -0.07081872 -0.2042358 0.1880323 0.8387627 -0.5110003 0.4748771 -0.09315836 -0.8751077 0.7727431 0.6100023 0.1754005 0.109503 -0.8500756 0.5151512 0.05029302 -0.9982655 -0.03060871 0.08127981 -0.9926801 0.08933109 0.5475506 -0.09853142 0.8309513 0.595092 0.4761868 0.6473885 -0.5082535 -0.0702002 0.8583416 -0.1028547 0.9133201 0.39404 0.4031939 -0.831707 0.3817045 -0.5863806 -0.2211579 -0.7792606 0.1039403 -0.3135589 -0.943863 -0.03466367 -0.4046379 -0.9138199 0.3790275 -0.3206307 -0.8680635 -1.15484e-5 -0.9753565 -0.2206349 0.04969441 -0.8983863 -0.4363858 -0.3498583 -0.9366781 0.01527875 1.33578e-5 -0.87852 -0.4777057 -0.4012897 0.6217783 0.6725761 -0.8618607 0.4992229 0.08928966 -0.4799228 -0.7423833 0.4674838 -0.6597482 0.6957522 0.2840093 -0.2137302 -0.954356 -0.2086248 -0.7270341 0.09440672 -0.6800801 -0.2483776 -0.4729535 -0.8453542 -0.9446322 0.1624209 -0.2851134 -0.7710819 0.5933378 -0.2310476 -0.8618684 0.4992185 0.08923983 -0.7323021 0.6742442 0.09554272 -0.9446399 0.1624039 -0.2850971 -0.5621781 0.6799624 0.4707515 -0.7710468 0.3714133 0.517242 -0.8303349 0.5074822 0.23023 -0.5124991 0.6395784 0.5729609 -0.315305 0.7892853 -0.5268887 -0.8377808 0.2451918 0.4878569 -0.9185048 -0.07036566 -0.3890987 -0.2509324 0.8931133 0.3733385 -0.3193812 0.752389 -0.5761134 -0.9699544 0.02007418 0.2424576 -0.7879818 -0.1727011 -0.5909817 -0.5483348 0.7571039 0.3551377 0.05107462 -0.7682147 0.6381518 -0.09910327 -0.9755879 0.1959769 -0.1067163 0.07741665 0.9912711 0.03822612 -0.8237776 0.5656228 -0.3282175 0.7560827 -0.5662266 -0.9386479 -0.2678877 -0.2172011 -0.4221593 -0.2331057 -0.8760384 -0.879224 0.4604353 0.1223297 -0.6937245 0.3907078 0.6050569 0.4863563 0.07843637 0.8702329 -0.2495052 -0.8696749 0.4259257 -0.08392876 0.9376177 0.3373859 -0.2249018 -0.6906832 0.6872961 -0.9112651 -0.04316258 0.4095521 -0.8783652 0.1338936 0.4588543 0.2218077 -0.5772085 0.7858956 0.01463621 0.9672179 0.2535259 -0.08838546 0.782145 0.6167958 0.5694919 0.571815 0.5905138 -0.6050162 0.7888502 0.1080322 -0.3324314 0.6103745 0.7189801 -0.3321639 0.6106466 0.7188727 -0.2306171 0.6333495 0.7387045 -0.3702608 0.4106439 0.8332338 -0.3702578 0.4105973 0.8332581 -0.2538158 0.4294744 0.8666772 -0.4716638 0.339125 -0.8139579 -0.3885627 0.5403597 -0.7463447 -0.02727138 0.3804791 -0.9243873 -0.6803166 0.6703308 0.2963548 -0.6028314 0.692874 0.395626 -0.6113941 0.7286576 0.3086348 0.05234611 0.9984194 -0.02046591 0.1971024 -0.5171856 0.8328685 -0.01013875 0.9663453 0.2570486 -0.3114995 0.6752405 0.6685944 -0.2288998 0.7780714 0.5849872 -0.02513521 0.6849116 0.7281925 -0.2525659 0.4659832 0.8479801 -0.3575471 0.2580423 0.8975379 -0.3273075 0.5395112 0.7757561 -0.3163086 -0.3967533 0.8617051 -0.5775621 -0.3251752 0.7487878 -0.3309491 0.4134551 0.8482497 -0.5700223 0.4173435 0.7077422 -0.7509243 0.5990176 0.2780122 -0.994312 -0.07946246 0.07091856 0.03829145 0.8947687 0.4448852 -0.1431367 0.7022863 0.6973564 0.1118507 0.8151228 0.5683876 -0.003718793 0.6079009 0.7940043 0.004966378 -0.1861983 0.9824997 -0.2530485 0.6613142 0.7061374 -0.2525296 0.4660506 0.8479539 -0.5699932 0.4172732 0.7078071 -0.3707712 0.5046035 0.779682 -0.3555786 0.4405395 0.8243111 -0.3272929 0.5395575 0.7757301 -0.3790046 0.5688268 0.7299258 -0.06918168 0.5899599 0.8044634 -0.3848235 0.4046337 0.8295677 -0.1579532 0.7241976 0.671259 -0.6387131 0.6673609 0.3829819 -0.3578946 0.7935638 0.4921056 -0.5736014 0.6308872 0.5224587 -0.9048784 0.375053 0.201322 -0.6699355 0.6607348 -0.3385502 -0.5031915 0.8579754 -0.1033278 -0.5499067 0.2877116 -0.7841076 -0.03783154 0.2236083 -0.9739447 -0.4564972 0.03611874 -0.8889915 -0.1659831 0.8095836 0.563049 -0.1580114 0.7241893 0.6712542 -0.3578497 0.7935717 0.4921258 -0.003008484 0.6039693 0.797002 -0.06920981 0.5899723 0.8044518 -0.009441137 0.7468403 0.6649365 0.008847177 -0.5990196 0.8006856 0.004997193 -0.1862834 0.9824834 0.3231537 -0.614602 0.7196083 0.2753406 0.703189 0.6555247 0.2032584 0.7865572 0.5831072 0.4070034 0.6379421 0.6537417 -0.07163846 0.9972117 -0.02089953 -0.1209568 0.9082361 -0.4005954 -0.01010221 0.9663578 0.2570033 0.5674305 0.4326847 0.700576 0.9969243 -0.05258917 0.05810803 0.7378895 0.6191874 0.2685629 0.616388 0.5396062 0.5734902 0.04155981 0.638552 0.7684557 0.437082 0.8972677 0.06221044 0.6487644 0.7342142 0.200086 0.6047297 0.7155957 0.3496065 0.6394368 0.5625751 0.5240516 -0.03122848 0.4321898 -0.9012418 -0.02722233 0.380465 -0.9243946 0.4214379 0.3677302 -0.8289539 -0.08631199 0.7820535 -0.6172056 0.310883 0.9442183 -0.1086452 -0.153332 0.9808378 -0.1201946 0.3939139 -0.2378401 0.8878424 0.2950233 0.5942534 0.748214 0.652002 -0.1167115 0.7491808 0.712747 0.3600304 -0.6019716 0.9248906 0.3673841 -0.09801185 0.7162969 0.6132354 -0.3329582 0.3175867 0.653514 0.6870649 0.2579673 0.746274 0.6136188 0.3076252 0.6551579 0.6900253 0.5241918 0.845969 -0.09777313 0.7325022 0.6807545 -0.003735065 0.7988532 0.5847848 -0.1409271 0.9478639 -0.2820712 0.14829 0.979874 0.001565515 0.1996111 0.9923473 -0.0568701 -0.1096034 0.9144514 0.02955126 0.4036153 0.979884 0.001562893 0.1995623 0.863561 -0.3576769 0.3554289 0.2394248 -0.7173992 -0.6542279 0.4197056 -0.3852198 -0.8218595 3.59118e-6 -0.8123364 -0.5831891 0.9925541 -0.1174157 -0.03240287 0.4426147 -0.3672449 0.8180608 0.9985252 0.01474732 -0.05225127 -0.3509172 -0.9304181 -0.1057319 -0.9155271 -0.299445 0.2685942 -0.3973662 -0.7724174 0.495451 0.804649 0.06838876 0.5897991 -0.1227008 -0.42636 0.8961929 -0.2154545 0.6369836 0.7401563 0.01334404 -0.9946253 0.1026768 0.431581 -0.6979869 -0.5714474 0.05535244 -0.9830609 0.1747211 0.1139904 -0.8501989 0.5139729 0.5463088 -0.8375271 -0.009749889 0.01330167 -0.9946258 0.1026771 0.768866 0.5956625 -0.2324467 0.7808275 0.6089463 -0.1396171 0.7276814 0.6797016 0.09211748 0.7808139 0.6089563 -0.1396493 0.8682326 0.4744224 -0.145243 0.8023599 0.5883495 0.1003172 0.7808279 0.6089413 -0.1396361 0.768844 0.5956756 -0.2324858 0.6148707 0.6229965 -0.4835385 0.2130264 0.9524786 0.2177254 0.7181245 0.6952171 0.03115206 0.1279919 0.984409 -0.120652 0.1124578 0.9772281 0.1799405 0.2130048 0.9524781 0.2177491 0.04517036 0.977218 -0.2073752 0.9558434 0.1512275 -0.2519798 0.2261645 -0.9695262 -0.09417361 0.7486102 0.08831143 -0.6571027 0.8682603 0.4743632 -0.1452713 0.9627715 0.2164509 -0.1619263 0.9196687 0.3642911 0.1466343 0.6454192 0.7067344 0.2897598 0.8659293 0.4871344 0.1134307 0.621593 0.7419064 0.2513903 0.6720886 0.4582077 0.5816723 0.8881519 0.2381634 0.3930197 0.7403431 0.221714 0.6346141 0.3337854 0.3164047 0.8879613 0.3179432 -0.2244241 0.9211655 8.08314e-4 0.340512 0.9402399 0.6052899 0.7958708 0.01462501 0.7180927 0.6952512 0.03112459 0.8088818 0.5156702 0.2824793 -0.5859804 0.433569 0.6845765 -0.6597837 0.3397018 0.6702896 -0.5336754 -0.4873208 0.691165 -0.5336318 -0.4874252 0.6911251 -0.3402717 -0.5965815 0.7268465 -0.1218752 -0.9407489 0.3164459 -0.3375864 0.931807 0.1333091 0.0455209 0.9510462 -0.3056779 -0.07076251 0.9925078 -0.09960401 -0.2612774 0.9232877 0.2815564 -0.3230773 0.9337911 0.1538029 0.1580588 0.9740583 -0.1619499 -0.05104428 0.8973791 0.4382985 0.07178503 0.03363066 0.9968531 0.5519095 0.7173399 -0.4252287 0.3683198 0.8157328 0.4460049 0.54755 -0.09860616 0.8309428 0.6081138 0.4572674 -0.6489254 -0.1465725 -0.1709187 -0.974322 0.04678344 -0.3159344 -0.947627 0.05027145 -0.9982679 -0.03056204 0.8217811 -0.09836196 -0.5612493 0.9568014 0.2492131 -0.1497464 0.1556939 0.8794771 -0.4497549 -0.5570157 0.8137595 0.1659187 -0.607951 0.7483415 0.2652935 0.1556196 0.8795018 -0.4497324 0.4937493 -0.8447318 -0.2064942 0.4154239 -0.9072697 -0.06545722 0.6760047 -0.07385104 -0.7331873 -0.221852 -0.9372992 -0.2687972 0.1710867 -0.8717469 -0.4591153 -0.2504944 -0.9420151 -0.2232942 -0.4423457 0.6346501 -0.6336795 -0.9477643 0.312869 0.06209546 -0.1904349 -0.7230684 -0.6640081 0.1322117 0.6975585 0.7042247 0.07729452 0.8828488 0.4632533 0.4450532 0.7467864 0.4942042 -0.2504643 -0.9420008 -0.2233881 -0.272781 -0.9357454 -0.2235426 -0.8669694 0.02039986 0.4979436 0.3186339 -0.3416614 -0.8841606 -0.1903905 -0.7230851 -0.6640026 0.2320978 -0.8723712 -0.4302316 1.31577e-5 -0.04306685 -0.9990722 -3.28951e-4 0.227053 -0.9738824 -0.353843 0.001918017 -0.9353029 0.230543 -0.9497235 0.2118379 0.2911955 -0.6946705 0.6577523 0.9494393 -0.2041201 0.2385376 -0.4298705 -0.6922853 0.5796141 -0.3332725 -0.7238748 0.6040984 6.25402e-5 -0.6405913 0.7678822 -0.9995812 -0.001868188 0.0288822 -0.9479719 -0.1454489 0.2831854 -0.4398053 0.1614726 0.883458 0.2910694 -0.8178721 0.4963507 -0.2215546 -0.7267748 -0.6501629 0.8165211 -0.4724084 0.331849 1.45924e-5 -0.8005869 -0.5992168 -0.2393223 -0.717365 -0.6543029 -0.5548685 -0.509664 -0.6575437 -0.4873189 -0.8730366 -0.01810288 -0.8231274 0.002173125 0.5678526 -0.07218247 -0.8568825 0.5104333 -0.004785537 0.56395 -0.8257952 -0.006530761 0.6534487 -0.7569428 -0.316649 0.5777951 -0.7522542 -0.563286 0.7435511 0.3603342 -0.62028 0.7402278 0.2594524 -0.6652591 0.6783876 0.3118022 -0.2786079 0.6741349 0.6840466 -2.55443e-5 0.6419501 0.7667464 -0.2775457 0.5288794 0.8020319 -0.246183 0.9461348 0.210293 -0.1371771 0.9847499 -0.107006 -0.6943154 0.7182189 0.04569089 -0.1100344 0.9750674 0.1927074 0.002619385 0.9880763 -0.1539431 -0.2461787 0.9461243 0.2103444 -0.5629408 -0.7445581 0.3587908 -0.7063754 -0.600051 0.3754635 -0.886148 -0.4276112 0.1785786 -0.3054671 0.7505885 -0.5859239 -0.3170861 0.6640951 -0.6770777 -0.007289648 0.6454189 -0.7637941 -0.6597437 0.69578 0.2839519 -0.6202431 0.7402551 0.2594628 -0.8618186 0.4992918 0.08931148 0.1507192 0.9852887 0.08055931 -0.2158356 0.9053207 -0.3657997 0.1088582 0.9754967 0.1911968 0.2217942 -0.5772635 0.785859 0.4251862 -0.4771232 0.769136 0.0161392 -0.7605422 0.6490879 0.07295536 0.9710413 0.2275 -0.3348641 0.9147865 -0.2259019 0.1354128 0.9856787 0.1005032 0.217225 0.1757233 0.9601743 0.07120424 -0.6967181 0.7138025 -0.2124692 -0.9268277 0.3095921 -0.1331589 0.9146316 0.38173 -0.664866 0.5726289 -0.4796348 -0.1067365 0.07744985 0.9912663 -0.5294737 0.7549759 0.3868709 -0.6640194 0.2939864 -0.6874957 -0.5436176 -0.1526933 0.8253272 0.2054598 -0.1963561 -0.9587652 0.1408165 -0.9895344 0.03150224 0.04248857 -0.3739202 -0.9264872 -0.7710396 -0.286117 -0.5688893 -0.3060085 0.8057504 -0.5070751 -0.9817653 0.0526756 -0.1826534 0.3874403 0.9134543 0.1244647 -0.3060625 0.8057208 -0.5070895 0.4468624 0.8648806 0.2286825 0.4863755 0.07836496 0.8702288 0.4089164 -0.4393534 0.7998475 -0.2495393 -0.8697055 0.4258432 -0.3182538 -0.9340904 -0.1618323 -0.6290313 -0.2440314 -0.7380842 -0.2337623 -0.9721667 -0.01572519 0.5336644 0.3143156 -0.7851167 0.06721866 -0.9216982 -0.3820394 0.9860875 0.1662274 -9.03662e-5 0.5337246 0.3142859 -0.7850876 -0.2989478 0.2008872 -0.9328851 0.06718498 -0.9216811 -0.3820866 0.5680966 -0.819678 -0.07344722 0.06718099 -0.9217163 -0.3820024 0.1176517 -0.9872759 0.1069788 0.7174245 0.4532278 0.5290432 0.5542094 0.7519377 0.3569901 0.5075047 0.6651875 0.5476904</float_array>
          <technique_common>
            <accessor source="#Mesh_0299_rip-mesh-normals-array" count="2656" stride="3">
              <param name="X" type="float"/>
              <param name="Y" type="float"/>
              <param name="Z" type="float"/>
            </accessor>
          </technique_common>
        </source>
        <source id="Mesh_0299_rip-mesh-map-0">
          <float_array id="Mesh_0299_rip-mesh-map-0-array" count="11724">0.0721023 0.05886173 0.08711129 0.0882188 0.08711129 0.0882188 0.08531153 0.07160907 0.08711129 0.0882188 0.0721023 0.05886173 0.08531153 0.07160907 0.08711129 0.0882188 0.08711129 0.0882188 0.115989 0.09930741 0.08711129 0.0882188 0.08531153 0.07160907 0.115989 0.09930741 0.07760417 0.1104454 0.08711129 0.0882188 0.07760417 0.1104454 0.07760417 0.1104454 0.115989 0.09930741 0.07760417 0.1104454 0.08711129 0.0882188 0.07760417 0.1104454 0.05100715 0.1008126 0.08711129 0.0882188 0.07760417 0.1104454 0.05100715 0.1008126 0.08711129 0.0882188 0.08711129 0.0882188 0.07001912 0.07717388 0.08711129 0.0882188 0.05100715 0.1008126 0.07001912 0.07717388 0.0721023 0.05886173 0.08711129 0.0882188 0.06006252 0.06539171 0.0721023 0.05886173 0.07001912 0.07717388 0.06006252 0.06539171 0.06097066 0.05533248 0.0721023 0.05886173 0.05177438 0.07282316 0.06097066 0.05533248 0.06006252 0.06539171 0.05177438 0.07282316 0.04983901 0.05575424 0.06097066 0.05533248 0.04058074 0.07513576 0.04983901 0.05575424 0.05177438 0.07282316 0.04058074 0.07513576 0.03352892 0.06082087 0.04983901 0.05575424 0.02869999 0.08225834 0.03352892 0.06082087 0.04058074 0.07513576 0.02869999 0.08225834 0.01842135 0.07258701 0.03352892 0.06082087 0.01939493 0.0955224 0.01842135 0.07258701 0.02869999 0.08225834 0.01939493 0.0955224 0.003476858 0.09221404 0.01842135 0.07258701 0.003476858 0.1129182 0.003476858 0.09221404 0.01939493 0.0955224 0.003476858 0.1129182 0.01939493 0.0955224 0.003476858 0.09221404 0.01489233 0.1126518 0.01939493 0.0955224 0.003476858 0.1129182 0.01489233 0.1126518 0.01939493 0.0955224 0.01939493 0.0955224 0.0304625 0.1172731 0.01939493 0.0955224 0.01489233 0.1126518 0.0304625 0.1172731 0.05100715 0.1008126 0.01939493 0.0955224 0.0304625 0.1172731 0.05100715 0.1008126 0.0304625 0.1172731 0.0304625 0.1172731 0.04611164 0.1264277 0.05100715 0.1008126 0.01977133 0.1257933 0.04611164 0.1264277 0.0304625 0.1172731 0.01977133 0.1257933 0.0383684 0.1484162 0.04611164 0.1264277 0.02628004 0.1496279 0.0383684 0.1484162 0.01977133 0.1257933 0.02628004 0.1496279 0.03024929 0.1693443 0.0383684 0.1484162 0.02628004 0.1496279 0.03024929 0.1693443 0.02628004 0.1496279 0.02628004 0.1496279 0.03024929 0.1693443 0.03024929 0.1693443 0.01565337 0.1576698 0.03024929 0.1693443 0.02628004 0.1496279 0.01565337 0.1576698 0.01592379 0.1782647 0.03024929 0.1693443 0.003476858 0.1605323 0.01592379 0.1782647 0.01565337 0.1576698 0.003476858 0.1605323 0.003476858 0.1787171 0.01592379 0.1782647 0.01592379 0.1782647 0.003476858 0.1787171 0.003476858 0.1605323 0.01592379 0.1782647 0.01592379 0.1782647 0.003476858 0.1787171 0.03024929 0.1693443 0.01592379 0.1782647 0.01592379 0.1782647 0.03024929 0.1693443 0.02515155 0.1911684 0.01592379 0.1782647 0.03024929 0.1693443 0.02515155 0.1911684 0.03024929 0.1693443 0.03024929 0.1693443 0.02515155 0.1911684 0.02515155 0.1911684 0.04178088 0.1727589 0.02515155 0.1911684 0.03024929 0.1693443 0.04178088 0.1727589 0.04038482 0.1965084 0.02515155 0.1911684 0.05197197 0.2036529 0.04038482 0.1965084 0.04178088 0.1727589 0.05197197 0.2036529 0.02999639 0.2068305 0.04038482 0.1965084 0.04032737 0.2177814 0.02999639 0.2068305 0.05197197 0.2036529 0.04032737 0.2177814 0.04032737 0.2177814 0.02999639 0.2068305 0.04032737 0.2177814 0.04032737 0.2177814 0.04032737 0.2177814 0.04032737 0.2177814 0.03119492 0.2322785 0.04032737 0.2177814 0.03119492 0.2322785 0.03119492 0.2322785 0.04032737 0.2177814 0.03119492 0.2322785 0.004852771 0.2267236 0.03119492 0.2322785 0.0109508 0.2369141 0.004852771 0.2267236 0.03119492 0.2322785 0.0109508 0.2369141 0.004852771 0.2267236 0.004852771 0.2267236 0.0109508 0.2369141 0.004852771 0.2267236 0.0109508 0.2369141 0.05100715 0.1008126 0.02869999 0.08225834 0.01939493 0.0955224 0.04058074 0.07513576 0.02869999 0.08225834 0.05100715 0.1008126 0.04058074 0.07513576 0.04058074 0.07513576 0.02869999 0.08225834 0.05177438 0.07282316 0.04058074 0.07513576 0.04058074 0.07513576 0.05177438 0.07282316 0.05177438 0.07282316 0.04058074 0.07513576 0.06006252 0.06539171 0.05177438 0.07282316 0.05177438 0.07282316 0.06006252 0.06539171 0.06097066 0.05533248 0.05177438 0.07282316 0.0721023 0.05886173 0.06097066 0.05533248 0.06006252 0.06539171 0.0721023 0.05886173 0.0721023 0.05886173 0.06097066 0.05533248 0.08531153 0.07160907 0.0721023 0.05886173 0.0721023 0.05886173 0.08531153 0.07160907 0.0935561 0.05138176 0.0721023 0.05886173 0.115989 0.09930741 0.0935561 0.05138176 0.08531153 0.07160907 0.115989 0.09930741 0.1268963 0.00832051 0.0935561 0.05138176 0.1783242 0.04952728 0.1268963 0.00832051 0.115989 0.09930741 0.1783242 0.04952728 0.2225685 0.03299856 0.1268963 0.00832051 0.2045062 0.07224112 0.2225685 0.03299856 0.1783242 0.04952728 0.2045062 0.07224112 0.2413612 0.06398516 0.2225685 0.03299856 0.2501279 0.08076071 0.2413612 0.06398516 0.2045062 0.07224112 0.2501279 0.08076071 0.2625849 0.0975117 0.2413612 0.06398516 0.2329046 0.1244517 0.2625849 0.0975117 0.2501279 0.08076071 0.2329046 0.1244517 0.2652262 0.1164598 0.2625849 0.0975117 0.2632001 0.1292348 0.2652262 0.1164598 0.2329046 0.1244517 0.2632001 0.1292348 0.2874191 0.1201437 0.2652262 0.1164598 0.2734283 0.1379765 0.2874191 0.1201437 0.2632001 0.1292348 0.2734283 0.1379765 0.2867576 0.1395562 0.2874191 0.1201437 0.2576779 0.1587911 0.2867576 0.1395562 0.2734283 0.1379765 0.2576779 0.1587911 0.3046067 0.163561 0.2867576 0.1395562 0.2530238 0.2020999 0.3046067 0.163561 0.2576779 0.1587911 0.2530238 0.2020999 0.2674258 0.2527852 0.3046067 0.163561 0.1757183 0.2181216 0.2674258 0.2527852 0.2530238 0.2020999 0.1757183 0.2181216 0.2046476 0.2641392 0.2674258 0.2527852 0.1460251 0.2694351 0.2046476 0.2641392 0.1757183 0.2181216 0.1460251 0.2694351 0.112451 0.310694 0.2046476 0.2641392 0.09648001 0.2518945 0.112451 0.310694 0.1460251 0.2694351 0.09648001 0.2518945 0.07894992 0.2790208 0.112451 0.310694 0.06192284 0.2512026 0.07894992 0.2790208 0.09648001 0.2518945 0.06192284 0.2512026 0.04813855 0.2670577 0.07894992 0.2790208 0.03477245 0.283364 0.04813855 0.2670577 0.06192284 0.2512026 0.03477245 0.283364 0.07894992 0.2790208 0.04813855 0.2670577 0.05542969 0.3176622 0.07894992 0.2790208 0.03477245 0.283364 0.05542969 0.3176622 0.112451 0.310694 0.07894992 0.2790208 0.05502772 0.3498224 0.112451 0.310694 0.05542969 0.3176622 0.05502772 0.3498224 0.1127845 0.3409655 0.112451 0.310694 0.05201691 0.3761261 0.1127845 0.3409655 0.05502772 0.3498224 0.05201691 0.3761261 0.1141515 0.3804237 0.1127845 0.3409655 0.003476858 0.2077159 0.003476858 0.2077159 0.003476858 0.2077159 0.003476858 0.2077159 0.003476858 0.2077159 0.003476858 0.2077159 0.003476858 0.2077159 0.003476858 0.2077159 0.003476858 0.2077159 0.02999639 0.2068305 0.003476858 0.2077159 0.003476858 0.2077159 0.02999639 0.2068305 0.02999639 0.2068305 0.003476858 0.2077159 0.04032737 0.2177814 0.02999639 0.2068305 0.02999639 0.2068305 0.04032737 0.2177814 0.04032737 0.2177814 0.02999639 0.2068305 0.04032737 0.2177814 0.04032737 0.2177814 0.04032737 0.2177814 0.04032737 0.2177814 0.05573487 0.2220097 0.04032737 0.2177814 0.04048931 0.2389941 0.05573487 0.2220097 0.04032737 0.2177814 0.04048931 0.2389941 0.06192284 0.2512026 0.05573487 0.2220097 0.02665364 0.2715854 0.06192284 0.2512026 0.04048931 0.2389941 0.02665364 0.2715854 0.03477245 0.283364 0.06192284 0.2512026 0.003476858 0.2757555 0.03477245 0.283364 0.02665364 0.2715854 0.003476858 0.2757555 0.003476858 0.2949247 0.03477245 0.283364 0.03477245 0.283364 0.003476858 0.2949247 0.003476858 0.2757555 0.03477245 0.283364 0.05542969 0.3176622 0.003476858 0.2949247 0.07894992 0.2790208 0.05542969 0.3176622 0.03477245 0.283364 0.07894992 0.2790208 0.112451 0.310694 0.05542969 0.3176622 0.09648001 0.2518945 0.112451 0.310694 0.07894992 0.2790208 0.09648001 0.2518945 0.1460251 0.2694351 0.112451 0.310694 0.1130304 0.2154764 0.1460251 0.2694351 0.09648001 0.2518945 0.1130304 0.2154764 0.1757183 0.2181216 0.1460251 0.2694351 0.1137232 0.1892967 0.1757183 0.2181216 0.1130304 0.2154764 0.1137232 0.1892967 0.1567809 0.1890414 0.1757183 0.2181216 0.1273149 0.1390921 0.1567809 0.1890414 0.1137232 0.1892967 0.1273149 0.1390921 0.2114614 0.1671483 0.1567809 0.1890414 0.1933475 0.1326183 0.2114614 0.1671483 0.1273149 0.1390921 0.1933475 0.1326183 0.2329046 0.1244517 0.2114614 0.1671483 0.1885438 0.1031257 0.2329046 0.1244517 0.1933475 0.1326183 0.1885438 0.1031257 0.2115681 0.08117353 0.2329046 0.1244517 0.2045062 0.07224112 0.2115681 0.08117353 0.1885438 0.1031257 0.2045062 0.07224112 0.2501279 0.08076071 0.2115681 0.08117353 0.2413612 0.06398516 0.2501279 0.08076071 0.2045062 0.07224112 0.2413612 0.06398516 0.2625849 0.0975117 0.2501279 0.08076071 0.286069 0.08529317 0.2625849 0.0975117 0.2413612 0.06398516 0.286069 0.08529317 0.2652262 0.1164598 0.2625849 0.0975117 0.2874191 0.1201437 0.2652262 0.1164598 0.286069 0.08529317 0.2874191 0.1201437 0.2632001 0.1292348 0.2652262 0.1164598 0.2734283 0.1379765 0.2632001 0.1292348 0.2874191 0.1201437 0.2734283 0.1379765 0.2523387 0.1464824 0.2632001 0.1292348 0.2576779 0.1587911 0.2523387 0.1464824 0.2734283 0.1379765 0.2576779 0.1587911 0.2301049 0.1561242 0.2523387 0.1464824 0.2114614 0.1671483 0.2301049 0.1561242 0.2576779 0.1587911 0.2114614 0.1671483 0.2329046 0.1244517 0.2301049 0.1561242 6.7684e-4 0.9182011 0.07483607 0.8542436 6.7684e-4 0.8701639 0.06997627 0.9160645 0.07483607 0.8542436 6.7684e-4 0.9182011 0.06997627 0.9160645 0.1211259 0.8595737 0.07483607 0.8542436 0.1138221 0.9183483 0.1211259 0.8595737 0.06997627 0.9160645 0.1138221 0.9183483 0.1558694 0.8882077 0.1211259 0.8595737 0.1588505 0.9219695 0.1558694 0.8882077 0.1138221 0.9183483 0.1588505 0.9219695 0.1973041 0.9226969 0.1558694 0.8882077 0.19669 0.9587475 0.1973041 0.9226969 0.1588505 0.9219695 0.19669 0.9587475 0.2406792 0.9265351 0.1973041 0.9226969 0.2387247 0.9641299 0.2406792 0.9265351 0.19669 0.9587475 0.2387247 0.9641299 0.2769607 0.9685607 0.2406792 0.9265351 0.2769607 0.9843435 0.2769607 0.9685607 0.2387247 0.9641299 0.2769607 0.9843435 0.3151966 0.9641299 0.2769607 0.9685607 0.3605482 0.9843435 0.3151966 0.9641299 0.2769607 0.9843435 0.3605482 0.9843435 0.3572313 0.9587475 0.3151966 0.9641299 0.4009394 0.9537107 0.3572313 0.9587475 0.3605482 0.9843435 0.4009394 0.9537107 0.3950708 0.9219695 0.3572313 0.9587475 0.4343838 0.9497589 0.3950708 0.9219695 0.4009394 0.9537107 0.4343838 0.9497589 0.4400992 0.9183483 0.3950708 0.9219695 0.4904735 0.9101186 0.4400992 0.9183483 0.4343838 0.9497589 0.4904735 0.9101186 0.4327954 0.8595737 0.4400992 0.9183483 0.4790852 0.8638218 0.4327954 0.8595737 0.4904735 0.9101186 0.4790852 0.8638218 0.4749624 0.8174108 0.4327954 0.8595737 0.5498055 0.873741 0.4749624 0.8174108 0.4790852 0.8638218 0.5498055 0.873741 0.5498055 0.8146812 0.4749624 0.8174108 0.6252359 0.8228805 0.5498055 0.8146812 0.5498055 0.873741 0.6252359 0.8228805 0.6238493 0.779776 0.5498055 0.8146812 0.7172242 0.821941 0.6238493 0.779776 0.6252359 0.8228805 0.7172242 0.821941 0.7126895 0.7871679 0.6238493 0.779776 0.7729228 0.822121 0.7126895 0.7871679 0.7172242 0.821941 0.7729228 0.822121 0.7729228 0.789381 0.7126895 0.7871679 0.833156 0.7871679 0.7729228 0.789381 0.7729228 0.822121 0.833156 0.7871679 0.7729228 0.7500933 0.7729228 0.789381 0.8241345 0.7479802 0.7729228 0.7500933 0.833156 0.7871679 0.8241345 0.7479802 0.7729228 0.7225559 0.7729228 0.7500933 0.8100308 0.7203514 0.7729228 0.7225559 0.8241345 0.7479802 0.8100308 0.7203514 0.8100308 0.7203514 0.7729228 0.7225559 0.8655575 0.7100028 0.8100308 0.7203514 0.8100308 0.7203514 0.8655575 0.7100028 0.8471353 0.6893813 0.8100308 0.7203514 0.8884373 0.6860135 0.8471353 0.6893813 0.8655575 0.7100028 0.8884373 0.6860135 0.8764204 0.6709302 0.8471353 0.6893813 0.3964186 0.01417344 0.3964186 0.01417344 0.3793558 0.01561254 0.4136471 0.01797765 0.3964186 0.01417344 0.3964186 0.01417344 0.4136471 0.01797765 0.4136471 0.01797765 0.3964186 0.01417344 0.4328844 0.02104842 0.4136471 0.01797765 0.4136471 0.01797765 0.4328844 0.02104842 0.4328844 0.02104842 0.4136471 0.01797765 0.4367225 0.04259657 0.4328844 0.02104842 0.4328844 0.02104842 0.4367225 0.04259657 0.4367225 0.04259657 0.4328844 0.02104842 0.4411051 0.05915945 0.4367225 0.04259657 0.4367225 0.04259657 0.4411051 0.05915945 0.4411051 0.05915945 0.4367225 0.04259657 0.4328844 0.0824365 0.4411051 0.05915945 0.4411051 0.05915945 0.4328844 0.0824365 0.4490114 0.07920634 0.4411051 0.05915945 0.4328844 0.0824365 0.4490114 0.07920634 0.4328844 0.0824365 0.4328844 0.0824365 0.4328844 0.09714353 0.4490114 0.07920634 0.420135 0.1038026 0.4328844 0.09714353 0.4328844 0.0824365 0.420135 0.1038026 0.4309672 0.1179049 0.4328844 0.09714353 0.4045944 0.1109942 0.4309672 0.1179049 0.420135 0.1038026 0.4045944 0.1109942 0.4309672 0.1179049 0.4309672 0.1179049 0.3875318 0.1124331 0.4309672 0.1179049 0.4045944 0.1109942 0.3875318 0.1124331 0.3865222 0.1226965 0.4309672 0.1179049 0.3710048 0.1079465 0.3865222 0.1226965 0.3875318 0.1124331 0.3710048 0.1079465 0.3666732 0.1173079 0.3865222 0.1226965 0.3570077 0.09807544 0.3666732 0.1173079 0.3710048 0.1079465 0.3570077 0.09807544 0.3498619 0.1054522 0.3666732 0.1173079 0.347228 0.08400994 0.3498619 0.1054522 0.3570077 0.09807544 0.347228 0.08400994 0.3381165 0.08855956 0.3498619 0.1054522 0.3428453 0.0674473 0.3381165 0.08855956 0.347228 0.08400994 0.3428453 0.0674473 0.3328529 0.06866729 0.3381165 0.08855956 0.3443883 0.05038446 0.3328529 0.06866729 0.3428453 0.0674473 0.3443883 0.05038446 0.3443883 0.05038446 0.3328529 0.06866729 0.3516713 0.03488004 0.3443883 0.05038446 0.3443883 0.05038446 0.3516713 0.03488004 0.3516713 0.03488004 0.3443883 0.05038446 0.3638155 0.02280384 0.3516713 0.03488004 0.3516713 0.03488004 0.3638155 0.02280384 0.3638155 0.02280384 0.3516713 0.03488004 0.3793558 0.01561254 0.3638155 0.02280384 0.3638155 0.02280384 0.3793558 0.01561254 0.3793558 0.01561254 0.3638155 0.02280384 0.3964186 0.01417344 0.3793558 0.01561254 0.3793558 0.01561254 0.3793558 0.01561254 0.3964186 0.01417344 0.3793558 0.01561254 0.3964186 0.01417344 0.3964186 0.01417344 0.3793558 0.01561254 0.3964186 0.01417344 0.4136471 0.01797765 0.3964186 0.01417344 0.4136471 0.01797765 0.4136471 0.01797765 0.3964186 0.01417344 0.4136471 0.01797765 0.4328844 0.02104842 0.4136471 0.01797765 0.4328844 0.02104842 0.4328844 0.02104842 0.4136471 0.01797765 0.4328844 0.02104842 0.4367225 0.04259657 0.4328844 0.02104842 0.4367225 0.04259657 0.4367225 0.04259657 0.4328844 0.02104842 0.4367225 0.04259657 0.4411051 0.05915945 0.4367225 0.04259657 0.4411051 0.05915945 0.4411051 0.05915945 0.4367225 0.04259657 0.4411051 0.05915945 0.4328844 0.0824365 0.4411051 0.05915945 0.4490114 0.07920634 0.4328844 0.0824365 0.4411051 0.05915945 0.4490114 0.07920634 0.4328844 0.0824365 0.4328844 0.0824365 0.4328844 0.09714353 0.4328844 0.0824365 0.4490114 0.07920634 0.4328844 0.09714353 0.420135 0.1038026 0.4328844 0.0824365 0.4309672 0.1179049 0.420135 0.1038026 0.4328844 0.09714353 0.4309672 0.1179049 0.4045944 0.1109942 0.420135 0.1038026 0.4309672 0.1179049 0.4045944 0.1109942 0.4309672 0.1179049 0.4309672 0.1179049 0.3875318 0.1124331 0.4045944 0.1109942 0.3865222 0.1226965 0.3875318 0.1124331 0.4309672 0.1179049 0.3865222 0.1226965 0.3710048 0.1079465 0.3875318 0.1124331 0.3666732 0.1173079 0.3710048 0.1079465 0.3865222 0.1226965 0.3666732 0.1173079 0.3570077 0.09807544 0.3710048 0.1079465 0.3498619 0.1054522 0.3570077 0.09807544 0.3666732 0.1173079 0.3498619 0.1054522 0.347228 0.08400994 0.3570077 0.09807544 0.3381165 0.08855956 0.347228 0.08400994 0.3498619 0.1054522 0.3381165 0.08855956 0.3428453 0.0674473 0.347228 0.08400994 0.3328529 0.06866729 0.3428453 0.0674473 0.3381165 0.08855956 0.3328529 0.06866729 0.3443883 0.05038446 0.3428453 0.0674473 0.3443883 0.05038446 0.3443883 0.05038446 0.3328529 0.06866729 0.3443883 0.05038446 0.3516713 0.03488004 0.3443883 0.05038446 0.3516713 0.03488004 0.3516713 0.03488004 0.3443883 0.05038446 0.3516713 0.03488004 0.3638155 0.02280384 0.3516713 0.03488004 0.3638155 0.02280384 0.3638155 0.02280384 0.3516713 0.03488004 0.3638155 0.02280384 0.3793558 0.01561254 0.3638155 0.02280384 0.3793558 0.01561254 0.3793558 0.01561254 0.3638155 0.02280384 0.4086453 0.5144461 0.3658553 0.4424093 0.3561426 0.5018644 0.4083065 0.4775822 0.3658553 0.4424093 0.4086453 0.5144461 0.4083065 0.4775822 0.387037 0.4042354 0.3658553 0.4424093 0.416655 0.4376766 0.387037 0.4042354 0.4083065 0.4775822 0.416655 0.4376766 0.4059158 0.3899164 0.387037 0.4042354 0.4333005 0.4097467 0.4059158 0.3899164 0.416655 0.4376766 0.4333005 0.4097467 0.4161453 0.3782382 0.4059158 0.3899164 0.4294697 0.3756662 0.4161453 0.3782382 0.4333005 0.4097467 0.4294697 0.3756662 0.4139152 0.3263297 0.4161453 0.3782382 0.4358005 0.3380296 0.4139152 0.3263297 0.4294697 0.3756662 0.4358005 0.3380296 0.4449876 0.3053829 0.4139152 0.3263297 0.4575771 0.3260861 0.4449876 0.3053829 0.4358005 0.3380296 0.4575771 0.3260861 0.4640342 0.3024928 0.4449876 0.3053829 0.483726 0.3018415 0.4640342 0.3024928 0.4575771 0.3260861 0.483726 0.3018415 0.4865801 0.2744268 0.4640342 0.3024928 0.5029489 0.3020101 0.4865801 0.2744268 0.483726 0.3018415 0.5029489 0.3020101 0.5106507 0.2790502 0.4865801 0.2744268 0.5280096 0.3015965 0.5106507 0.2790502 0.5029489 0.3020101 0.5280096 0.3015965 0.5383684 0.290677 0.5106507 0.2790502 0.5584597 0.3256888 0.5383684 0.290677 0.5280096 0.3015965 0.5584597 0.3256888 0.5855993 0.3231036 0.5383684 0.290677 0.5576072 0.3740715 0.5855993 0.3231036 0.5584597 0.3256888 0.5576072 0.3740715 0.5731354 0.3821405 0.5855993 0.3231036 0.5370312 0.4081247 0.5731354 0.3821405 0.5576072 0.3740715 0.5370312 0.4081247 0.5548357 0.4400697 0.5731354 0.3821405 0.4947889 0.455333 0.5548357 0.4400697 0.5370312 0.4081247 0.4947889 0.455333 0.5552114 0.4858631 0.5548357 0.4400697 0.4947976 0.49787 0.5552114 0.4858631 0.4947889 0.455333 0.4947976 0.49787 0.5532794 0.5250056 0.5552114 0.4858631 0.4944307 0.5347234 0.5532794 0.5250056 0.4947976 0.49787 0.4944307 0.5347234 0.4938102 0.5639814 0.5532794 0.5250056 0.4086453 0.5144461 0.4938102 0.5639814 0.4944307 0.5347234 0.4086453 0.5144461 0.4100531 0.5487708 0.4938102 0.5639814 0.3561426 0.5018644 0.4100531 0.5487708 0.4086453 0.5144461 0.3561426 0.5018644 0.4186225 0.5739708 0.4100531 0.5487708 0.3502112 0.5294539 0.4186225 0.5739708 0.3561426 0.5018644 0.8260098 0.4389117 0.7904832 0.3958781 0.7951987 0.443299 0.8253164 0.3909789 0.7904832 0.3958781 0.8260098 0.4389117 0.8253164 0.3909789 0.7942404 0.339825 0.7904832 0.3958781 0.8242507 0.3440959 0.7942404 0.339825 0.8253164 0.3909789 0.8242507 0.3440959 0.8163176 0.3139851 0.7942404 0.339825 0.8163176 0.3139851 0.8163176 0.3139851 0.8242507 0.3440959 0.8163176 0.3139851 0.8163176 0.3139851 0.8163176 0.3139851 0.8163176 0.3139851 0.8163176 0.3139851 0.8163176 0.3139851 0.8163176 0.3139851 0.8044233 0.3057684 0.8163176 0.3139851 0.8044233 0.3057684 0.8044233 0.3057684 0.8163176 0.3139851 0.8044233 0.3057684 0.7925472 0.3163164 0.8044233 0.3057684 0.7916703 0.3287939 0.7925472 0.3163164 0.8044233 0.3057684 0.7916703 0.3287939 0.7942404 0.339825 0.7925472 0.3163164 0.7925472 0.3163164 0.7942404 0.339825 0.7916703 0.3287939 0.7925472 0.3163164 0.7783737 0.3220593 0.7942404 0.339825 0.7782542 0.3089467 0.7783737 0.3220593 0.7925472 0.3163164 0.7782542 0.3089467 0.7660521 0.3074644 0.7783737 0.3220593 0.7748849 0.2802924 0.7660521 0.3074644 0.7782542 0.3089467 0.7748849 0.2802924 0.7510101 0.3024789 0.7660521 0.3074644 0.7692083 0.269115 0.7510101 0.3024789 0.7748849 0.2802924 0.7692083 0.269115 0.7664401 0.2557219 0.7510101 0.3024789 0.7692083 0.269115 0.7664401 0.2557219 0.7692083 0.269115 0.7692083 0.269115 0.7692083 0.269115 0.7664401 0.2557219 0.7748849 0.2802924 0.7692083 0.269115 0.7692083 0.269115 0.7748849 0.2802924 0.791444 0.2741445 0.7692083 0.269115 0.791444 0.28768 0.791444 0.2741445 0.7748849 0.2802924 0.791444 0.28768 0.791444 0.2606089 0.791444 0.2741445 0.7782542 0.3089467 0.791444 0.2606089 0.791444 0.28768 0.7782542 0.3089467 0.7925472 0.3163164 0.791444 0.2606089 0.7925472 0.3163164 0.7925472 0.3163164 0.7782542 0.3089467 0.7904832 0.3958781 0.8253164 0.3909789 0.8260098 0.4389117 0.7942404 0.339825 0.8253164 0.3909789 0.7904832 0.3958781 0.7942404 0.339825 0.8242507 0.3440959 0.8253164 0.3909789 0.8163176 0.3139851 0.8242507 0.3440959 0.7942404 0.339825 0.8163176 0.3139851 0.8163176 0.3139851 0.8242507 0.3440959 0.8163176 0.3139851 0.8163176 0.3139851 0.8163176 0.3139851 0.8163176 0.3139851 0.8163176 0.3139851 0.8163176 0.3139851 0.8044233 0.3057684 0.8163176 0.3139851 0.8163176 0.3139851 0.8044233 0.3057684 0.8044233 0.3057684 0.8163176 0.3139851 0.7925472 0.3163164 0.8044233 0.3057684 0.8044233 0.3057684 0.7925472 0.3163164 0.7916703 0.3287939 0.8044233 0.3057684 0.7942404 0.339825 0.7916703 0.3287939 0.7925472 0.3163164 0.7942404 0.339825 0.7925472 0.3163164 0.7916703 0.3287939 0.7783737 0.3220593 0.7925472 0.3163164 0.7942404 0.339825 0.7783737 0.3220593 0.7782542 0.3089467 0.7925472 0.3163164 0.7660521 0.3074644 0.7782542 0.3089467 0.7783737 0.3220593 0.7660521 0.3074644 0.7748849 0.2802924 0.7782542 0.3089467 0.7510101 0.3024789 0.7748849 0.2802924 0.7660521 0.3074644 0.7510101 0.3024789 0.7692083 0.269115 0.7748849 0.2802924 0.7664401 0.2557219 0.7692083 0.269115 0.7510101 0.3024789 0.7664401 0.2557219 0.7692083 0.269115 0.7692083 0.269115 0.7692083 0.269115 0.7692083 0.269115 0.7664401 0.2557219 0.7692083 0.269115 0.7748849 0.2802924 0.7692083 0.269115 0.791444 0.2741445 0.7748849 0.2802924 0.7692083 0.269115 0.791444 0.2741445 0.791444 0.28768 0.7748849 0.2802924 0.791444 0.2606089 0.791444 0.28768 0.791444 0.2741445 0.791444 0.2606089 0.7782542 0.3089467 0.791444 0.28768 0.7925472 0.3163164 0.7782542 0.3089467 0.791444 0.2606089 0.7925472 0.3163164 0.7925472 0.3163164 0.7782542 0.3089467 0.7157939 0.3045304 0.7324494 0.2747471 0.7339236 0.3046969 0.7237982 0.2659032 0.7324494 0.2747471 0.7157939 0.3045304 0.7237982 0.2659032 0.7237982 0.2659032 0.7324494 0.2747471 0.7174128 0.2536208 0.7237982 0.2659032 0.7237982 0.2659032 0.7174128 0.2536208 0.7237982 0.2659032 0.7237982 0.2659032 0.7467474 0.2572815 0.7237982 0.2659032 0.7174128 0.2536208 0.7467474 0.2572815 0.7392649 0.2640196 0.7237982 0.2659032 0.7324494 0.2747471 0.7392649 0.2640196 0.7467474 0.2572815 0.7324494 0.2747471 0.7324494 0.2747471 0.7392649 0.2640196 0.7510101 0.3024789 0.7324494 0.2747471 0.7324494 0.2747471 0.7510101 0.3024789 0.7339236 0.3046969 0.7324494 0.2747471 0.7348282 0.3235794 0.7339236 0.3046969 0.7510101 0.3024789 0.7348282 0.3235794 0.7157939 0.3045304 0.7339236 0.3046969 0.7030674 0.3304992 0.7157939 0.3045304 0.7348282 0.3235794 0.7030674 0.3304992 0.7017189 0.3120267 0.7157939 0.3045304 0.6864981 0.3208048 0.7017189 0.3120267 0.7030674 0.3304992 0.6864981 0.3208048 0.690266 0.2887569 0.7017189 0.3120267 0.6790584 0.2845238 0.690266 0.2887569 0.6864981 0.3208048 0.6790584 0.2845238 0.6790584 0.2845238 0.690266 0.2887569 0.6675907 0.2732768 0.6790584 0.2845238 0.6790584 0.2845238 0.6675907 0.2732768 0.6790584 0.2845238 0.6790584 0.2845238 0.6928989 0.2771899 0.6790584 0.2845238 0.6675907 0.2732768 0.6928989 0.2771899 0.6928989 0.2771899 0.6790584 0.2845238 0.690266 0.2887569 0.6928989 0.2771899 0.6928989 0.2771899 0.690266 0.2887569 0.690266 0.2887569 0.6928989 0.2771899 0.7157939 0.3045304 0.690266 0.2887569 0.690266 0.2887569 0.7157939 0.3045304 0.7017189 0.3120267 0.690266 0.2887569 0.7157939 0.3045304 0.690266 0.2887569 0.7017189 0.3120267 0.690266 0.2887569 0.690266 0.2887569 0.7157939 0.3045304 0.690266 0.2887569 0.6928989 0.2771899 0.690266 0.2887569 0.6928989 0.2771899 0.6928989 0.2771899 0.690266 0.2887569 0.6928989 0.2771899 0.6790584 0.2845238 0.6928989 0.2771899 0.6675907 0.2732768 0.6790584 0.2845238 0.6928989 0.2771899 0.6675907 0.2732768 0.6790584 0.2845238 0.6790584 0.2845238 0.6790584 0.2845238 0.6790584 0.2845238 0.6675907 0.2732768 0.6790584 0.2845238 0.690266 0.2887569 0.6790584 0.2845238 0.6864981 0.3208048 0.690266 0.2887569 0.6790584 0.2845238 0.6864981 0.3208048 0.7017189 0.3120267 0.690266 0.2887569 0.7030674 0.3304992 0.7017189 0.3120267 0.6864981 0.3208048 0.7030674 0.3304992 0.7157939 0.3045304 0.7017189 0.3120267 0.7348282 0.3235794 0.7157939 0.3045304 0.7030674 0.3304992 0.7348282 0.3235794 0.7339236 0.3046969 0.7157939 0.3045304 0.7510101 0.3024789 0.7339236 0.3046969 0.7348282 0.3235794 0.7510101 0.3024789 0.7324494 0.2747471 0.7339236 0.3046969 0.7324494 0.2747471 0.7324494 0.2747471 0.7510101 0.3024789 0.7324494 0.2747471 0.7392649 0.2640196 0.7324494 0.2747471 0.7467474 0.2572815 0.7392649 0.2640196 0.7324494 0.2747471 0.7467474 0.2572815 0.7237982 0.2659032 0.7392649 0.2640196 0.7174128 0.2536208 0.7237982 0.2659032 0.7467474 0.2572815 0.7174128 0.2536208 0.7237982 0.2659032 0.7237982 0.2659032 0.7237982 0.2659032 0.7237982 0.2659032 0.7174128 0.2536208 0.7237982 0.2659032 0.7324494 0.2747471 0.7237982 0.2659032 0.7157939 0.3045304 0.7324494 0.2747471 0.7237982 0.2659032 0.7157939 0.3045304 0.7339236 0.3046969 0.7324494 0.2747471 0.1933731 0.9843435 0.2769607 0.9843435 0.2387247 0.9641299 0.2769607 0.9979003 0.2769607 0.9843435 0.1933731 0.9843435 0.2769607 0.9979003 0.3605482 0.9843435 0.2769607 0.9843435 0.3638252 0.9979003 0.3605482 0.9843435 0.2769607 0.9979003 0.3638252 0.9979003 0.4035481 0.9843435 0.3605482 0.9843435 0.4320051 0.9979003 0.4035481 0.9843435 0.3638252 0.9979003 0.4320051 0.9979003 0.4306786 0.9843435 0.4035481 0.9843435 0.4891145 0.9802191 0.4306786 0.9843435 0.4320051 0.9979003 0.4891145 0.9802191 0.4863305 0.942468 0.4306786 0.9843435 0.5498055 0.9843435 0.4863305 0.942468 0.4891145 0.9802191 0.5498055 0.9843435 0.5498055 0.9182011 0.4863305 0.942468 0.6265087 0.9843435 0.5498055 0.9182011 0.5498055 0.9843435 0.6265087 0.9843435 0.6254747 0.9212315 0.5498055 0.9182011 0.7163028 0.9843435 0.6254747 0.9212315 0.6265087 0.9843435 0.7163028 0.9843435 0.7184461 0.9209858 0.6254747 0.9212315 0.7729228 0.9843435 0.7184461 0.9209858 0.7163028 0.9843435 0.7729228 0.9843435 0.7729228 0.9250121 0.7184461 0.9209858 0.8273993 0.9209858 0.7729228 0.9250121 0.7729228 0.9843435 0.8273993 0.9209858 0.7729228 0.8683598 0.7729228 0.9250121 0.827064 0.8689983 0.7729228 0.8683598 0.8273993 0.9209858 0.827064 0.8689983 0.8286212 0.821941 0.7729228 0.8683598 0.9206095 0.8228805 0.8286212 0.821941 0.827064 0.8689983 0.9206095 0.8228805 0.9219961 0.779776 0.8286212 0.821941 0.9982509 0.8146812 0.9219961 0.779776 0.9206095 0.8228805 0.9982509 0.8146812 0.9982509 0.771869 0.9219961 0.779776 0.7795821 0.1508237 0.7788671 0.1275779 0.7904059 0.1811585 0.7589387 0.1535726 0.7788671 0.1275779 0.7795821 0.1508237 0.7589387 0.1535726 0.7465406 0.1436617 0.7788671 0.1275779 0.740273 0.1597326 0.7465406 0.1436617 0.7589387 0.1535726 0.740273 0.1597326 0.718325 0.1584557 0.7465406 0.1436617 0.7313388 0.1748621 0.718325 0.1584557 0.740273 0.1597326 0.7313388 0.1748621 0.7319277 0.1894425 0.718325 0.1584557 0.7567778 0.187455 0.7319277 0.1894425 0.7313388 0.1748621 0.7567778 0.187455 0.794933 0.1916727 0.7319277 0.1894425 0.7904059 0.1811585 0.794933 0.1916727 0.7567778 0.187455 0.7904059 0.1811585 0.8085688 0.1670357 0.794933 0.1916727 0.7788671 0.1275779 0.8085688 0.1670357 0.7904059 0.1811585 0.7788671 0.1275779 0.841651 0.1587929 0.8085688 0.1670357 0.8381709 0.1285536 0.841651 0.1587929 0.7788671 0.1275779 0.8381709 0.1285536 0.897608 0.1221647 0.841651 0.1587929 0.8763555 0.005669474 0.897608 0.1221647 0.8381709 0.1285536 0.8763555 0.005669474 0.9707415 0.005669832 0.897608 0.1221647 0.897608 0.1221647 0.9707415 0.005669832 0.8763555 0.005669474 0.897608 0.1221647 0.9109773 0.17235 0.9707415 0.005669832 0.841651 0.1587929 0.9109773 0.17235 0.897608 0.1221647 0.841651 0.1587929 0.8282601 0.2082425 0.9109773 0.17235 0.8085688 0.1670357 0.8282601 0.2082425 0.841651 0.1587929 0.8085688 0.1670357 0.794933 0.1916727 0.8282601 0.2082425 0.7904059 0.1811585 0.794933 0.1916727 0.8085688 0.1670357 0.7904059 0.1811585 0.7567778 0.187455 0.794933 0.1916727 0.0109508 0.2369141 0.005601525 0.2568266 0.0109508 0.2369141 0.01353383 0.2470123 0.005601525 0.2568266 0.0109508 0.2369141 0.01353383 0.2470123 0.02665364 0.2715854 0.005601525 0.2568266 0.04048931 0.2389941 0.02665364 0.2715854 0.01353383 0.2470123 0.04048931 0.2389941 0.06192284 0.2512026 0.02665364 0.2715854 0.05573487 0.2220097 0.06192284 0.2512026 0.04048931 0.2389941 0.05573487 0.2220097 0.07436531 0.2192083 0.06192284 0.2512026 0.05197197 0.2036529 0.07436531 0.2192083 0.05573487 0.2220097 0.05197197 0.2036529 0.07007324 0.1918523 0.07436531 0.2192083 0.04178088 0.1727589 0.07007324 0.1918523 0.05197197 0.2036529 0.04178088 0.1727589 0.05848693 0.1642697 0.07007324 0.1918523 0.0383684 0.1484162 0.05848693 0.1642697 0.04178088 0.1727589 0.0383684 0.1484162 0.06352704 0.1396687 0.05848693 0.1642697 0.04611164 0.1264277 0.06352704 0.1396687 0.0383684 0.1484162 0.04611164 0.1264277 0.05583375 0.1231815 0.06352704 0.1396687 0.05100715 0.1008126 0.05583375 0.1231815 0.04611164 0.1264277 0.05100715 0.1008126 0.07760417 0.1104454 0.05583375 0.1231815 0.07760417 0.1104454 0.07760417 0.1104454 0.05100715 0.1008126 0.07760417 0.1104454 0.08792203 0.1281171 0.07760417 0.1104454 0.115989 0.09930741 0.08792203 0.1281171 0.07760417 0.1104454 0.115989 0.09930741 0.1273149 0.1390921 0.08792203 0.1281171 0.1885438 0.1031257 0.1273149 0.1390921 0.115989 0.09930741 0.1885438 0.1031257 0.1933475 0.1326183 0.1273149 0.1390921 0.1885438 0.1031257 0.1933475 0.1326183 0.1885438 0.1031257 0.578853 0.5738382 0.5877723 0.5886002 0.6078773 0.5616267 0.5459098 0.5978969 0.5877723 0.5886002 0.578853 0.5738382 0.5459098 0.5978969 0.5664696 0.6051021 0.5877723 0.5886002 0.5480859 0.6154102 0.5664696 0.6051021 0.5459098 0.5978969 0.5480859 0.6154102 0.5480859 0.6154102 0.5664696 0.6051021 0.4882026 0.6225187 0.5480859 0.6154102 0.5480859 0.6154102 0.4882026 0.6225187 0.4969226 0.6370866 0.5480859 0.6154102 0.4469838 0.6578177 0.4969226 0.6370866 0.4882026 0.6225187 0.4469838 0.6578177 0.4632019 0.661888 0.4969226 0.6370866 0.4464702 0.6921085 0.4632019 0.661888 0.4469838 0.6578177 0.4464702 0.6921085 0.4625388 0.6854888 0.4632019 0.661888 0.4663552 0.7126936 0.4625388 0.6854888 0.4464702 0.6921085 0.4663552 0.7126936 0.4764308 0.7011016 0.4625388 0.6854888 0.512685 0.7139238 0.4764308 0.7011016 0.4663552 0.7126936 0.512685 0.7139238 0.5124433 0.6974851 0.4764308 0.7011016 0.5777786 0.7081061 0.5124433 0.6974851 0.512685 0.7139238 0.5777786 0.7081061 0.5660158 0.683462 0.5124433 0.6974851 0.5903936 0.6899322 0.5660158 0.683462 0.5777786 0.7081061 0.5903936 0.6899322 0.587854 0.6702895 0.5660158 0.683462 0.6115405 0.6936606 0.587854 0.6702895 0.5903936 0.6899322 0.6115405 0.6936606 0.6102346 0.6779457 0.587854 0.6702895 0.6403598 0.6890386 0.6102346 0.6779457 0.6115405 0.6936606 0.6403598 0.6890386 0.63493 0.6753267 0.6102346 0.6779457 0.6403598 0.6890386 0.6102346 0.6779457 0.63493 0.6753267 0.6115405 0.6936606 0.6102346 0.6779457 0.6403598 0.6890386 0.6115405 0.6936606 0.587854 0.6702895 0.6102346 0.6779457 0.5903936 0.6899322 0.587854 0.6702895 0.6115405 0.6936606 0.5903936 0.6899322 0.5660158 0.683462 0.587854 0.6702895 0.5777786 0.7081061 0.5660158 0.683462 0.5903936 0.6899322 0.5777786 0.7081061 0.5124433 0.6974851 0.5660158 0.683462 0.512685 0.7139238 0.5124433 0.6974851 0.5777786 0.7081061 0.512685 0.7139238 0.4764308 0.7011016 0.5124433 0.6974851 0.4663552 0.7126936 0.4764308 0.7011016 0.512685 0.7139238 0.4663552 0.7126936 0.4625388 0.6854888 0.4764308 0.7011016 0.4464702 0.6921085 0.4625388 0.6854888 0.4663552 0.7126936 0.4464702 0.6921085 0.4632019 0.661888 0.4625388 0.6854888 0.4469838 0.6578177 0.4632019 0.661888 0.4464702 0.6921085 0.4469838 0.6578177 0.4969226 0.6370866 0.4632019 0.661888 0.4882026 0.6225187 0.4969226 0.6370866 0.4469838 0.6578177 0.4882026 0.6225187 0.5480859 0.6154102 0.4969226 0.6370866 0.5480859 0.6154102 0.5480859 0.6154102 0.4882026 0.6225187 0.5480859 0.6154102 0.5664696 0.6051021 0.5480859 0.6154102 0.5459098 0.5978969 0.5664696 0.6051021 0.5480859 0.6154102 0.5459098 0.5978969 0.5877723 0.5886002 0.5664696 0.6051021 0.578853 0.5738382 0.5877723 0.5886002 0.5459098 0.5978969 0.578853 0.5738382 0.6078773 0.5616267 0.5877723 0.5886002 0.07436531 0.2192083 0.05197197 0.2036529 0.05573487 0.2220097 0.07007324 0.1918523 0.05197197 0.2036529 0.07436531 0.2192083 0.07007324 0.1918523 0.04178088 0.1727589 0.05197197 0.2036529 0.05848693 0.1642697 0.04178088 0.1727589 0.07007324 0.1918523 0.05848693 0.1642697 0.0383684 0.1484162 0.04178088 0.1727589 0.06352704 0.1396687 0.0383684 0.1484162 0.05848693 0.1642697 0.06352704 0.1396687 0.04611164 0.1264277 0.0383684 0.1484162 0.05583375 0.1231815 0.04611164 0.1264277 0.06352704 0.1396687 0.05583375 0.1231815 0.05100715 0.1008126 0.04611164 0.1264277 0.07760417 0.1104454 0.05100715 0.1008126 0.05583375 0.1231815 0.07760417 0.1104454 0.07760417 0.1104454 0.05100715 0.1008126 0.08792203 0.1281171 0.07760417 0.1104454 0.07760417 0.1104454 0.08792203 0.1281171 0.115989 0.09930741 0.07760417 0.1104454 0.1273149 0.1390921 0.115989 0.09930741 0.08792203 0.1281171 0.1273149 0.1390921 0.1885438 0.1031257 0.115989 0.09930741 0.1933475 0.1326183 0.1885438 0.1031257 0.1273149 0.1390921 0.1933475 0.1326183 0.1885438 0.1031257 0.1885438 0.1031257 0.2329046 0.1244517 0.1885438 0.1031257 0.1933475 0.1326183 0.2329046 0.1244517 0.2115681 0.08117353 0.1885438 0.1031257 0.2501279 0.08076071 0.2115681 0.08117353 0.2329046 0.1244517 0.2501279 0.08076071 0.2045062 0.07224112 0.2115681 0.08117353 0.2769607 0.9247528 0.2769607 0.8923785 0.2406792 0.9265351 0.3149316 0.9226714 0.2769607 0.8923785 0.2769607 0.9247528 0.3149316 0.9226714 0.3168957 0.8946015 0.2769607 0.8923785 0.3566172 0.9226969 0.3168957 0.8946015 0.3149316 0.9226714 0.3566172 0.9226969 0.3489398 0.8949201 0.3168957 0.8946015 0.3917595 0.8895005 0.3489398 0.8949201 0.3566172 0.9226969 0.3917595 0.8895005 0.3546705 0.8590376 0.3489398 0.8949201 0.3879712 0.8585317 0.3546705 0.8590376 0.3917595 0.8895005 0.3879712 0.8585317 0.3642485 0.8190383 0.3546705 0.8590376 0.4323729 0.8201845 0.3642485 0.8190383 0.3879712 0.8585317 0.4323729 0.8201845 0.4324421 0.7812312 0.3642485 0.8190383 0.4733805 0.7776405 0.4324421 0.7812312 0.4323729 0.8201845 0.4733805 0.7776405 0.480697 0.7312597 0.4324421 0.7812312 0.5498055 0.771869 0.480697 0.7312597 0.4733805 0.7776405 0.5498055 0.771869 0.5498055 0.7361975 0.480697 0.7312597 0.6238493 0.779776 0.5498055 0.7361975 0.5498055 0.771869 0.6238493 0.779776 0.6370792 0.7404842 0.5498055 0.7361975 0.7126895 0.7871679 0.6370792 0.7404842 0.6238493 0.779776 0.7126895 0.7871679 0.7217109 0.7475652 0.6370792 0.7404842 0.7729228 0.7500933 0.7217109 0.7475652 0.7126895 0.7871679 0.7729228 0.7500933 0.7729228 0.7225559 0.7217109 0.7475652 0.6839406 0.3388006 0.6864981 0.3208048 0.7030674 0.3304992 0.6625332 0.3202723 0.6864981 0.3208048 0.6839406 0.3388006 0.6625332 0.3202723 0.6625332 0.3202723 0.6864981 0.3208048 0.659043 0.310047 0.6625332 0.3202723 0.6625332 0.3202723 0.659043 0.310047 0.659043 0.310047 0.6625332 0.3202723 0.6519588 0.3228686 0.659043 0.310047 0.659043 0.310047 0.6519588 0.3228686 0.6398292 0.318836 0.659043 0.310047 0.6519588 0.3228686 0.6398292 0.318836 0.6519588 0.3228686 0.6519588 0.3228686 0.6519588 0.3228686 0.6398292 0.318836 0.6625332 0.3202723 0.6519588 0.3228686 0.6519588 0.3228686 0.6625332 0.3202723 0.6733547 0.3410009 0.6519588 0.3228686 0.6839406 0.3388006 0.6733547 0.3410009 0.6625332 0.3202723 0.6839406 0.3388006 0.6859616 0.3573651 0.6733547 0.3410009 0.7030674 0.3304992 0.6859616 0.3573651 0.6839406 0.3388006 0.7030674 0.3304992 0.7068809 0.3560895 0.6859616 0.3573651 0.7348282 0.3235794 0.7068809 0.3560895 0.7030674 0.3304992 0.7348282 0.3235794 0.7414156 0.3543209 0.7068809 0.3560895 0.7609722 0.3228428 0.7414156 0.3543209 0.7348282 0.3235794 0.7609722 0.3228428 0.7695581 0.352308 0.7414156 0.3543209 0.7942404 0.339825 0.7695581 0.352308 0.7609722 0.3228428 0.7942404 0.339825 0.7904832 0.3958781 0.7695581 0.352308 0.7942404 0.339825 0.7695581 0.352308 0.7904832 0.3958781 0.7609722 0.3228428 0.7695581 0.352308 0.7942404 0.339825 0.7609722 0.3228428 0.7414156 0.3543209 0.7695581 0.352308 0.7348282 0.3235794 0.7414156 0.3543209 0.7609722 0.3228428 0.7348282 0.3235794 0.7068809 0.3560895 0.7414156 0.3543209 0.7030674 0.3304992 0.7068809 0.3560895 0.7348282 0.3235794 0.7030674 0.3304992 0.6859616 0.3573651 0.7068809 0.3560895 0.6839406 0.3388006 0.6859616 0.3573651 0.7030674 0.3304992 0.6839406 0.3388006 0.6733547 0.3410009 0.6859616 0.3573651 0.6625332 0.3202723 0.6733547 0.3410009 0.6839406 0.3388006 0.6625332 0.3202723 0.6519588 0.3228686 0.6733547 0.3410009 0.6519588 0.3228686 0.6519588 0.3228686 0.6625332 0.3202723 0.6519588 0.3228686 0.6398292 0.318836 0.6519588 0.3228686 0.6519588 0.3228686 0.6398292 0.318836 0.6519588 0.3228686 0.6519588 0.3228686 0.659043 0.310047 0.6398292 0.318836 0.659043 0.310047 0.659043 0.310047 0.6519588 0.3228686 0.659043 0.310047 0.6625332 0.3202723 0.659043 0.310047 0.6625332 0.3202723 0.6625332 0.3202723 0.659043 0.310047 0.6625332 0.3202723 0.6864981 0.3208048 0.6625332 0.3202723 0.6839406 0.3388006 0.6864981 0.3208048 0.6625332 0.3202723 0.6839406 0.3388006 0.7030674 0.3304992 0.6864981 0.3208048 0.0812717 0.8171653 0.07870727 0.7743358 6.7684e-4 0.8146812 0.1215484 0.8201845 0.07870727 0.7743358 0.0812717 0.8171653 0.1215484 0.8201845 0.1210587 0.7794786 0.07870727 0.7743358 0.1896728 0.8190383 0.1210587 0.7794786 0.1215484 0.8201845 0.1896728 0.8190383 0.1874587 0.768698 0.1210587 0.7794786 0.2384831 0.8202302 0.1874587 0.768698 0.1896728 0.8190383 0.2384831 0.8202302 0.2419168 0.7788728 0.1874587 0.768698 0.2769607 0.7859334 0.2419168 0.7788728 0.2384831 0.8202302 0.2769607 0.7859334 0.2769607 0.7418698 0.2419168 0.7788728 0.3120045 0.7788728 0.2769607 0.7418698 0.2769607 0.7859334 0.3120045 0.7788728 0.3117311 0.7413446 0.2769607 0.7418698 0.3659914 0.7753807 0.3117311 0.7413446 0.3120045 0.7788728 0.3659914 0.7753807 0.3593176 0.735048 0.3117311 0.7413446 0.4224796 0.7348441 0.3593176 0.735048 0.3659914 0.7753807 0.4224796 0.7348441 0.3832301 0.7277624 0.3593176 0.735048 0.4071427 0.7204768 0.3832301 0.7277624 0.4224796 0.7348441 0.4071427 0.7204768 0.3933011 0.718994 0.3832301 0.7277624 0.4293169 0.7058061 0.3933011 0.718994 0.4071427 0.7204768 0.4293169 0.7058061 0.4225156 0.6978666 0.3933011 0.718994 0.2809875 0.335698 0.2749029 0.3125067 0.1909565 0.3584062 0.3789147 0.2500521 0.2749029 0.3125067 0.2809875 0.335698 0.3789147 0.2500521 0.372411 0.2253609 0.2749029 0.3125067 0.501339 0.1397228 0.372411 0.2253609 0.3789147 0.2500521 0.501339 0.1397228 0.4864344 0.1241853 0.372411 0.2253609 0.5368725 0.06930178 0.4864344 0.1241853 0.501339 0.1397228 0.5368725 0.06930178 0.5149747 0.05220633 0.4864344 0.1241853 0.4864344 0.1241853 0.5149747 0.05220633 0.5368725 0.06930178 0.4864344 0.1241853 0.4636337 0.1043843 0.5149747 0.05220633 0.372411 0.2253609 0.4636337 0.1043843 0.4864344 0.1241853 0.372411 0.2253609 0.3831768 0.1389715 0.4636337 0.1043843 0.3383629 0.2055914 0.3831768 0.1389715 0.372411 0.2253609 0.3383629 0.2055914 0.3422921 0.1354308 0.3831768 0.1389715 0.3046067 0.163561 0.3422921 0.1354308 0.3383629 0.2055914 0.3046067 0.163561 0.2970389 0.0530731 0.3422921 0.1354308 0.2867576 0.1395562 0.2970389 0.0530731 0.3046067 0.163561 0.2867576 0.1395562 0.2874191 0.1201437 0.2970389 0.0530731 0.2734283 0.1379765 0.2874191 0.1201437 0.2867576 0.1395562 0.07870727 0.7743358 0.07322424 0.7312597 0.003832459 0.768698 0.1210587 0.7794786 0.07322424 0.7312597 0.07870727 0.7743358 0.1210587 0.7794786 0.1356168 0.745159 0.07322424 0.7312597 0.1874587 0.768698 0.1356168 0.745159 0.1210587 0.7794786 0.1874587 0.768698 0.1946038 0.735048 0.1356168 0.745159 0.2421902 0.7413446 0.1946038 0.735048 0.1874587 0.768698 0.2421902 0.7413446 0.2421902 0.7413446 0.1946038 0.735048 0.2769607 0.7418698 0.2421902 0.7413446 0.2421902 0.7413446 0.2769607 0.7418698 0.2769607 0.7084322 0.2421902 0.7413446 0.3117311 0.7413446 0.2769607 0.7084322 0.2769607 0.7418698 0.3117311 0.7413446 0.3088913 0.7106336 0.2769607 0.7084322 0.3593176 0.735048 0.3088913 0.7106336 0.3117311 0.7413446 0.3593176 0.735048 0.3488118 0.7058642 0.3088913 0.7106336 0.3725134 0.7255123 0.3488118 0.7058642 0.3593176 0.735048 0.3725134 0.7255123 0.3857597 0.7011794 0.3488118 0.7058642 0.3933011 0.718994 0.3857597 0.7011794 0.3725134 0.7255123 0.3933011 0.718994 0.4225156 0.6978666 0.3857597 0.7011794 0.3462762 0.689332 0.3488118 0.7058642 0.3788629 0.689689 0.309832 0.6849592 0.3488118 0.7058642 0.3462762 0.689332 0.309832 0.6849592 0.3088913 0.7106336 0.3488118 0.7058642 0.2769607 0.6877772 0.3088913 0.7106336 0.309832 0.6849592 0.2769607 0.6877772 0.2769607 0.7084322 0.3088913 0.7106336 0.24503 0.7106336 0.2769607 0.7084322 0.2769607 0.6877772 0.24503 0.7106336 0.2421902 0.7413446 0.2769607 0.7084322 0.1946038 0.735048 0.2421902 0.7413446 0.24503 0.7106336 0.1946038 0.735048 0.1946038 0.735048 0.2421902 0.7413446 0.1814079 0.7255123 0.1946038 0.735048 0.1946038 0.735048 0.1814079 0.7255123 0.1706912 0.7277624 0.1946038 0.735048 0.1606202 0.718994 0.1706912 0.7277624 0.1814079 0.7255123 0.1606202 0.718994 0.1467786 0.7204768 0.1706912 0.7277624 0.1246044 0.7058061 0.1467786 0.7204768 0.1606202 0.718994 0.1246044 0.7058061 0.1177285 0.7213689 0.1467786 0.7204768 0.1246044 0.7058061 0.1177285 0.7213689 0.1246044 0.7058061 0.1246044 0.7058061 0.1087054 0.7114951 0.1177285 0.7213689 0.07001912 0.07717388 0.07001912 0.07717388 0.06006252 0.06539171 0.05100715 0.1008126 0.07001912 0.07717388 0.07001912 0.07717388 0.05100715 0.1008126 0.05177438 0.07282316 0.07001912 0.07717388 0.04058074 0.07513576 0.05177438 0.07282316 0.05100715 0.1008126 0.04058074 0.07513576 0.04058074 0.07513576 0.05177438 0.07282316 0.02869999 0.08225834 0.04058074 0.07513576 0.04058074 0.07513576 0.02869999 0.08225834 0.02869999 0.08225834 0.04058074 0.07513576 0.01939493 0.0955224 0.02869999 0.08225834 0.02869999 0.08225834 0.01939493 0.0955224 0.01939493 0.0955224 0.02869999 0.08225834 0.01489233 0.1126518 0.01939493 0.0955224 0.01939493 0.0955224 0.01489233 0.1126518 0.003476858 0.1129182 0.01939493 0.0955224 0.003476858 0.1309921 0.003476858 0.1129182 0.01489233 0.1126518 0.003476858 0.1309921 0.01489233 0.1126518 0.003476858 0.1129182 0.003476858 0.1309921 0.01489233 0.1126518 0.003476858 0.1309921 0.003476858 0.1309921 0.01977133 0.1257933 0.01489233 0.1126518 0.02628004 0.1496279 0.01977133 0.1257933 0.003476858 0.1309921 0.9206095 0.8228805 0.9982509 0.8773182 0.9982509 0.8146812 0.921034 0.8849804 0.9982509 0.8773182 0.9206095 0.8228805 0.921034 0.8849804 0.9203708 0.9212315 0.9982509 0.8773182 0.8273993 0.9209858 0.9203708 0.9212315 0.921034 0.8849804 0.8273993 0.9209858 0.8295427 0.9843435 0.9203708 0.9212315 0.7729228 0.9843435 0.8295427 0.9843435 0.8273993 0.9209858 0.7729228 0.9843435 0.7729228 0.9979003 0.8295427 0.9843435 0.7163028 0.9843435 0.7729228 0.9979003 0.7729228 0.9843435 0.7163028 0.9843435 0.7161045 0.9979003 0.7729228 0.9979003 0.6265087 0.9843435 0.7161045 0.9979003 0.7163028 0.9843435 0.6265087 0.9843435 0.6289832 0.9979003 0.7161045 0.9979003 0.5498055 0.9843435 0.6289832 0.9979003 0.6265087 0.9843435 0.5498055 0.9843435 0.5498055 0.9979003 0.6289832 0.9979003 0.4891145 0.9802191 0.5498055 0.9979003 0.5498055 0.9843435 0.4891145 0.9802191 0.4894962 0.9976396 0.5498055 0.9979003 0.4320051 0.9979003 0.4894962 0.9976396 0.4891145 0.9802191 0.3926626 0.2741445 0.3789147 0.2500521 0.5120185 0.1573066 0.2809875 0.335698 0.3789147 0.2500521 0.3926626 0.2741445 0.2809875 0.335698 0.2749029 0.3125067 0.3789147 0.2500521 0.1909565 0.3584062 0.2749029 0.3125067 0.2809875 0.335698 0.1909565 0.3584062 0.1919354 0.3351718 0.2749029 0.3125067 0.1141515 0.3804237 0.1919354 0.3351718 0.1909565 0.3584062 0.1141515 0.3804237 0.1127845 0.3409655 0.1919354 0.3351718 0.05201691 0.3761261 0.1127845 0.3409655 0.1141515 0.3804237 0.05201691 0.3761261 0.05502772 0.3498224 0.1127845 0.3409655 0.003476858 0.3521792 0.05502772 0.3498224 0.05201691 0.3761261 0.003476858 0.3521792 0.05542969 0.3176622 0.05502772 0.3498224 0.003476858 0.3238836 0.05542969 0.3176622 0.003476858 0.3521792 0.003476858 0.3238836 0.003476858 0.2949247 0.05542969 0.3176622 0.05542969 0.3176622 0.003476858 0.2949247 0.003476858 0.3238836 0.05542969 0.3176622 0.03477245 0.283364 0.003476858 0.2949247 0.05100715 0.1008126 0.08711129 0.0882188 0.08711129 0.0882188 0.07760417 0.1104454 0.08711129 0.0882188 0.05100715 0.1008126 0.07760417 0.1104454 0.07760417 0.1104454 0.08711129 0.0882188 0.115989 0.09930741 0.07760417 0.1104454 0.07760417 0.1104454 0.115989 0.09930741 0.08711129 0.0882188 0.07760417 0.1104454 0.08531153 0.07160907 0.08711129 0.0882188 0.115989 0.09930741 0.08531153 0.07160907 0.08711129 0.0882188 0.08711129 0.0882188 0.0721023 0.05886173 0.08711129 0.0882188 0.08531153 0.07160907 0.0721023 0.05886173 0.08711129 0.0882188 0.08711129 0.0882188 0.07001912 0.07717388 0.08711129 0.0882188 0.0721023 0.05886173 0.07001912 0.07717388 0.05100715 0.1008126 0.08711129 0.0882188 0.07001912 0.07717388 0.05100715 0.1008126 0.07001912 0.07717388 0.07001912 0.07717388 0.05177438 0.07282316 0.05100715 0.1008126 0.06006252 0.06539171 0.05177438 0.07282316 0.07001912 0.07717388 0.9226068 0.7275975 0.9982509 0.7361975 0.9982509 0.7361975 0.9087663 0.7408992 0.9982509 0.7361975 0.9226068 0.7275975 0.9087663 0.7408992 0.9219961 0.779776 0.9982509 0.7361975 0.833156 0.7871679 0.9219961 0.779776 0.9087663 0.7408992 0.833156 0.7871679 0.8286212 0.821941 0.9219961 0.779776 0.7729228 0.822121 0.8286212 0.821941 0.833156 0.7871679 0.7729228 0.822121 0.7729228 0.8683598 0.8286212 0.821941 0.7172242 0.821941 0.7729228 0.8683598 0.7729228 0.822121 0.7172242 0.821941 0.7187814 0.8689983 0.7729228 0.8683598 0.6252359 0.8228805 0.7187814 0.8689983 0.7172242 0.821941 0.6252359 0.8228805 0.6248114 0.8677888 0.7187814 0.8689983 0.5498055 0.873741 0.6248114 0.8677888 0.6252359 0.8228805 0.5498055 0.873741 0.6254747 0.9212315 0.6248114 0.8677888 0.5498055 0.9182011 0.6254747 0.9212315 0.5498055 0.873741 0.2184374 0.3714671 0.2338321 0.4071595 0.2421308 0.3714672 0.2122972 0.406109 0.2338321 0.4071595 0.2184374 0.3714671 0.2122972 0.406109 0.2333635 0.4392765 0.2338321 0.4071595 0.2145706 0.4391596 0.2333635 0.4392765 0.2122972 0.406109 0.2145706 0.4391596 0.2366631 0.4805596 0.2333635 0.4392765 0.2194967 0.4818437 0.2366631 0.4805596 0.2145706 0.4391596 0.2194967 0.4818437 0.2415839 0.5295741 0.2366631 0.4805596 0.2241787 0.53107 0.2415839 0.5295741 0.2194967 0.4818437 0.2241787 0.53107 0.253499 0.5633756 0.2415839 0.5295741 0.2280436 0.5724434 0.253499 0.5633756 0.2241787 0.53107 0.2280436 0.5724434 0.2507814 0.608763 0.253499 0.5633756 0.234665 0.6101094 0.2507814 0.608763 0.2280436 0.5724434 0.234665 0.6101094 0.2611476 0.668934 0.2507814 0.608763 0.2498064 0.6689339 0.2611476 0.668934 0.234665 0.6101094 0.2421308 0.3714672 0.324711 0.4110801 0.3247112 0.3714674 0.2338321 0.4071595 0.324711 0.4110801 0.2421308 0.3714672 0.2338321 0.4071595 0.3229933 0.4474514 0.324711 0.4110801 0.2333635 0.4392765 0.3229933 0.4474514 0.2338321 0.4071595 0.2333635 0.4392765 0.3247107 0.4803729 0.3229933 0.4474514 0.2366631 0.4805596 0.3247107 0.4803729 0.2333635 0.4392765 0.2366631 0.4805596 0.3247107 0.5220296 0.3247107 0.4803729 0.2415839 0.5295741 0.3247107 0.5220296 0.2366631 0.4805596 0.2415839 0.5295741 0.3247104 0.5688535 0.3247107 0.5220296 0.253499 0.5633756 0.3247104 0.5688535 0.2415839 0.5295741 0.253499 0.5633756 0.3247103 0.6086243 0.3247104 0.5688535 0.2507814 0.608763 0.3247103 0.6086243 0.253499 0.5633756 0.2507814 0.608763 0.3247101 0.6689342 0.3247103 0.6086243 0.2611476 0.668934 0.3247101 0.6689342 0.2507814 0.608763 0.3658553 0.4424093 0.34448 0.3756884 0.3392492 0.4098701 0.387037 0.4042354 0.34448 0.3756884 0.3658553 0.4424093 0.387037 0.4042354 0.3592388 0.3271533 0.34448 0.3756884 0.3780551 0.3222799 0.3592388 0.3271533 0.387037 0.4042354 0.3780551 0.3222799 0.388512 0.28768 0.3592388 0.3271533 0.417208 0.2751033 0.388512 0.28768 0.3780551 0.3222799 0.417208 0.2751033 0.4419199 0.2351253 0.388512 0.28768 0.4506534 0.2550066 0.4419199 0.2351253 0.417208 0.2751033 0.4506534 0.2550066 0.4888243 0.2271484 0.4419199 0.2351253 0.488589 0.2469477 0.4888243 0.2271484 0.4506534 0.2550066 0.488589 0.2469477 0.5264691 0.2542366 0.4888243 0.2271484 0.5106507 0.2790502 0.5264691 0.2542366 0.488589 0.2469477 0.5106507 0.2790502 0.5383684 0.290677 0.5264691 0.2542366 0.004852771 0.2267236 0.03119492 0.2322785 0.03119492 0.2322785 0.0109508 0.2369141 0.03119492 0.2322785 0.004852771 0.2267236 0.0109508 0.2369141 0.04048931 0.2389941 0.03119492 0.2322785 0.01353383 0.2470123 0.04048931 0.2389941 0.0109508 0.2369141 0.01353383 0.2470123 0.02665364 0.2715854 0.04048931 0.2389941 0.005601525 0.2568266 0.02665364 0.2715854 0.01353383 0.2470123 0.005601525 0.2568266 0.003476858 0.2757555 0.02665364 0.2715854 0.02665364 0.2715854 0.003476858 0.2757555 0.005601525 0.2568266 0.02665364 0.2715854 0.03477245 0.283364 0.003476858 0.2757555 0.06192284 0.2512026 0.03477245 0.283364 0.02665364 0.2715854 0.06192284 0.2512026 0.04813855 0.2670577 0.03477245 0.283364 0.09648001 0.2518945 0.04813855 0.2670577 0.06192284 0.2512026 0.09648001 0.2518945 0.07894992 0.2790208 0.04813855 0.2670577 0.01939493 0.0955224 0.0304625 0.1172731 0.01489233 0.1126518 0.05100715 0.1008126 0.0304625 0.1172731 0.01939493 0.0955224 0.05100715 0.1008126 0.0304625 0.1172731 0.0304625 0.1172731 0.04611164 0.1264277 0.0304625 0.1172731 0.05100715 0.1008126 0.04611164 0.1264277 0.01977133 0.1257933 0.0304625 0.1172731 0.0383684 0.1484162 0.01977133 0.1257933 0.04611164 0.1264277 0.0383684 0.1484162 0.02628004 0.1496279 0.01977133 0.1257933 0.03024929 0.1693443 0.02628004 0.1496279 0.0383684 0.1484162 0.03024929 0.1693443 0.02628004 0.1496279 0.02628004 0.1496279 0.03024929 0.1693443 0.02628004 0.1496279 0.03024929 0.1693443 0.03024929 0.1693443 0.01565337 0.1576698 0.02628004 0.1496279 0.01592379 0.1782647 0.01565337 0.1576698 0.03024929 0.1693443 0.01592379 0.1782647 0.003476858 0.1605323 0.01565337 0.1576698 0.7313388 0.1748621 0.7319277 0.1894425 0.7567778 0.187455 0.718325 0.1584557 0.7319277 0.1894425 0.7313388 0.1748621 0.718325 0.1584557 0.6669966 0.1642686 0.7319277 0.1894425 0.6929609 0.1331795 0.6669966 0.1642686 0.718325 0.1584557 0.6929609 0.1331795 0.6256339 0.1040806 0.6669966 0.1642686 0.66882 0.07311338 0.6256339 0.1040806 0.6929609 0.1331795 0.66882 0.07311338 0.6195995 0.00911349 0.6256339 0.1040806 0.6435416 0.00911349 0.6195995 0.00911349 0.66882 0.07311338 0.6435416 0.00911349 0.66882 0.07311338 0.6195995 0.00911349 0.7498195 0.0227825 0.66882 0.07311338 0.6435416 0.00911349 0.7498195 0.0227825 0.7265068 0.1075235 0.66882 0.07311338 0.7788671 0.1275779 0.7265068 0.1075235 0.7498195 0.0227825 0.7788671 0.1275779 0.7465406 0.1436617 0.7265068 0.1075235 0.2338321 0.4071595 0.2122972 0.406109 0.2184374 0.3714671 0.2333635 0.4392765 0.2122972 0.406109 0.2338321 0.4071595 0.2333635 0.4392765 0.2145706 0.4391596 0.2122972 0.406109 0.2366631 0.4805596 0.2145706 0.4391596 0.2333635 0.4392765 0.2366631 0.4805596 0.2194967 0.4818437 0.2145706 0.4391596 0.2415839 0.5295741 0.2194967 0.4818437 0.2366631 0.4805596 0.2415839 0.5295741 0.2241787 0.53107 0.2194967 0.4818437 0.253499 0.5633756 0.2241787 0.53107 0.2415839 0.5295741 0.253499 0.5633756 0.2280436 0.5724434 0.2241787 0.53107 0.2507814 0.608763 0.2280436 0.5724434 0.253499 0.5633756 0.2507814 0.608763 0.234665 0.6101094 0.2280436 0.5724434 0.2611476 0.668934 0.234665 0.6101094 0.2507814 0.608763 0.2611476 0.668934 0.2498064 0.6689339 0.234665 0.6101094 0.324711 0.4110801 0.2338321 0.4071595 0.2421308 0.3714672 0.3229933 0.4474514 0.2338321 0.4071595 0.324711 0.4110801 0.3229933 0.4474514 0.2333635 0.4392765 0.2338321 0.4071595 0.3247107 0.4803729 0.2333635 0.4392765 0.3229933 0.4474514 0.3247107 0.4803729 0.2366631 0.4805596 0.2333635 0.4392765 0.3247107 0.5220296 0.2366631 0.4805596 0.3247107 0.4803729 0.3247107 0.5220296 0.2415839 0.5295741 0.2366631 0.4805596 0.3247104 0.5688535 0.2415839 0.5295741 0.3247107 0.5220296 0.3247104 0.5688535 0.253499 0.5633756 0.2415839 0.5295741 0.3247103 0.6086243 0.253499 0.5633756 0.3247104 0.5688535 0.3247103 0.6086243 0.2507814 0.608763 0.253499 0.5633756 0.3247101 0.6689342 0.2507814 0.608763 0.3247103 0.6086243 0.3247101 0.6689342 0.2611476 0.668934 0.2507814 0.608763 0.07483607 0.8542436 0.0812717 0.8171653 6.7684e-4 0.8701639 0.1211259 0.8595737 0.0812717 0.8171653 0.07483607 0.8542436 0.1211259 0.8595737 0.1215484 0.8201845 0.0812717 0.8171653 0.1659501 0.8585317 0.1215484 0.8201845 0.1211259 0.8595737 0.1659501 0.8585317 0.1896728 0.8190383 0.1215484 0.8201845 0.1992508 0.8590376 0.1896728 0.8190383 0.1659501 0.8585317 0.1992508 0.8590376 0.2384831 0.8202302 0.1896728 0.8190383 0.2349839 0.8575779 0.2384831 0.8202302 0.1992508 0.8590376 0.2349839 0.8575779 0.2769607 0.8200245 0.2384831 0.8202302 0.2769607 0.8552328 0.2769607 0.8200245 0.2349839 0.8575779 0.2769607 0.8552328 0.3189374 0.8575779 0.2769607 0.8200245 0.3168957 0.8946015 0.3189374 0.8575779 0.2769607 0.8552328 0.3168957 0.8946015 0.3489398 0.8949201 0.3189374 0.8575779 0.5591103 0.1028221 0.5511717 0.08119595 0.5120185 0.1573066 0.5120185 0.1573066 0.5511717 0.08119595 0.5591103 0.1028221 0.5120185 0.1573066 0.501339 0.1397228 0.5511717 0.08119595 0.3789147 0.2500521 0.501339 0.1397228 0.5120185 0.1573066 0.3789147 0.2500521 0.372411 0.2253609 0.501339 0.1397228 0.2749029 0.3125067 0.372411 0.2253609 0.3789147 0.2500521 0.2749029 0.3125067 0.2758241 0.2784484 0.372411 0.2253609 0.1969794 0.3061781 0.2758241 0.2784484 0.2749029 0.3125067 0.1969794 0.3061781 0.2046476 0.2641392 0.2758241 0.2784484 0.112451 0.310694 0.2046476 0.2641392 0.1969794 0.3061781 0.112451 0.310694 0.1460251 0.2694351 0.2046476 0.2641392 0.05197197 0.2036529 0.02999639 0.2068305 0.04032737 0.2177814 0.04038482 0.1965084 0.02999639 0.2068305 0.05197197 0.2036529 0.04038482 0.1965084 0.003476858 0.2077159 0.02999639 0.2068305 0.02515155 0.1911684 0.003476858 0.2077159 0.04038482 0.1965084 0.02515155 0.1911684 0.003476858 0.1914988 0.003476858 0.2077159 0.01592379 0.1782647 0.003476858 0.1914988 0.02515155 0.1911684 0.01592379 0.1782647 0.003476858 0.1787171 0.003476858 0.1914988 0.01592379 0.1782647 0.003476858 0.1787171 0.01592379 0.1782647 0.01592379 0.1782647 0.003476858 0.1787171 0.003476858 0.1787171 0.003476858 0.1787171 0.003476858 0.1787171 0.01592379 0.1782647 0.003476858 0.1787171 0.01592379 0.1782647 0.003476858 0.1787171 0.02869999 0.08225834 0.01939493 0.0955224 0.01939493 0.0955224 0.01842135 0.07258701 0.01939493 0.0955224 0.02869999 0.08225834 0.01842135 0.07258701 0.003476858 0.09221404 0.01939493 0.0955224 0.003476858 0.07040244 0.003476858 0.09221404 0.01842135 0.07258701 0.003476858 0.07040244 0.01842135 0.07258701 0.003476858 0.09221404 0.003476858 0.04539072 0.01842135 0.07258701 0.003476858 0.07040244 0.003476858 0.04539072 0.03352892 0.06082087 0.01842135 0.07258701 0.03280961 0.04242652 0.03352892 0.06082087 0.003476858 0.04539072 0.03280961 0.04242652 0.05399292 0.04048985 0.03352892 0.06082087 0.03000885 0.003447234 0.05399292 0.04048985 0.03280961 0.04242652 0.03000885 0.003447234 0.06049197 0.002765715 0.05399292 0.04048985 0.1014664 0.5555827 0.1623065 0.5864471 0.1342611 0.5992213 0.1353138 0.5424838 0.1623065 0.5864471 0.1014664 0.5555827 0.1353138 0.5424838 0.2241787 0.53107 0.1623065 0.5864471 0.1255744 0.4930493 0.2241787 0.53107 0.1353138 0.5424838 0.1255744 0.4930493 0.2194967 0.4818437 0.2241787 0.53107 0.1307739 0.4453717 0.2194967 0.4818437 0.1255744 0.4930493 0.1307739 0.4453717 0.2145706 0.4391596 0.2194967 0.4818437 0.1490182 0.4028011 0.2145706 0.4391596 0.1307739 0.4453717 0.1490182 0.4028011 0.2122972 0.406109 0.2145706 0.4391596 0.1678848 0.3714668 0.2122972 0.406109 0.1490182 0.4028011 0.1678848 0.3714668 0.2184374 0.3714671 0.2122972 0.406109 0.1678848 0.3714668 0.2122972 0.406109 0.2184374 0.3714671 0.1490182 0.4028011 0.2122972 0.406109 0.1678848 0.3714668 0.1490182 0.4028011 0.2145706 0.4391596 0.2122972 0.406109 0.1307739 0.4453717 0.2145706 0.4391596 0.1490182 0.4028011 0.1307739 0.4453717 0.2194967 0.4818437 0.2145706 0.4391596 0.1255744 0.4930493 0.2194967 0.4818437 0.1307739 0.4453717 0.1255744 0.4930493 0.2241787 0.53107 0.2194967 0.4818437 0.1353138 0.5424838 0.2241787 0.53107 0.1255744 0.4930493 0.1353138 0.5424838 0.1623065 0.5864471 0.2241787 0.53107 0.1014664 0.5555827 0.1623065 0.5864471 0.1353138 0.5424838 0.1014664 0.5555827 0.1342611 0.5992213 0.1623065 0.5864471 0.5498055 0.7361975 0.6232387 0.7275975 0.5469216 0.7176645 0.6370792 0.7404842 0.6232387 0.7275975 0.5498055 0.7361975 0.6370792 0.7404842 0.6495984 0.7241224 0.6232387 0.7275975 0.6627824 0.7297813 0.6495984 0.7241224 0.6370792 0.7404842 0.6627824 0.7297813 0.6604566 0.708637 0.6495984 0.7241224 0.6760149 0.7141953 0.6604566 0.708637 0.6627824 0.7297813 0.6760149 0.7141953 0.6403598 0.6890386 0.6604566 0.708637 0.6826046 0.7057374 0.6403598 0.6890386 0.6760149 0.7141953 0.6826046 0.7057374 0.655443 0.6845155 0.6403598 0.6890386 0.6974995 0.6894897 0.655443 0.6845155 0.6826046 0.7057374 0.6974995 0.6894897 0.670203 0.6760981 0.655443 0.6845155 0.5242514 0.02208125 0.5117351 0.03216201 0.5440596 0.04138463 0.481296 0.009973883 0.5117351 0.03216201 0.5242514 0.02208125 0.481296 0.009973883 0.4614065 0.01341402 0.5117351 0.03216201 0.4614065 0.01341402 0.4614065 0.01341402 0.481296 0.009973883 0.4614065 0.01341402 0.4614065 0.01341402 0.4614065 0.01341402 0.4614065 0.01341402 0.4614065 0.01341402 0.4614065 0.01341402 0.4614065 0.01341402 0.5117351 0.03216201 0.4614065 0.01341402 0.5117351 0.03216201 0.5117351 0.03216201 0.4614065 0.01341402 0.5117351 0.03216201 0.5440596 0.04138463 0.5117351 0.03216201 0.5242514 0.02208125 0.5440596 0.04138463 0.5117351 0.03216201 0.7695581 0.352308 0.7496872 0.3995287 0.7904832 0.3958781 0.7414156 0.3543209 0.7496872 0.3995287 0.7695581 0.352308 0.7414156 0.3543209 0.7085648 0.4002419 0.7496872 0.3995287 0.7068809 0.3560895 0.7085648 0.4002419 0.7414156 0.3543209 0.7068809 0.3560895 0.6856274 0.4003435 0.7085648 0.4002419 0.6859616 0.3573651 0.6856274 0.4003435 0.7068809 0.3560895 0.6859616 0.3573651 0.6568088 0.3608552 0.6856274 0.4003435 0.6733547 0.3410009 0.6568088 0.3608552 0.6859616 0.3573651 0.6733547 0.3410009 0.6603758 0.3476668 0.6568088 0.3608552 0.6398292 0.318836 0.6603758 0.3476668 0.6733547 0.3410009 0.06352704 0.1396687 0.08792203 0.1281171 0.07760417 0.1104454 0.1043811 0.1493651 0.08792203 0.1281171 0.06352704 0.1396687 0.1043811 0.1493651 0.1273149 0.1390921 0.08792203 0.1281171 0.1137232 0.1892967 0.1273149 0.1390921 0.1043811 0.1493651 0.1137232 0.1892967 0.1567809 0.1890414 0.1273149 0.1390921 0.1757183 0.2181216 0.1567809 0.1890414 0.1137232 0.1892967 0.1757183 0.2181216 0.2114614 0.1671483 0.1567809 0.1890414 0.2530238 0.2020999 0.2114614 0.1671483 0.1757183 0.2181216 0.2530238 0.2020999 0.2576779 0.1587911 0.2114614 0.1671483 0.4947889 0.455333 0.4333005 0.4097467 0.416655 0.4376766 0.4921748 0.4250032 0.4333005 0.4097467 0.4947889 0.455333 0.4921748 0.4250032 0.4844172 0.3739572 0.4333005 0.4097467 0.5370312 0.4081247 0.4844172 0.3739572 0.4921748 0.4250032 0.5370312 0.4081247 0.536839 0.3692296 0.4844172 0.3739572 0.5576072 0.3740715 0.536839 0.3692296 0.5370312 0.4081247 0.5576072 0.3740715 0.5344645 0.3124446 0.536839 0.3692296 0.5584597 0.3256888 0.5344645 0.3124446 0.5576072 0.3740715 0.5584597 0.3256888 0.5280096 0.3015965 0.5344645 0.3124446 0.2867576 0.1395562 0.2970389 0.0530731 0.2874191 0.1201437 0.3046067 0.163561 0.2970389 0.0530731 0.2867576 0.1395562 0.3046067 0.163561 0.3422921 0.1354308 0.2970389 0.0530731 0.3383629 0.2055914 0.3422921 0.1354308 0.3046067 0.163561 0.3383629 0.2055914 0.3831768 0.1389715 0.3422921 0.1354308 0.372411 0.2253609 0.3831768 0.1389715 0.3383629 0.2055914 0.372411 0.2253609 0.4636337 0.1043843 0.3831768 0.1389715 0.4864344 0.1241853 0.4636337 0.1043843 0.372411 0.2253609 0.4864344 0.1241853 0.5149747 0.05220633 0.4636337 0.1043843 0.2045062 0.07224112 0.2225685 0.03299856 0.2413612 0.06398516 0.1783242 0.04952728 0.2225685 0.03299856 0.2045062 0.07224112 0.1783242 0.04952728 0.1268963 0.00832051 0.2225685 0.03299856 0.115989 0.09930741 0.1268963 0.00832051 0.1783242 0.04952728 0.115989 0.09930741 0.0935561 0.05138176 0.1268963 0.00832051 0.08531153 0.07160907 0.0935561 0.05138176 0.115989 0.09930741 0.08531153 0.07160907 0.0721023 0.05886173 0.0935561 0.05138176 0.0721023 0.05886173 0.0721023 0.05886173 0.08531153 0.07160907 0.0721023 0.05886173 0.06097066 0.05533248 0.0721023 0.05886173 0.7522713 0.4537382 0.8445749 0.5457575 0.8364484 0.4591677 0.7767358 0.565383 0.8445749 0.5457575 0.7522713 0.4537382 0.7767358 0.565383 0.8377911 0.5807614 0.8445749 0.5457575 0.7782156 0.5934113 0.8377911 0.5807614 0.7767358 0.565383 0.7782156 0.5934113 0.7842349 0.6493587 0.8377911 0.5807614 0.7222869 0.6173475 0.7842349 0.6493587 0.7782156 0.5934113 0.7222869 0.6173475 0.740911 0.6694512 0.7842349 0.6493587 0.6803227 0.6353101 0.740911 0.6694512 0.7222869 0.6173475 0.6803227 0.6353101 0.7097727 0.6797288 0.740911 0.6694512 0.6528083 0.3996253 0.6832045 0.4456365 0.6496101 0.4427787 0.6856274 0.4003435 0.6832045 0.4456365 0.6528083 0.3996253 0.6856274 0.4003435 0.707699 0.4466626 0.6832045 0.4456365 0.7085648 0.4002419 0.707699 0.4466626 0.6856274 0.4003435 0.7085648 0.4002419 0.7522713 0.4537382 0.707699 0.4466626 0.7496872 0.3995287 0.7522713 0.4537382 0.7085648 0.4002419 0.7496872 0.3995287 0.7951987 0.443299 0.7522713 0.4537382 0.7904832 0.3958781 0.7951987 0.443299 0.7496872 0.3995287 0.7904832 0.3958781 0.8260098 0.4389117 0.7951987 0.443299 0.7496872 0.3995287 0.7414156 0.3543209 0.7695581 0.352308 0.7085648 0.4002419 0.7414156 0.3543209 0.7496872 0.3995287 0.7085648 0.4002419 0.7068809 0.3560895 0.7414156 0.3543209 0.6856274 0.4003435 0.7068809 0.3560895 0.7085648 0.4002419 0.6856274 0.4003435 0.6859616 0.3573651 0.7068809 0.3560895 0.6568088 0.3608552 0.6859616 0.3573651 0.6856274 0.4003435 0.6568088 0.3608552 0.6733547 0.3410009 0.6859616 0.3573651 0.6603758 0.3476668 0.6733547 0.3410009 0.6568088 0.3608552 0.6603758 0.3476668 0.6398292 0.318836 0.6733547 0.3410009 0.9256078 0.2522156 0.898138 0.2937134 0.9065973 0.2530339 0.9305544 0.296609 0.898138 0.2937134 0.9256078 0.2522156 0.9305544 0.296609 0.9235254 0.3155765 0.898138 0.2937134 0.9515607 0.3216974 0.9235254 0.3155765 0.9305544 0.296609 0.9515607 0.3216974 0.9050999 0.353366 0.9235254 0.3155765 0.9569572 0.3485739 0.9050999 0.353366 0.9515607 0.3216974 0.9569572 0.3485739 0.9145491 0.3920589 0.9050999 0.353366 0.9577229 0.3926893 0.9145491 0.3920589 0.9569572 0.3485739 0.9577229 0.3926893 0.9602189 0.4369487 0.9145491 0.3920589 0.6803227 0.6353101 0.740911 0.6694512 0.7097727 0.6797288 0.7222869 0.6173475 0.740911 0.6694512 0.6803227 0.6353101 0.7222869 0.6173475 0.7842349 0.6493587 0.740911 0.6694512 0.7782156 0.5934113 0.7842349 0.6493587 0.7222869 0.6173475 0.7782156 0.5934113 0.8377911 0.5807614 0.7842349 0.6493587 0.7767358 0.565383 0.8377911 0.5807614 0.7782156 0.5934113 0.7767358 0.565383 0.8445749 0.5457575 0.8377911 0.5807614 0.7522713 0.4537382 0.8445749 0.5457575 0.7767358 0.565383 0.7522713 0.4537382 0.8364484 0.4591677 0.8445749 0.5457575 0.5420139 0.00911349 0.5903162 0.00911349 0.5808706 0.1263056 0.5808706 0.1263056 0.5903162 0.00911349 0.5420139 0.00911349 0.5808706 0.1263056 0.6256339 0.1040806 0.5903162 0.00911349 0.6478599 0.192501 0.6256339 0.1040806 0.5808706 0.1263056 0.6478599 0.192501 0.6669966 0.1642686 0.6256339 0.1040806 0.7210039 0.2265804 0.6669966 0.1642686 0.6478599 0.192501 0.7210039 0.2265804 0.7305496 0.2043526 0.6669966 0.1642686 0.8282601 0.2082425 0.7305496 0.2043526 0.7210039 0.2265804 0.8282601 0.2082425 0.794933 0.1916727 0.7305496 0.2043526 0.4361928 0.7213689 0.480697 0.7312597 0.480697 0.7312597 0.4224796 0.7348441 0.480697 0.7312597 0.4361928 0.7213689 0.4224796 0.7348441 0.4324421 0.7812312 0.480697 0.7312597 0.3659914 0.7753807 0.4324421 0.7812312 0.4224796 0.7348441 0.3659914 0.7753807 0.3642485 0.8190383 0.4324421 0.7812312 0.319774 0.8255289 0.3642485 0.8190383 0.3659914 0.7753807 0.319774 0.8255289 0.3546705 0.8590376 0.3642485 0.8190383 0.3189374 0.8575779 0.3546705 0.8590376 0.319774 0.8255289 0.3189374 0.8575779 0.3489398 0.8949201 0.3546705 0.8590376 0.7465406 0.1436617 0.6929609 0.1331795 0.7265068 0.1075235 0.718325 0.1584557 0.6929609 0.1331795 0.7465406 0.1436617 0.718325 0.1584557 0.6669966 0.1642686 0.6929609 0.1331795 0.7319277 0.1894425 0.6669966 0.1642686 0.718325 0.1584557 0.7319277 0.1894425 0.7305496 0.2043526 0.6669966 0.1642686 0.794933 0.1916727 0.7305496 0.2043526 0.7319277 0.1894425 0.794933 0.1916727 0.8282601 0.2082425 0.7305496 0.2043526 0.8085688 0.1670357 0.8282601 0.2082425 0.794933 0.1916727 0.8085688 0.1670357 0.841651 0.1587929 0.8282601 0.2082425 0.9045876 0.4380183 0.863947 0.3903375 0.8623592 0.4379084 0.9145491 0.3920589 0.863947 0.3903375 0.9045876 0.4380183 0.9145491 0.3920589 0.9050999 0.353366 0.863947 0.3903375 0.9569572 0.3485739 0.9050999 0.353366 0.9145491 0.3920589 0.9569572 0.3485739 0.9515607 0.3216974 0.9050999 0.353366 0.9700855 0.3331308 0.9515607 0.3216974 0.9569572 0.3485739 0.9700855 0.3331308 0.958338 0.310377 0.9515607 0.3216974 0.9972375 0.3140216 0.958338 0.310377 0.9700855 0.3331308 0.9972375 0.3140216 0.9877198 0.2998583 0.958338 0.310377 0.3926626 0.2741445 0.3789147 0.2500521 0.2809875 0.335698 0.5120185 0.1573066 0.3789147 0.2500521 0.3926626 0.2741445 0.5120185 0.1573066 0.501339 0.1397228 0.3789147 0.2500521 0.5511717 0.08119595 0.501339 0.1397228 0.5120185 0.1573066 0.5511717 0.08119595 0.5368725 0.06930178 0.501339 0.1397228 0.501339 0.1397228 0.5368725 0.06930178 0.5511717 0.08119595 0.501339 0.1397228 0.4864344 0.1241853 0.5368725 0.06930178 0.372411 0.2253609 0.4864344 0.1241853 0.501339 0.1397228 0.5548357 0.4400697 0.5895755 0.4110015 0.5731354 0.3821405 0.5552114 0.4858631 0.5895755 0.4110015 0.5548357 0.4400697 0.5552114 0.4858631 0.6079018 0.4437909 0.5895755 0.4110015 0.5532794 0.5250056 0.6079018 0.4437909 0.5552114 0.4858631 0.5532794 0.5250056 0.6194696 0.5047888 0.6079018 0.4437909 0.5594744 0.5563855 0.6194696 0.5047888 0.5532794 0.5250056 0.5594744 0.5563855 0.5690393 0.5758615 0.6194696 0.5047888 0.4935263 0.5847297 0.5690393 0.5758615 0.5594744 0.5563855 6.7684e-4 0.9843435 0.06759077 0.942468 6.7684e-4 0.9182011 0.06297636 0.9843435 0.06759077 0.942468 6.7684e-4 0.9843435 0.06297636 0.9843435 0.1232427 0.9843435 0.06759077 0.942468 0.1219162 0.9979003 0.1232427 0.9843435 0.06297636 0.9843435 0.1219162 0.9979003 0.1503732 0.9843435 0.1232427 0.9843435 0.1838827 0.9929348 0.1503732 0.9843435 0.1219162 0.9979003 0.1838827 0.9929348 0.1933731 0.9843435 0.1503732 0.9843435 0.2769607 0.9979003 0.1933731 0.9843435 0.1838827 0.9929348 0.2419168 0.7788728 0.2421902 0.7413446 0.1874587 0.768698 0.2769607 0.7418698 0.2421902 0.7413446 0.2419168 0.7788728 0.2769607 0.7418698 0.2769607 0.7418698 0.2421902 0.7413446 0.3117311 0.7413446 0.2769607 0.7418698 0.2769607 0.7418698 0.3117311 0.7413446 0.3117311 0.7413446 0.2769607 0.7418698 0.3593176 0.735048 0.3117311 0.7413446 0.3117311 0.7413446 0.3593176 0.735048 0.3593176 0.735048 0.3117311 0.7413446 0.3725134 0.7255123 0.3593176 0.735048 0.3593176 0.735048 0.4790852 0.8638218 0.5498055 0.9182011 0.5498055 0.873741 0.4904735 0.9101186 0.5498055 0.9182011 0.4790852 0.8638218 0.4904735 0.9101186 0.4863305 0.942468 0.5498055 0.9182011 0.4343838 0.9497589 0.4863305 0.942468 0.4904735 0.9101186 0.4343838 0.9497589 0.4306786 0.9843435 0.4863305 0.942468 0.4009394 0.9537107 0.4306786 0.9843435 0.4343838 0.9497589 0.4009394 0.9537107 0.4035481 0.9843435 0.4306786 0.9843435 0.3605482 0.9843435 0.4035481 0.9843435 0.4009394 0.9537107 0.8623592 0.4379084 0.8253164 0.3909789 0.8260098 0.4389117 0.863947 0.3903375 0.8253164 0.3909789 0.8623592 0.4379084 0.863947 0.3903375 0.8242507 0.3440959 0.8253164 0.3909789 0.8544524 0.3320583 0.8242507 0.3440959 0.863947 0.3903375 0.8544524 0.3320583 0.8163176 0.3139851 0.8242507 0.3440959 0.8263381 0.301176 0.8163176 0.3139851 0.8544524 0.3320583 0.8263381 0.301176 0.8163176 0.3139851 0.8163176 0.3139851 0.8044233 0.3057684 0.8163176 0.3139851 0.8263381 0.301176 0.02869999 0.08225834 0.02869999 0.08225834 0.01939493 0.0955224 0.04058074 0.07513576 0.02869999 0.08225834 0.02869999 0.08225834 0.04058074 0.07513576 0.03352892 0.06082087 0.02869999 0.08225834 0.04983901 0.05575424 0.03352892 0.06082087 0.04058074 0.07513576 0.04983901 0.05575424 0.05399292 0.04048985 0.03352892 0.06082087 0.06097066 0.05533248 0.05399292 0.04048985 0.04983901 0.05575424 0.06097066 0.05533248 0.0721023 0.05886173 0.05399292 0.04048985 0.04178088 0.1727589 0.02515155 0.1911684 0.04038482 0.1965084 0.03024929 0.1693443 0.02515155 0.1911684 0.04178088 0.1727589 0.03024929 0.1693443 0.02515155 0.1911684 0.02515155 0.1911684 0.03024929 0.1693443 0.02515155 0.1911684 0.03024929 0.1693443 0.03024929 0.1693443 0.01592379 0.1782647 0.02515155 0.1911684 0.01592379 0.1782647 0.01592379 0.1782647 0.03024929 0.1693443 0.01592379 0.1782647 0.003476858 0.1787171 0.01592379 0.1782647 0.05848693 0.1642697 0.1043811 0.1493651 0.06352704 0.1396687 0.07007324 0.1918523 0.1043811 0.1493651 0.05848693 0.1642697 0.07007324 0.1918523 0.1137232 0.1892967 0.1043811 0.1493651 0.07436531 0.2192083 0.1137232 0.1892967 0.07007324 0.1918523 0.07436531 0.2192083 0.1130304 0.2154764 0.1137232 0.1892967 0.06192284 0.2512026 0.1130304 0.2154764 0.07436531 0.2192083 0.06192284 0.2512026 0.09648001 0.2518945 0.1130304 0.2154764 0.03352892 0.06082087 0.003476858 0.04539072 0.01842135 0.07258701 0.03280961 0.04242652 0.003476858 0.04539072 0.03352892 0.06082087 0.03280961 0.04242652 0.03000885 0.003447234 0.003476858 0.04539072 0.05399292 0.04048985 0.03000885 0.003447234 0.03280961 0.04242652 0.05399292 0.04048985 0.06049197 0.002765715 0.03000885 0.003447234 0.0935561 0.05138176 0.06049197 0.002765715 0.05399292 0.04048985 0.0935561 0.05138176 0.1268963 0.00832051 0.06049197 0.002765715 0.3936297 0.3239474 0.417208 0.2751033 0.3780551 0.3222799 0.4358773 0.2940282 0.417208 0.2751033 0.3936297 0.3239474 0.4358773 0.2940282 0.4506534 0.2550066 0.417208 0.2751033 0.4611853 0.2789925 0.4506534 0.2550066 0.4358773 0.2940282 0.4611853 0.2789925 0.488589 0.2469477 0.4506534 0.2550066 0.4865801 0.2744268 0.488589 0.2469477 0.4611853 0.2789925 0.4865801 0.2744268 0.5106507 0.2790502 0.488589 0.2469477 0.4161453 0.3782382 0.3936297 0.3239474 0.4059158 0.3899164 0.4139152 0.3263297 0.3936297 0.3239474 0.4161453 0.3782382 0.4139152 0.3263297 0.4358773 0.2940282 0.3936297 0.3239474 0.4449876 0.3053829 0.4358773 0.2940282 0.4139152 0.3263297 0.4449876 0.3053829 0.4611853 0.2789925 0.4358773 0.2940282 0.4640342 0.3024928 0.4611853 0.2789925 0.4449876 0.3053829 0.4640342 0.3024928 0.4865801 0.2744268 0.4611853 0.2789925 0.5029489 0.3020101 0.5083302 0.3231894 0.5280096 0.3015965 0.483726 0.3018415 0.5083302 0.3231894 0.5029489 0.3020101 0.483726 0.3018415 0.4841328 0.3306698 0.5083302 0.3231894 0.4575771 0.3260861 0.4841328 0.3306698 0.483726 0.3018415 0.4575771 0.3260861 0.4844172 0.3739572 0.4841328 0.3306698 0.4294697 0.3756662 0.4844172 0.3739572 0.4575771 0.3260861 0.4294697 0.3756662 0.4333005 0.4097467 0.4844172 0.3739572 0.4487837 0.03397315 0.4521773 0.02365958 0.4700849 0.0397973 0.4700849 0.0397973 0.4521773 0.02365958 0.4487837 0.03397315 0.4700849 0.0397973 0.4719843 0.0298298 0.4521773 0.02365958 0.5117351 0.03216201 0.4719843 0.0298298 0.4700849 0.0397973 0.5117351 0.03216201 0.5117351 0.03216201 0.4719843 0.0298298 0.5440596 0.04138463 0.5117351 0.03216201 0.5117351 0.03216201 0.5440596 0.04138463 0.5117351 0.03216201 0.5117351 0.03216201 0.01219195 0.1448609 0.01219195 0.1448609 0.003476858 0.1605323 0.003476858 0.1309921 0.01219195 0.1448609 0.01219195 0.1448609 0.003476858 0.1309921 0.003476858 0.1309921 0.01219195 0.1448609 0.01489233 0.1126518 0.003476858 0.1309921 0.003476858 0.1309921 0.01489233 0.1126518 0.01977133 0.1257933 0.003476858 0.1309921 0.0304625 0.1172731 0.01977133 0.1257933 0.01489233 0.1126518 0.0304625 0.1172731 0.0304625 0.1172731 0.01977133 0.1257933 0.06192284 0.2512026 0.1130304 0.2154764 0.09648001 0.2518945 0.07436531 0.2192083 0.1130304 0.2154764 0.06192284 0.2512026 0.07436531 0.2192083 0.1137232 0.1892967 0.1130304 0.2154764 0.07007324 0.1918523 0.1137232 0.1892967 0.07436531 0.2192083 0.07007324 0.1918523 0.1043811 0.1493651 0.1137232 0.1892967 0.05848693 0.1642697 0.1043811 0.1493651 0.07007324 0.1918523 0.05848693 0.1642697 0.06352704 0.1396687 0.1043811 0.1493651 0.01592379 0.1782647 0.003476858 0.1787171 0.003476858 0.1787171 0.01592379 0.1782647 0.003476858 0.1787171 0.01592379 0.1782647 0.01592379 0.1782647 0.003476858 0.1914988 0.003476858 0.1787171 0.02515155 0.1911684 0.003476858 0.1914988 0.01592379 0.1782647 0.02515155 0.1911684 0.003476858 0.2077159 0.003476858 0.1914988 0.04038482 0.1965084 0.003476858 0.2077159 0.02515155 0.1911684 0.04038482 0.1965084 0.02999639 0.2068305 0.003476858 0.2077159 0.1558694 0.8882077 0.1992508 0.8590376 0.1659501 0.8585317 0.1980724 0.8923616 0.1992508 0.8590376 0.1558694 0.8882077 0.1980724 0.8923616 0.2349839 0.8575779 0.1992508 0.8590376 0.2370256 0.8946015 0.2349839 0.8575779 0.1980724 0.8923616 0.2370256 0.8946015 0.2769607 0.8552328 0.2349839 0.8575779 0.2769607 0.8923785 0.2769607 0.8552328 0.2370256 0.8946015 0.2769607 0.8923785 0.3168957 0.8946015 0.2769607 0.8552328 0.8261914 0.6422857 0.8377911 0.5807614 0.7842349 0.6493587 0.8529239 0.6455016 0.8377911 0.5807614 0.8261914 0.6422857 0.8529239 0.6455016 0.871024 0.5835155 0.8377911 0.5807614 0.8793716 0.6604496 0.871024 0.5835155 0.8529239 0.6455016 0.8793716 0.6604496 0.9059818 0.6032301 0.871024 0.5835155 0.9432464 0.6373018 0.9059818 0.6032301 0.8793716 0.6604496 0.9432464 0.6373018 0.9641017 0.6062203 0.9059818 0.6032301 0.8763555 0.005669474 0.8381709 0.1285536 0.897608 0.1221647 0.7498195 0.0227825 0.8381709 0.1285536 0.8763555 0.005669474 0.7498195 0.0227825 0.7788671 0.1275779 0.8381709 0.1285536 0.7265068 0.1075235 0.7788671 0.1275779 0.7498195 0.0227825 0.7265068 0.1075235 0.7465406 0.1436617 0.7788671 0.1275779 0.6929609 0.1331795 0.7465406 0.1436617 0.7265068 0.1075235 0.6929609 0.1331795 0.718325 0.1584557 0.7465406 0.1436617 0.9087663 0.7408992 0.8241345 0.7479802 0.833156 0.7871679 0.8712291 0.7220775 0.8241345 0.7479802 0.9087663 0.7408992 0.8712291 0.7220775 0.8100308 0.7203514 0.8241345 0.7479802 0.8655575 0.7100028 0.8100308 0.7203514 0.8712291 0.7220775 0.8655575 0.7100028 0.8655575 0.7100028 0.8100308 0.7203514 0.898784 0.6976391 0.8655575 0.7100028 0.8655575 0.7100028 0.898784 0.6976391 0.8884373 0.6860135 0.8655575 0.7100028 0.8036893 0.7021622 0.8100308 0.7203514 0.8471353 0.6893813 0.7729228 0.7225559 0.8100308 0.7203514 0.8036893 0.7021622 0.7729228 0.7225559 0.7729228 0.7225559 0.8100308 0.7203514 0.7358147 0.7203514 0.7729228 0.7225559 0.7729228 0.7225559 0.7358147 0.7203514 0.7358147 0.7203514 0.7729228 0.7225559 0.6826046 0.7057374 0.7358147 0.7203514 0.7358147 0.7203514 0.6826046 0.7057374 0.6760149 0.7141953 0.7358147 0.7203514 0.8253164 0.3909789 0.863947 0.3903375 0.8623592 0.4379084 0.8242507 0.3440959 0.863947 0.3903375 0.8253164 0.3909789 0.8242507 0.3440959 0.8544524 0.3320583 0.863947 0.3903375 0.8163176 0.3139851 0.8544524 0.3320583 0.8242507 0.3440959 0.8163176 0.3139851 0.8263381 0.301176 0.8544524 0.3320583 0.8163176 0.3139851 0.8263381 0.301176 0.8163176 0.3139851 0.8163176 0.3139851 0.8044233 0.3057684 0.8263381 0.301176 0.9045876 0.4380183 0.9145491 0.3920589 0.9602189 0.4369487 0.863947 0.3903375 0.9145491 0.3920589 0.9045876 0.4380183 0.863947 0.3903375 0.9050999 0.353366 0.9145491 0.3920589 0.8544524 0.3320583 0.9050999 0.353366 0.863947 0.3903375 0.8544524 0.3320583 0.8794488 0.3101985 0.9050999 0.353366 0.8732504 0.2946678 0.8794488 0.3101985 0.8544524 0.3320583 0.8732504 0.2946678 0.8732504 0.2946678 0.8794488 0.3101985 0.3151966 0.9641299 0.3149316 0.9226714 0.2769607 0.9685607 0.3572313 0.9587475 0.3149316 0.9226714 0.3151966 0.9641299 0.3572313 0.9587475 0.3566172 0.9226969 0.3149316 0.9226714 0.3950708 0.9219695 0.3566172 0.9226969 0.3572313 0.9587475 0.3950708 0.9219695 0.3917595 0.8895005 0.3566172 0.9226969 0.4400992 0.9183483 0.3917595 0.8895005 0.3950708 0.9219695 0.4400992 0.9183483 0.4327954 0.8595737 0.3917595 0.8895005 0.9432464 0.6373018 0.9059818 0.6032301 0.9641017 0.6062203 0.8793716 0.6604496 0.9059818 0.6032301 0.9432464 0.6373018 0.8793716 0.6604496 0.871024 0.5835155 0.9059818 0.6032301 0.8529239 0.6455016 0.871024 0.5835155 0.8793716 0.6604496 0.8529239 0.6455016 0.8377911 0.5807614 0.871024 0.5835155 0.8261914 0.6422857 0.8377911 0.5807614 0.8529239 0.6455016 0.8261914 0.6422857 0.7842349 0.6493587 0.8377911 0.5807614 0.5498055 0.771869 0.5498055 0.8146812 0.6238493 0.779776 0.4733805 0.7776405 0.5498055 0.8146812 0.5498055 0.771869 0.4733805 0.7776405 0.4749624 0.8174108 0.5498055 0.8146812 0.4323729 0.8201845 0.4749624 0.8174108 0.4733805 0.7776405 0.4323729 0.8201845 0.4327954 0.8595737 0.4749624 0.8174108 0.3879712 0.8585317 0.4327954 0.8595737 0.4323729 0.8201845 0.3879712 0.8585317 0.3917595 0.8895005 0.4327954 0.8595737 0.7496872 0.3995287 0.7522713 0.4537382 0.7951987 0.443299 0.7085648 0.4002419 0.7522713 0.4537382 0.7496872 0.3995287 0.7085648 0.4002419 0.707699 0.4466626 0.7522713 0.4537382 0.6856274 0.4003435 0.707699 0.4466626 0.7085648 0.4002419 0.6856274 0.4003435 0.6832045 0.4456365 0.707699 0.4466626 0.6528083 0.3996253 0.6832045 0.4456365 0.6856274 0.4003435 0.6528083 0.3996253 0.6496101 0.4427787 0.6832045 0.4456365 0.9305544 0.296609 0.9515607 0.3216974 0.958338 0.310377 0.9235254 0.3155765 0.9515607 0.3216974 0.9305544 0.296609 0.9235254 0.3155765 0.9050999 0.353366 0.9515607 0.3216974 0.8794488 0.3101985 0.9050999 0.353366 0.9235254 0.3155765 0.8794488 0.3101985 0.8544524 0.3320583 0.9050999 0.353366 0.8732504 0.2946678 0.8544524 0.3320583 0.8794488 0.3101985 0.8732504 0.2946678 0.8603272 0.3116185 0.8544524 0.3320583 0.2867576 0.1395562 0.2576779 0.1587911 0.2734283 0.1379765 0.3046067 0.163561 0.2576779 0.1587911 0.2867576 0.1395562 0.3046067 0.163561 0.2530238 0.2020999 0.2576779 0.1587911 0.2674258 0.2527852 0.2530238 0.2020999 0.3046067 0.163561 0.2674258 0.2527852 0.1757183 0.2181216 0.2530238 0.2020999 0.2046476 0.2641392 0.1757183 0.2181216 0.2674258 0.2527852 0.2046476 0.2641392 0.1460251 0.2694351 0.1757183 0.2181216 0.8085688 0.1670357 0.7795821 0.1508237 0.7904059 0.1811585 0.7788671 0.1275779 0.7795821 0.1508237 0.8085688 0.1670357 0.7788671 0.1275779 0.7589387 0.1535726 0.7795821 0.1508237 0.7465406 0.1436617 0.7589387 0.1535726 0.7788671 0.1275779 0.7465406 0.1436617 0.740273 0.1597326 0.7589387 0.1535726 0.718325 0.1584557 0.740273 0.1597326 0.7465406 0.1436617 0.718325 0.1584557 0.7313388 0.1748621 0.740273 0.1597326 0.1909565 0.3584062 0.1919354 0.3351718 0.1141515 0.3804237 0.2749029 0.3125067 0.1919354 0.3351718 0.1909565 0.3584062 0.2749029 0.3125067 0.1969794 0.3061781 0.1919354 0.3351718 0.2758241 0.2784484 0.1969794 0.3061781 0.2749029 0.3125067 0.2758241 0.2784484 0.2046476 0.2641392 0.1969794 0.3061781 0.2674258 0.2527852 0.2046476 0.2641392 0.2758241 0.2784484 0.4521773 0.02365958 0.4521773 0.02365958 0.5117351 0.03216201 0.5117351 0.03216201 0.4521773 0.02365958 0.4521773 0.02365958 0.5117351 0.03216201 0.4719843 0.0298298 0.4521773 0.02365958 0.5117351 0.03216201 0.4719843 0.0298298 0.5117351 0.03216201 0.5117351 0.03216201 0.4700849 0.0397973 0.4719843 0.0298298 0.5149747 0.05220633 0.4700849 0.0397973 0.5117351 0.03216201 0.6191732 0.321968 0.6037601 0.3206725 0.6334437 0.3716913 0.5920532 0.2741445 0.6037601 0.3206725 0.6191732 0.321968 0.5920532 0.2741445 0.5622223 0.2758233 0.6037601 0.3206725 0.5376166 0.2347965 0.5622223 0.2758233 0.5920532 0.2741445 0.5376166 0.2347965 0.5264691 0.2542366 0.5622223 0.2758233 0.4888243 0.2271484 0.5264691 0.2542366 0.5376166 0.2347965 0.6383785 0.4135712 0.6079018 0.4437909 0.6498928 0.4967404 0.6334437 0.3716913 0.6079018 0.4437909 0.6383785 0.4135712 0.6334437 0.3716913 0.5895755 0.4110015 0.6079018 0.4437909 0.6037601 0.3206725 0.5895755 0.4110015 0.6334437 0.3716913 0.6037601 0.3206725 0.5731354 0.3821405 0.5895755 0.4110015 0.5855993 0.3231036 0.5731354 0.3821405 0.6037601 0.3206725 0.08687466 0.4930937 0.1255744 0.4930493 0.1014664 0.5555827 0.09273684 0.4452067 0.1255744 0.4930493 0.08687466 0.4930937 0.09273684 0.4452067 0.1307739 0.4453717 0.1255744 0.4930493 0.1209524 0.3992133 0.1307739 0.4453717 0.09273684 0.4452067 0.1209524 0.3992133 0.1490182 0.4028011 0.1307739 0.4453717 0.1678848 0.3714668 0.1490182 0.4028011 0.1209524 0.3992133 6.7684e-4 0.7361975 0.07322424 0.7312597 6.7684e-4 0.7361975 0.07322424 0.7312597 0.07322424 0.7312597 6.7684e-4 0.7361975 0.07322424 0.7312597 0.1177285 0.7213689 0.07322424 0.7312597 0.1356168 0.745159 0.1177285 0.7213689 0.07322424 0.7312597 0.1356168 0.745159 0.1467786 0.7204768 0.1177285 0.7213689 0.1706912 0.7277624 0.1467786 0.7204768 0.1356168 0.745159 0.5689411 0.6479117 0.5535124 0.6522622 0.587854 0.6702895 0.5670583 0.6262157 0.5535124 0.6522622 0.5689411 0.6479117 0.5670583 0.6262157 0.5480859 0.6154102 0.5535124 0.6522622 0.588105 0.6021233 0.5480859 0.6154102 0.5670583 0.6262157 0.588105 0.6021233 0.5664696 0.6051021 0.5480859 0.6154102 0.5877723 0.5886002 0.5664696 0.6051021 0.588105 0.6021233 0.8445749 0.5457575 0.871024 0.5835155 0.8377911 0.5807614 0.8803034 0.5475832 0.871024 0.5835155 0.8445749 0.5457575 0.8803034 0.5475832 0.9059818 0.6032301 0.871024 0.5835155 0.916447 0.5678264 0.9059818 0.6032301 0.8803034 0.5475832 0.916447 0.5678264 0.9641017 0.6062203 0.9059818 0.6032301 0.9933497 0.5536861 0.9641017 0.6062203 0.916447 0.5678264 0.9304561 0.1960319 0.9109773 0.17235 0.9824445 0.08680391 0.8307347 0.245392 0.9109773 0.17235 0.9304561 0.1960319 0.8307347 0.245392 0.8282601 0.2082425 0.9109773 0.17235 0.7210039 0.2265804 0.8282601 0.2082425 0.8307347 0.245392 0.7210039 0.2265804 0.7305496 0.2043526 0.8282601 0.2082425 0.6669966 0.1642686 0.7305496 0.2043526 0.7210039 0.2265804 0.4632019 0.661888 0.5066254 0.6682509 0.4625388 0.6854888 0.4969226 0.6370866 0.5066254 0.6682509 0.4632019 0.661888 0.4969226 0.6370866 0.5535124 0.6522622 0.5066254 0.6682509 0.5480859 0.6154102 0.5535124 0.6522622 0.4969226 0.6370866 0.5480859 0.6154102 0.5670583 0.6262157 0.5535124 0.6522622 0.588105 0.6021233 0.5670583 0.6262157 0.5480859 0.6154102 0.01541173 0.502424 0.0821557 0.5079649 0.01541173 0.502424 0.0104708 0.5545403 0.0821557 0.5079649 0.01541173 0.502424 0.0104708 0.5545403 0.0830301 0.5691512 0.0821557 0.5079649 0.01654273 0.6039349 0.0830301 0.5691512 0.0104708 0.5545403 0.01654273 0.6039349 0.06798183 0.6093037 0.0830301 0.5691512 0.04440373 0.6161724 0.06798183 0.6093037 0.01654273 0.6039349 0.2114614 0.1671483 0.2301049 0.1561242 0.2329046 0.1244517 0.2576779 0.1587911 0.2301049 0.1561242 0.2114614 0.1671483 0.2576779 0.1587911 0.2523387 0.1464824 0.2301049 0.1561242 0.2734283 0.1379765 0.2523387 0.1464824 0.2576779 0.1587911 0.2734283 0.1379765 0.2632001 0.1292348 0.2523387 0.1464824 0.03119492 0.2322785 0.04048931 0.2389941 0.0109508 0.2369141 0.04032737 0.2177814 0.04048931 0.2389941 0.03119492 0.2322785 0.04032737 0.2177814 0.05573487 0.2220097 0.04048931 0.2389941 0.04032737 0.2177814 0.05573487 0.2220097 0.04032737 0.2177814 0.04032737 0.2177814 0.05197197 0.2036529 0.05573487 0.2220097 0.07760417 0.1104454 0.06352704 0.1396687 0.05583375 0.1231815 0.08792203 0.1281171 0.06352704 0.1396687 0.07760417 0.1104454 0.08792203 0.1281171 0.1043811 0.1493651 0.06352704 0.1396687 0.1273149 0.1390921 0.1043811 0.1493651 0.08792203 0.1281171 0.1273149 0.1390921 0.1137232 0.1892967 0.1043811 0.1493651 0.06759077 0.942468 0.1195375 0.9497589 0.06997627 0.9160645 0.1232427 0.9843435 0.1195375 0.9497589 0.06759077 0.942468 0.1232427 0.9843435 0.1529819 0.9537107 0.1195375 0.9497589 0.1503732 0.9843435 0.1529819 0.9537107 0.1232427 0.9843435 0.1503732 0.9843435 0.1933731 0.9843435 0.1529819 0.9537107 0.9203708 0.9212315 0.9982509 0.9182011 0.9982509 0.8773182 0.9193368 0.9843435 0.9982509 0.9182011 0.9203708 0.9212315 0.9193368 0.9843435 0.995447 0.9931452 0.9982509 0.9182011 0.9168623 0.9979003 0.995447 0.9931452 0.9193368 0.9843435 0.9168623 0.9979003 0.995447 0.9931452 0.995447 0.9931452 0.871024 0.5835155 0.8803034 0.5475832 0.8445749 0.5457575 0.9059818 0.6032301 0.8803034 0.5475832 0.871024 0.5835155 0.9059818 0.6032301 0.916447 0.5678264 0.8803034 0.5475832 0.9641017 0.6062203 0.916447 0.5678264 0.9059818 0.6032301 0.9641017 0.6062203 0.9933497 0.5536861 0.916447 0.5678264 0.9304561 0.1960319 0.9109773 0.17235 0.8307347 0.245392 0.9824445 0.08680391 0.9109773 0.17235 0.9304561 0.1960319 0.9824445 0.08680391 0.9707415 0.005669832 0.9109773 0.17235 0.9990729 0.00911349 0.9707415 0.005669832 0.9824445 0.08680391 0.9990729 0.00911349 0.9824445 0.08680391 0.9707415 0.005669832 0.2280436 0.5724434 0.1623065 0.5864471 0.2241787 0.53107 0.234665 0.6101094 0.1623065 0.5864471 0.2280436 0.5724434 0.234665 0.6101094 0.1909833 0.6198574 0.1623065 0.5864471 0.2498064 0.6689339 0.1909833 0.6198574 0.234665 0.6101094 0.2498064 0.6689339 0.2050806 0.6689338 0.1909833 0.6198574 0.7729228 0.7036038 0.7729228 0.7225559 0.8036893 0.7021622 0.7421562 0.701326 0.7729228 0.7225559 0.7729228 0.7036038 0.7421562 0.701326 0.7358147 0.7203514 0.7729228 0.7225559 0.6974995 0.6894897 0.7358147 0.7203514 0.7421562 0.701326 0.6974995 0.6894897 0.6826046 0.7057374 0.7358147 0.7203514 0.205677 0.6912937 0.2051095 0.7058642 0.2406801 0.6858267 0.1750584 0.689689 0.2051095 0.7058642 0.205677 0.6912937 0.1750584 0.689689 0.1681616 0.7011794 0.2051095 0.7058642 0.14981 0.6732668 0.1681616 0.7011794 0.1750584 0.689689 0.14981 0.6732668 0.1314057 0.6978666 0.1681616 0.7011794 0.8655575 0.7100028 0.8851841 0.7062769 0.898784 0.6976391 0.8712291 0.7220775 0.8851841 0.7062769 0.8655575 0.7100028 0.8712291 0.7220775 0.8899847 0.717886 0.8851841 0.7062769 0.9087663 0.7408992 0.8899847 0.717886 0.8712291 0.7220775 0.9087663 0.7408992 0.9226068 0.7275975 0.8899847 0.717886 0.1606202 0.718994 0.1681616 0.7011794 0.1314057 0.6978666 0.1814079 0.7255123 0.1681616 0.7011794 0.1606202 0.718994 0.1814079 0.7255123 0.2051095 0.7058642 0.1681616 0.7011794 0.1946038 0.735048 0.2051095 0.7058642 0.1814079 0.7255123 0.1946038 0.735048 0.24503 0.7106336 0.2051095 0.7058642 0.1195375 0.9497589 0.1588505 0.9219695 0.1138221 0.9183483 0.1529819 0.9537107 0.1588505 0.9219695 0.1195375 0.9497589 0.1529819 0.9537107 0.19669 0.9587475 0.1588505 0.9219695 0.1933731 0.9843435 0.19669 0.9587475 0.1529819 0.9537107 0.1933731 0.9843435 0.2387247 0.9641299 0.19669 0.9587475 0.9706591 0.2730825 0.9305544 0.296609 0.9533097 0.2661733 0.958338 0.310377 0.9305544 0.296609 0.9706591 0.2730825 0.958338 0.310377 0.9515607 0.3216974 0.9305544 0.296609 0.9700855 0.3331308 0.9515607 0.3216974 0.958338 0.310377 0.9700855 0.3331308 0.9569572 0.3485739 0.9515607 0.3216974 0.8806175 0.2531549 0.8732504 0.2946678 0.8553259 0.2629287 0.898138 0.2937134 0.8732504 0.2946678 0.8806175 0.2531549 0.898138 0.2937134 0.8794488 0.3101985 0.8732504 0.2946678 0.9235254 0.3155765 0.8794488 0.3101985 0.898138 0.2937134 0.9235254 0.3155765 0.9050999 0.353366 0.8794488 0.3101985 0.01541173 0.502424 0.0821557 0.5079649 0.0104708 0.5545403 0.01541173 0.502424 0.0821557 0.5079649 0.01541173 0.502424 0.01541173 0.502424 0.08687466 0.4930937 0.0821557 0.5079649 0.04282134 0.4398621 0.08687466 0.4930937 0.01541173 0.502424 0.04282134 0.4398621 0.07842123 0.4555267 0.08687466 0.4930937 0.4764308 0.7011016 0.5066254 0.6682509 0.4625388 0.6854888 0.5124433 0.6974851 0.5066254 0.6682509 0.4764308 0.7011016 0.5124433 0.6974851 0.5535124 0.6522622 0.5066254 0.6682509 0.5660158 0.683462 0.5535124 0.6522622 0.5124433 0.6974851 0.5660158 0.683462 0.587854 0.6702895 0.5535124 0.6522622 0.6929609 0.1331795 0.66882 0.07311338 0.7265068 0.1075235 0.6256339 0.1040806 0.66882 0.07311338 0.6929609 0.1331795 0.6256339 0.1040806 0.6195995 0.00911349 0.66882 0.07311338 0.5903162 0.00911349 0.6195995 0.00911349 0.6256339 0.1040806 0.5903162 0.00911349 0.6256339 0.1040806 0.6195995 0.00911349 0.7767358 0.565383 0.6787325 0.5167016 0.7522713 0.4537382 0.7124878 0.5963318 0.6787325 0.5167016 0.7767358 0.565383 0.7124878 0.5963318 0.6643826 0.6113361 0.6787325 0.5167016 0.7222869 0.6173475 0.6643826 0.6113361 0.7124878 0.5963318 0.7222869 0.6173475 0.6803227 0.6353101 0.6643826 0.6113361 0.1209524 0.3992133 0.1307739 0.4453717 0.1490182 0.4028011 0.09273684 0.4452067 0.1307739 0.4453717 0.1209524 0.3992133 0.09273684 0.4452067 0.1255744 0.4930493 0.1307739 0.4453717 0.08687466 0.4930937 0.1255744 0.4930493 0.09273684 0.4452067 0.08687466 0.4930937 0.1014664 0.5555827 0.1255744 0.4930493 0.5660158 0.683462 0.5535124 0.6522622 0.587854 0.6702895 0.5124433 0.6974851 0.5535124 0.6522622 0.5660158 0.683462 0.5124433 0.6974851 0.5066254 0.6682509 0.5535124 0.6522622 0.4764308 0.7011016 0.5066254 0.6682509 0.5124433 0.6974851 0.4764308 0.7011016 0.4625388 0.6854888 0.5066254 0.6682509 0.0582422 0.6269699 0.05824202 0.6732664 0.1498104 0.6269702 0.1498104 0.6269702 0.05824202 0.6732664 0.0582422 0.6269699 0.1498104 0.6269702 0.14981 0.6732668 0.05824202 0.6732664 0.05824202 0.6732664 0.14981 0.6732668 0.1498104 0.6269702 0.0582422 0.6269699 0.05824202 0.6732664 0.1498104 0.6269702 0.1498104 0.6269702 0.05824202 0.6732664 0.0582422 0.6269699 0.1498104 0.6269702 0.14981 0.6732668 0.05824202 0.6732664 0.05824202 0.6732664 0.14981 0.6732668 0.1498104 0.6269702 0.2674258 0.2527852 0.3383629 0.2055914 0.3046067 0.163561 0.2758241 0.2784484 0.3383629 0.2055914 0.2674258 0.2527852 0.2758241 0.2784484 0.372411 0.2253609 0.3383629 0.2055914 0.2749029 0.3125067 0.372411 0.2253609 0.2758241 0.2784484 0.1919354 0.3351718 0.1127845 0.3409655 0.1141515 0.3804237 0.1969794 0.3061781 0.1127845 0.3409655 0.1919354 0.3351718 0.1969794 0.3061781 0.112451 0.310694 0.1127845 0.3409655 0.2046476 0.2641392 0.112451 0.310694 0.1969794 0.3061781 0.4614065 0.01341402 0.5117351 0.03216201 0.5117351 0.03216201 0.4614065 0.01341402 0.5117351 0.03216201 0.4614065 0.01341402 0.4614065 0.01341402 0.4614065 0.01341402 0.5117351 0.03216201 0.5117351 0.03216201 0.4614065 0.01341402 0.4614065 0.01341402 0.003476858 0.1914988 0.003476858 0.2077159 0.003476858 0.2077159 0.003476858 0.2077159 0.003476858 0.2077159 0.003476858 0.1914988 0.003476858 0.2077159 0.003476858 0.2077159 0.003476858 0.2077159 0.02999639 0.2068305 0.003476858 0.2077159 0.003476858 0.2077159 0.01565337 0.1576698 0.01219195 0.1448609 0.003476858 0.1605323 0.01219195 0.1448609 0.01219195 0.1448609 0.01565337 0.1576698 0.01219195 0.1448609 0.003476858 0.1309921 0.01219195 0.1448609 0.003476858 0.1309921 0.003476858 0.1309921 0.01219195 0.1448609 0.112451 0.310694 0.1127845 0.3409655 0.05542969 0.3176622 0.1969794 0.3061781 0.1127845 0.3409655 0.112451 0.310694 0.1969794 0.3061781 0.1919354 0.3351718 0.1127845 0.3409655 0.2749029 0.3125067 0.1919354 0.3351718 0.1969794 0.3061781 0.7782156 0.5934113 0.7124878 0.5963318 0.7222869 0.6173475 0.7767358 0.565383 0.7124878 0.5963318 0.7782156 0.5934113 0.7767358 0.565383 0.6787325 0.5167016 0.7124878 0.5963318 0.7522713 0.4537382 0.6787325 0.5167016 0.7767358 0.565383 0.7222869 0.6173475 0.6643826 0.6113361 0.6803227 0.6353101 0.7124878 0.5963318 0.6643826 0.6113361 0.7222869 0.6173475 0.7124878 0.5963318 0.6330462 0.5653342 0.6643826 0.6113361 0.6787325 0.5167016 0.6330462 0.5653342 0.7124878 0.5963318 0.1891794 0.6689336 0.1909833 0.6198574 0.2050806 0.6689338 0.1679592 0.6279522 0.1909833 0.6198574 0.1891794 0.6689336 0.1679592 0.6279522 0.1623065 0.5864471 0.1909833 0.6198574 0.1342611 0.5992213 0.1623065 0.5864471 0.1679592 0.6279522 0.2769607 0.8200245 0.2769607 0.7859334 0.2384831 0.8202302 0.319774 0.8255289 0.2769607 0.7859334 0.2769607 0.8200245 0.319774 0.8255289 0.3120045 0.7788728 0.2769607 0.7859334 0.3659914 0.7753807 0.3120045 0.7788728 0.319774 0.8255289 0.9050284 0.4782029 0.8803034 0.5475832 0.8364484 0.4591677 0.9598993 0.5149046 0.8803034 0.5475832 0.9050284 0.4782029 0.9598993 0.5149046 0.916447 0.5678264 0.8803034 0.5475832 0.9933497 0.5536861 0.916447 0.5678264 0.9598993 0.5149046 0.1623065 0.5864471 0.2280436 0.5724434 0.2241787 0.53107 0.1909833 0.6198574 0.2280436 0.5724434 0.1623065 0.5864471 0.1909833 0.6198574 0.234665 0.6101094 0.2280436 0.5724434 0.2498064 0.6689339 0.234665 0.6101094 0.1909833 0.6198574 0.6125676 0.7081044 0.6115405 0.6936606 0.6427232 0.704526 0.5777786 0.7081061 0.6115405 0.6936606 0.6125676 0.7081044 0.5777786 0.7081061 0.5903936 0.6899322 0.6115405 0.6936606 0.5777786 0.7081061 0.5903936 0.6899322 0.5777786 0.7081061 0.6160115 0.5903092 0.5877723 0.5886002 0.6118196 0.5738381 0.588105 0.6021233 0.5877723 0.5886002 0.6160115 0.5903092 0.588105 0.6021233 0.5664696 0.6051021 0.5877723 0.5886002 0.5480859 0.6154102 0.5664696 0.6051021 0.588105 0.6021233 0.0582422 0.6269699 0.05824202 0.6732664 0.1498104 0.6269702 0.1498104 0.6269702 0.05824202 0.6732664 0.0582422 0.6269699 0.1498104 0.6269702 0.14981 0.6732668 0.05824202 0.6732664 0.0582422 0.6269699 0.05824202 0.6732664 0.1498104 0.6269702 0.1498104 0.6269702 0.05824202 0.6732664 0.0582422 0.6269699 0.1498104 0.6269702 0.14981 0.6732668 0.05824202 0.6732664 0.3793558 0.01561254 0.3920382 0.06309437 0.3964186 0.01417344 0.3638155 0.02280384 0.3920382 0.06309437 0.3793558 0.01561254 0.3638155 0.02280384 0.3516713 0.03488004 0.3920382 0.06309437 0.3443883 0.05038446 0.3920382 0.06309437 0.3516713 0.03488004 0.3428453 0.0674473 0.3920382 0.06309437 0.3443883 0.05038446 0.3428453 0.0674473 0.347228 0.08400994 0.3920382 0.06309437 0.3570077 0.09807544 0.3920382 0.06309437 0.347228 0.08400994 0.3710048 0.1079465 0.3920382 0.06309437 0.3570077 0.09807544 0.3710048 0.1079465 0.3875318 0.1124331 0.3920382 0.06309437 0.4045944 0.1109942 0.3920382 0.06309437 0.3875318 0.1124331 0.420135 0.1038026 0.3920382 0.06309437 0.4045944 0.1109942 0.420135 0.1038026 0.4328844 0.0824365 0.3920382 0.06309437 0.4328844 0.0824365 0.3920382 0.06309437 0.4328844 0.0824365 0.4411051 0.05915945 0.3920382 0.06309437 0.4328844 0.0824365 0.4411051 0.05915945 0.4367225 0.04259657 0.3920382 0.06309437 0.4328844 0.02104842 0.3920382 0.06309437 0.4367225 0.04259657 0.4136471 0.01797765 0.3920382 0.06309437 0.4328844 0.02104842 0.4136471 0.01797765 0.3964186 0.01417344 0.3920382 0.06309437 0.3964186 0.01417344 0.3920382 0.06309437 0.3793558 0.01561254 0.4136471 0.01797765 0.3920382 0.06309437 0.3964186 0.01417344 0.4136471 0.01797765 0.4328844 0.02104842 0.3920382 0.06309437 0.3516713 0.03488004 0.3920382 0.06309437 0.3443883 0.05038446 0.3638155 0.02280384 0.3920382 0.06309437 0.3516713 0.03488004 0.3638155 0.02280384 0.3793558 0.01561254 0.3920382 0.06309437 0.347228 0.08400994 0.3920382 0.06309437 0.3570077 0.09807544 0.3428453 0.0674473 0.3920382 0.06309437 0.347228 0.08400994 0.3428453 0.0674473 0.3443883 0.05038446 0.3920382 0.06309437 0.3875318 0.1124331 0.3920382 0.06309437 0.4045944 0.1109942 0.3710048 0.1079465 0.3920382 0.06309437 0.3875318 0.1124331 0.3710048 0.1079465 0.3570077 0.09807544 0.3920382 0.06309437 0.4328844 0.0824365 0.3920382 0.06309437 0.4328844 0.0824365 0.420135 0.1038026 0.3920382 0.06309437 0.4328844 0.0824365 0.420135 0.1038026 0.4045944 0.1109942 0.3920382 0.06309437 0.4367225 0.04259657 0.3920382 0.06309437 0.4328844 0.02104842 0.4411051 0.05915945 0.3920382 0.06309437 0.4367225 0.04259657 0.4411051 0.05915945 0.4328844 0.0824365 0.3920382 0.06309437 0.2413612 0.06398516 0.286069 0.08529317 0.2225685 0.03299856 0.2625849 0.0975117 0.286069 0.08529317 0.2413612 0.06398516 0.2625849 0.0975117 0.2652262 0.1164598 0.286069 0.08529317 0.4083065 0.4775822 0.4947976 0.49787 0.4947889 0.455333 0.4086453 0.5144461 0.4947976 0.49787 0.4083065 0.4775822 0.4086453 0.5144461 0.4944307 0.5347234 0.4947976 0.49787 0.05201691 0.3761261 0.003476858 0.3521792 0.003476858 0.376302 0.05502772 0.3498224 0.003476858 0.3521792 0.05201691 0.3761261 0.05502772 0.3498224 0.05542969 0.3176622 0.003476858 0.3521792 0.1885438 0.1031257 0.2045062 0.07224112 0.1783242 0.04952728 0.1885438 0.1031257 0.2045062 0.07224112 0.1885438 0.1031257 0.1885438 0.1031257 0.2115681 0.08117353 0.2045062 0.07224112 0.004852771 0.2267236 0.0109508 0.2369141 0.004852771 0.2267236 0.0109508 0.2369141 0.0109508 0.2369141 0.004852771 0.2267236 0.0109508 0.2369141 0.005601525 0.2568266 0.0109508 0.2369141 0.004852771 0.008748292 0.003476858 0.04539072 0.03000885 0.003447234 0.03000885 0.003447234 0.003476858 0.04539072 0.004852771 0.008748292 0.03000885 0.003447234 0.03280961 0.04242652 0.003476858 0.04539072 0.2874191 0.1201437 0.286069 0.08529317 0.2652262 0.1164598 0.2970389 0.0530731 0.286069 0.08529317 0.2874191 0.1201437 0.2970389 0.0530731 0.2225685 0.03299856 0.286069 0.08529317 0.1933475 0.1326183 0.2114614 0.1671483 0.2329046 0.1244517 0.1273149 0.1390921 0.2114614 0.1671483 0.1933475 0.1326183 0.1273149 0.1390921 0.1567809 0.1890414 0.2114614 0.1671483 0.08711129 0.0882188 0.08711129 0.0882188 0.07760417 0.1104454 0.08711129 0.0882188 0.08711129 0.0882188 0.08711129 0.0882188 0.08711129 0.0882188 0.08711129 0.0882188 0.08711129 0.0882188 0.3561426 0.5018644 0.3314706 0.4945247 0.3502112 0.5294539 0.3658553 0.4424093 0.3314706 0.4945247 0.3561426 0.5018644 0.3658553 0.4424093 0.3392492 0.4098701 0.3314706 0.4945247 0.4935263 0.5847297 0.4938102 0.5639814 0.4100531 0.5487708 0.5594744 0.5563855 0.4938102 0.5639814 0.4935263 0.5847297 0.5594744 0.5563855 0.5532794 0.5250056 0.4938102 0.5639814 0.1460251 0.2694351 0.1130304 0.2154764 0.09648001 0.2518945 0.1757183 0.2181216 0.1130304 0.2154764 0.1460251 0.2694351 0.1757183 0.2181216 0.1137232 0.1892967 0.1130304 0.2154764 0.03119492 0.2322785 0.04032737 0.2177814 0.04032737 0.2177814 0.03119492 0.2322785 0.04032737 0.2177814 0.03119492 0.2322785 0.03119492 0.2322785 0.04048931 0.2389941 0.04032737 0.2177814 0.2530238 0.2020999 0.2114614 0.1671483 0.2576779 0.1587911 0.1757183 0.2181216 0.2114614 0.1671483 0.2530238 0.2020999 0.1757183 0.2181216 0.1567809 0.1890414 0.2114614 0.1671483 0.3383629 0.2055914 0.2674258 0.2527852 0.3046067 0.163561 0.2758241 0.2784484 0.2674258 0.2527852 0.3383629 0.2055914 0.2758241 0.2784484 0.2046476 0.2641392 0.2674258 0.2527852 0.2225685 0.03299856 0.286069 0.08529317 0.2413612 0.06398516 0.2970389 0.0530731 0.286069 0.08529317 0.2225685 0.03299856 0.2970389 0.0530731 0.2874191 0.1201437 0.286069 0.08529317 0.1783242 0.04952728 0.1885438 0.1031257 0.115989 0.09930741 0.2045062 0.07224112 0.1885438 0.1031257 0.1783242 0.04952728 0.2045062 0.07224112 0.1885438 0.1031257 0.1885438 0.1031257 0.5117351 0.03216201 0.481296 0.009973883 0.5242514 0.02208125 0.4614065 0.01341402 0.481296 0.009973883 0.5117351 0.03216201 0.4614065 0.01341402 0.4614065 0.01341402 0.481296 0.009973883 0.08711129 0.0882188 0.08711129 0.0882188 0.08711129 0.0882188 0.08711129 0.0882188 0.08711129 0.0882188 0.08711129 0.0882188 0.08711129 0.0882188 0.07760417 0.1104454 0.08711129 0.0882188 0.05177438 0.07282316 0.05177438 0.07282316 0.04058074 0.07513576 0.06006252 0.06539171 0.05177438 0.07282316 0.05177438 0.07282316 0.06006252 0.06539171 0.07001912 0.07717388 0.05177438 0.07282316 0.02628004 0.1496279 0.01219195 0.1448609 0.003476858 0.1309921 0.02628004 0.1496279 0.01219195 0.1448609 0.02628004 0.1496279 0.02628004 0.1496279 0.01565337 0.1576698 0.01219195 0.1448609 0.0935561 0.05138176 0.05399292 0.04048985 0.06049197 0.002765715 0.0721023 0.05886173 0.05399292 0.04048985 0.0935561 0.05138176 0.0721023 0.05886173 0.06097066 0.05533248 0.05399292 0.04048985 0.2632001 0.1292348 0.2329046 0.1244517 0.2652262 0.1164598 0.2523387 0.1464824 0.2329046 0.1244517 0.2632001 0.1292348 0.2523387 0.1464824 0.2301049 0.1561242 0.2329046 0.1244517 0.2501279 0.08076071 0.2329046 0.1244517 0.2115681 0.08117353 0.2625849 0.0975117 0.2329046 0.1244517 0.2501279 0.08076071 0.2625849 0.0975117 0.2652262 0.1164598 0.2329046 0.1244517 0.536839 0.3692296 0.5083302 0.3231894 0.4844172 0.3739572 0.5344645 0.3124446 0.5083302 0.3231894 0.536839 0.3692296 0.5344645 0.3124446 0.5280096 0.3015965 0.5083302 0.3231894 0.6339956 0.5295018 0.6194696 0.5047888 0.5690393 0.5758615 0.6498928 0.4967404 0.6194696 0.5047888 0.6339956 0.5295018 0.6498928 0.4967404 0.6079018 0.4437909 0.6194696 0.5047888 0.5383684 0.290677 0.5622223 0.2758233 0.5264691 0.2542366 0.5855993 0.3231036 0.5622223 0.2758233 0.5383684 0.290677 0.5855993 0.3231036 0.6037601 0.3206725 0.5622223 0.2758233 0.02628004 0.1496279 0.01219195 0.1448609 0.01565337 0.1576698 0.02628004 0.1496279 0.01219195 0.1448609 0.02628004 0.1496279 0.02628004 0.1496279 0.003476858 0.1309921 0.01219195 0.1448609 0.8295427 0.9843435 0.9193368 0.9843435 0.9203708 0.9212315 0.829741 0.9979003 0.9193368 0.9843435 0.8295427 0.9843435 0.829741 0.9979003 0.9168623 0.9979003 0.9193368 0.9843435 0 0.9947912 0.06297636 0.9843435 6.7684e-4 0.9843435 0.060139 0.9979003 0.06297636 0.9843435 0 0.9947912 0.060139 0.9979003 0.1219162 0.9979003 0.06297636 0.9843435 0.7265068 0.1075235 0.66882 0.07311338 0.6929609 0.1331795 0.7498195 0.0227825 0.66882 0.07311338 0.7265068 0.1075235 0.7498195 0.0227825 0.6435416 0.00911349 0.66882 0.07311338 0.9050284 0.4782029 0.8803034 0.5475832 0.9598993 0.5149046 0.8364484 0.4591677 0.8803034 0.5475832 0.9050284 0.4782029 0.8364484 0.4591677 0.8445749 0.5457575 0.8803034 0.5475832 0.8381709 0.1285536 0.841651 0.1587929 0.897608 0.1221647 0.7788671 0.1275779 0.841651 0.1587929 0.8381709 0.1285536 0.7788671 0.1275779 0.8085688 0.1670357 0.841651 0.1587929 0.9258629 0.1206134 0.8882573 0.1030757 0.9134631 0.0776723 0.8910793 0.1389274 0.8882573 0.1030757 0.9258629 0.1206134 0.8910793 0.1389274 0.8608992 0.1210606 0.8882573 0.1030757 0.8616073 0.09714353 0.8882573 0.1030757 0.8608992 0.1210606 0.8727077 0.07369673 0.8882573 0.1030757 0.8616073 0.09714353 0.8727077 0.07369673 0.9134631 0.0776723 0.8882573 0.1030757 0.649431 0.2624584 0.6331301 0.2359538 0.6705373 0.243465 0.6091268 0.2566258 0.6331301 0.2359538 0.649431 0.2624584 0.6091268 0.2566258 0.5966334 0.2355847 0.6331301 0.2359538 0.6046116 0.2139966 0.6331301 0.2359538 0.5966334 0.2355847 0.6301482 0.2079998 0.6331301 0.2359538 0.6046116 0.2139966 0.6301482 0.2079998 0.6630188 0.222068 0.6331301 0.2359538 0.7305496 0.2043526 0.7319277 0.1894425 0.6669966 0.1642686 0.794933 0.1916727 0.7319277 0.1894425 0.7305496 0.2043526 0.794933 0.1916727 0.7567778 0.187455 0.7319277 0.1894425 0.2370256 0.8946015 0.1973041 0.9226969 0.2406792 0.9265351 0.1980724 0.8923616 0.1973041 0.9226969 0.2370256 0.8946015 0.1980724 0.8923616 0.1558694 0.8882077 0.1973041 0.9226969 0.7510101 0.3024789 0.7609722 0.3228428 0.7348282 0.3235794 0.7660521 0.3074644 0.7609722 0.3228428 0.7510101 0.3024789 0.7660521 0.3074644 0.7783737 0.3220593 0.7609722 0.3228428 0.7467474 0.2572815 0.7510101 0.3024789 0.7324494 0.2747471 0.7513545 0.2899219 0.7510101 0.3024789 0.7467474 0.2572815 0.7513545 0.2899219 0.7664401 0.2557219 0.7510101 0.3024789 0.712109 0.2916706 0.7157939 0.3045304 0.6928989 0.2771899 0.7174128 0.2536208 0.7157939 0.3045304 0.712109 0.2916706 0.7174128 0.2536208 0.7237982 0.2659032 0.7157939 0.3045304 0.6785184 0.3107572 0.6864981 0.3208048 0.659043 0.310047 0.6675907 0.2732768 0.6864981 0.3208048 0.6785184 0.3107572 0.6675907 0.2732768 0.6790584 0.2845238 0.6864981 0.3208048 0.8163176 0.3139851 0.7925472 0.3163164 0.8044233 0.3057684 0.8163176 0.3139851 0.7925472 0.3163164 0.8163176 0.3139851 0.8163176 0.3139851 0.7942404 0.339825 0.7925472 0.3163164 0.8544524 0.3320583 0.8603272 0.3116185 0.8732504 0.2946678 0.8263381 0.301176 0.8603272 0.3116185 0.8544524 0.3320583 0.8263381 0.301176 0.839639 0.2931608 0.8603272 0.3116185 0.5777786 0.7081061 0.6115405 0.6936606 0.5903936 0.6899322 0.6125676 0.7081044 0.6115405 0.6936606 0.5777786 0.7081061 0.6125676 0.7081044 0.6427232 0.704526 0.6115405 0.6936606 0.5066254 0.6682509 0.4969226 0.6370866 0.4632019 0.661888 0.5535124 0.6522622 0.4969226 0.6370866 0.5066254 0.6682509 0.5535124 0.6522622 0.5480859 0.6154102 0.4969226 0.6370866 0.6160115 0.5903092 0.5877723 0.5886002 0.588105 0.6021233 0.6118196 0.5738381 0.5877723 0.5886002 0.6160115 0.5903092 0.6118196 0.5738381 0.6078773 0.5616267 0.5877723 0.5886002 0.0830301 0.5691512 0.01654273 0.6039349 0.0104708 0.5545403 0.06798183 0.6093037 0.01654273 0.6039349 0.0830301 0.5691512 0.06798183 0.6093037 0.04440373 0.6161724 0.01654273 0.6039349 0.7187814 0.8689983 0.7184461 0.9209858 0.7729228 0.8683598 0.6248114 0.8677888 0.7184461 0.9209858 0.7187814 0.8689983 0.6248114 0.8677888 0.6254747 0.9212315 0.7184461 0.9209858 0.6669966 0.1642686 0.6256339 0.1040806 0.6929609 0.1331795 0.6478599 0.192501 0.6256339 0.1040806 0.6669966 0.1642686 0.6478599 0.192501 0.5808706 0.1263056 0.6256339 0.1040806 0.9134631 0.0776723 0.8882573 0.1030757 0.9258629 0.1206134 0.8727077 0.07369673 0.8882573 0.1030757 0.9134631 0.0776723 0.8727077 0.07369673 0.8616073 0.09714353 0.8882573 0.1030757 0.8608992 0.1210606 0.8882573 0.1030757 0.8616073 0.09714353 0.8910793 0.1389274 0.8882573 0.1030757 0.8608992 0.1210606 0.8910793 0.1389274 0.9258629 0.1206134 0.8882573 0.1030757 0.841651 0.1587929 0.9109773 0.17235 0.8282601 0.2082425 0.897608 0.1221647 0.9109773 0.17235 0.841651 0.1587929 0.897608 0.1221647 0.9707415 0.005669832 0.9109773 0.17235 0.6705373 0.243465 0.6331301 0.2359538 0.649431 0.2624584 0.6630188 0.222068 0.6331301 0.2359538 0.6705373 0.243465 0.6630188 0.222068 0.6301482 0.2079998 0.6331301 0.2359538 0.5966334 0.2355847 0.6331301 0.2359538 0.6046116 0.2139966 0.6091268 0.2566258 0.6331301 0.2359538 0.5966334 0.2355847 0.6091268 0.2566258 0.649431 0.2624584 0.6331301 0.2359538 0.1891794 0.6689336 0.1909833 0.6198574 0.1679592 0.6279522 0.2050806 0.6689338 0.1909833 0.6198574 0.1891794 0.6689336 0.2050806 0.6689338 0.2498064 0.6689339 0.1909833 0.6198574 0.7217109 0.7475652 0.6627824 0.7297813 0.6370792 0.7404842 0.7358147 0.7203514 0.6627824 0.7297813 0.7217109 0.7475652 0.7358147 0.7203514 0.6760149 0.7141953 0.6627824 0.7297813 0.4075945 0.6769016 0.3857597 0.7011794 0.4225156 0.6978666 0.3788629 0.689689 0.3857597 0.7011794 0.4075945 0.6769016 0.3788629 0.689689 0.3488118 0.7058642 0.3857597 0.7011794 0.4293169 0.7058061 0.4361928 0.7213689 0.445216 0.7114951 0.4293169 0.7058061 0.4361928 0.7213689 0.4293169 0.7058061 0.4293169 0.7058061 0.4071427 0.7204768 0.4361928 0.7213689 0.9602189 0.4369487 0.9145491 0.3920589 0.9045876 0.4380183 0.9577229 0.3926893 0.9145491 0.3920589 0.9602189 0.4369487 0.9577229 0.3926893 0.9569572 0.3485739 0.9145491 0.3920589 0.8794488 0.3101985 0.8732504 0.2946678 0.8732504 0.2946678 0.898138 0.2937134 0.8732504 0.2946678 0.8794488 0.3101985 0.898138 0.2937134 0.8806175 0.2531549 0.8732504 0.2946678 0.9235254 0.3155765 0.898138 0.2937134 0.8794488 0.3101985 0.9305544 0.296609 0.898138 0.2937134 0.9235254 0.3155765 0.9305544 0.296609 0.9256078 0.2522156 0.898138 0.2937134 0.7660521 0.3074644 0.7609722 0.3228428 0.7783737 0.3220593 0.7510101 0.3024789 0.7609722 0.3228428 0.7660521 0.3074644 0.7510101 0.3024789 0.7348282 0.3235794 0.7609722 0.3228428 0.7174128 0.2536208 0.7157939 0.3045304 0.7237982 0.2659032 0.712109 0.2916706 0.7157939 0.3045304 0.7174128 0.2536208 0.712109 0.2916706 0.6928989 0.2771899 0.7157939 0.3045304 0.6675907 0.2732768 0.6864981 0.3208048 0.6790584 0.2845238 0.6785184 0.3107572 0.6864981 0.3208048 0.6675907 0.2732768 0.6785184 0.3107572 0.659043 0.310047 0.6864981 0.3208048 0.7513545 0.2899219 0.7510101 0.3024789 0.7664401 0.2557219 0.7467474 0.2572815 0.7510101 0.3024789 0.7513545 0.2899219 0.7467474 0.2572815 0.7324494 0.2747471 0.7510101 0.3024789 0.8163176 0.3139851 0.7925472 0.3163164 0.7942404 0.339825 0.8163176 0.3139851 0.7925472 0.3163164 0.8163176 0.3139851 0.8163176 0.3139851 0.8044233 0.3057684 0.7925472 0.3163164 0.08687466 0.4930937 0.01541173 0.502424 0.0821557 0.5079649 0.04282134 0.4398621 0.01541173 0.502424 0.08687466 0.4930937 0.04282134 0.4398621 0.02070122 0.4622229 0.01541173 0.502424 0.5149747 0.05220633 0.5117351 0.03216201 0.4700849 0.0397973 0.5440596 0.04138463 0.5117351 0.03216201 0.5149747 0.05220633 0.07001912 0.07717388 0.06006252 0.06539171 0.07001912 0.07717388 0.0721023 0.05886173 0.06006252 0.06539171 0.07001912 0.07717388 0.02515155 0.1911684 0.01592379 0.1782647 0.02515155 0.1911684 0.01592379 0.1782647 0.01592379 0.1782647 0.02515155 0.1911684 0.01977133 0.1257933 0.0304625 0.1172731 0.01489233 0.1126518 0.0304625 0.1172731 0.0304625 0.1172731 0.01977133 0.1257933 0.05177438 0.07282316 0.04983901 0.05575424 0.04058074 0.07513576 0.06097066 0.05533248 0.04983901 0.05575424 0.05177438 0.07282316 0.2523387 0.1464824 0.2329046 0.1244517 0.2301049 0.1561242 0.2632001 0.1292348 0.2329046 0.1244517 0.2523387 0.1464824 0.387037 0.4042354 0.3936297 0.3239474 0.3780551 0.3222799 0.4059158 0.3899164 0.3936297 0.3239474 0.387037 0.4042354 0.04983901 0.05575424 0.05399292 0.04048985 0.06097066 0.05533248 0.03352892 0.06082087 0.05399292 0.04048985 0.04983901 0.05575424 0.5440596 0.04138463 0.5117351 0.03216201 0.5117351 0.03216201 0.5149747 0.05220633 0.5117351 0.03216201 0.5440596 0.04138463 0.02999639 0.2068305 0.02999639 0.2068305 0.04032737 0.2177814 0.003476858 0.2077159 0.02999639 0.2068305 0.02999639 0.2068305 0.02869999 0.08225834 0.05100715 0.1008126 0.01939493 0.0955224 0.04058074 0.07513576 0.05100715 0.1008126 0.02869999 0.08225834 0.01592379 0.1782647 0.02515155 0.1911684 0.02515155 0.1911684 0.01592379 0.1782647 0.02515155 0.1911684 0.01592379 0.1782647 0.921034 0.8849804 0.827064 0.8689983 0.8273993 0.9209858 0.9206095 0.8228805 0.827064 0.8689983 0.921034 0.8849804 0.2769607 0.9685607 0.2769607 0.9247528 0.2406792 0.9265351 0.3149316 0.9226714 0.2769607 0.9247528 0.2769607 0.9685607 0.8307347 0.245392 0.8282601 0.2082425 0.7210039 0.2265804 0.9109773 0.17235 0.8282601 0.2082425 0.8307347 0.245392 0.9598993 0.5149046 0.916447 0.5678264 0.9933497 0.5536861 0.8803034 0.5475832 0.916447 0.5678264 0.9598993 0.5149046 0.24503 0.7106336 0.2406801 0.6858267 0.2051095 0.7058642 0.2769607 0.6877772 0.2406801 0.6858267 0.24503 0.7106336 0.7237982 0.2659032 0.7324494 0.2747471 0.7237982 0.2659032 0.7392649 0.2640196 0.7324494 0.2747471 0.7237982 0.2659032 0.6790584 0.2845238 0.690266 0.2887569 0.6790584 0.2845238 0.6928989 0.2771899 0.690266 0.2887569 0.6790584 0.2845238 0.6519588 0.3228686 0.6625332 0.3202723 0.6519588 0.3228686 0.659043 0.310047 0.6625332 0.3202723 0.6519588 0.3228686 0.958338 0.310377 0.9972375 0.3140216 0.9700855 0.3331308 0.9877198 0.2998583 0.9972375 0.3140216 0.958338 0.310377 0.7692083 0.269115 0.791444 0.2606089 0.791444 0.2741445 0.7664401 0.2557219 0.791444 0.2606089 0.7692083 0.269115 0.7782156 0.5934113 0.7124878 0.5963318 0.7767358 0.565383 0.7222869 0.6173475 0.7124878 0.5963318 0.7782156 0.5934113 0.7498195 0.0227825 0.8381709 0.1285536 0.7788671 0.1275779 0.8763555 0.005669474 0.8381709 0.1285536 0.7498195 0.0227825 0.1623065 0.5864471 0.1679592 0.6279522 0.1909833 0.6198574 0.1342611 0.5992213 0.1679592 0.6279522 0.1623065 0.5864471 0.1678848 0.3714668 0.1209524 0.3992133 0.1490182 0.4028011 0.1574331 0.3714668 0.1209524 0.3992133 0.1678848 0.3714668 0.5498055 0.7361975 0.480697 0.7312597 0.480697 0.7312597 0.5469216 0.7176645 0.480697 0.7312597 0.5498055 0.7361975 0.3725134 0.7255123 0.3832301 0.7277624 0.3933011 0.718994 0.3593176 0.735048 0.3832301 0.7277624 0.3725134 0.7255123 0.7324494 0.2747471 0.7237982 0.2659032 0.7237982 0.2659032 0.7392649 0.2640196 0.7237982 0.2659032 0.7324494 0.2747471 0.690266 0.2887569 0.6790584 0.2845238 0.6790584 0.2845238 0.6928989 0.2771899 0.6790584 0.2845238 0.690266 0.2887569 0.9305544 0.296609 0.9706591 0.2730825 0.9533097 0.2661733 0.958338 0.310377 0.9706591 0.2730825 0.9305544 0.296609 0.6625332 0.3202723 0.6519588 0.3228686 0.6519588 0.3228686 0.659043 0.310047 0.6519588 0.3228686 0.6625332 0.3202723 0.7692083 0.269115 0.791444 0.2606089 0.7664401 0.2557219 0.791444 0.2741445 0.791444 0.2606089 0.7692083 0.269115 0.8263381 0.301176 0.8603272 0.3116185 0.839639 0.2931608 0.8544524 0.3320583 0.8603272 0.3116185 0.8263381 0.301176 0.5535124 0.6522622 0.5689411 0.6479117 0.587854 0.6702895 0.5670583 0.6262157 0.5689411 0.6479117 0.5535124 0.6522622 0.14981 0.6732668 0.1498104 0.6269702 0.05824202 0.6732664 0.14981 0.6732668 0.1498104 0.6269702 0.05824202 0.6732664 0.416655 0.4376766 0.4083065 0.4775822 0.4947889 0.455333 0.1783242 0.04952728 0.115989 0.09930741 0.1885438 0.1031257 0.4719843 0.0298298 0.5117351 0.03216201 0.4521773 0.02365958 0.01353383 0.2470123 0.0109508 0.2369141 0.005601525 0.2568266 0.05197197 0.2036529 0.04032737 0.2177814 0.05573487 0.2220097 0.05177438 0.07282316 0.04058074 0.07513576 0.05100715 0.1008126 0.04178088 0.1727589 0.0383684 0.1484162 0.03024929 0.1693443 0.05583375 0.1231815 0.06352704 0.1396687 0.07760417 0.1104454 0.003476858 0.3238836 0.003476858 0.3521792 0.05542969 0.3176622 0.05197197 0.2036529 0.04178088 0.1727589 0.04038482 0.1965084 0.07436531 0.2192083 0.05573487 0.2220097 0.06192284 0.2512026 0.01842135 0.07258701 0.02869999 0.08225834 0.03352892 0.06082087 0.0935561 0.05138176 0.05399292 0.04048985 0.0721023 0.05886173 0.4358005 0.3380296 0.4294697 0.3756662 0.4575771 0.3260861 0.4186225 0.5739708 0.4935263 0.5847297 0.4100531 0.5487708 0.03280961 0.04242652 0.03352892 0.06082087 0.05399292 0.04048985 0.003476858 0.07040244 0.01842135 0.07258701 0.003476858 0.04539072 0.003476858 0.376302 0.003476858 0.3521792 0.05201691 0.3761261 0.01353383 0.2470123 0.0109508 0.2369141 0.04048931 0.2389941 0.4719843 0.0298298 0.4700849 0.0397973 0.4521773 0.02365958 0.04178088 0.1727589 0.03024929 0.1693443 0.0383684 0.1484162 0.01565337 0.1576698 0.003476858 0.1605323 0.01219195 0.1448609 0.1268963 0.00832051 0.0935561 0.05138176 0.06049197 0.002765715 0.4921748 0.4250032 0.4947889 0.455333 0.5370312 0.4081247 0.4844172 0.3739572 0.5083302 0.3231894 0.4841328 0.3306698 0.05502772 0.3498224 0.05542969 0.3176622 0.1127845 0.3409655 0.372411 0.2253609 0.2758241 0.2784484 0.3383629 0.2055914 0.04813855 0.2670577 0.07894992 0.2790208 0.03477245 0.283364 0.003476858 0.1309921 0.01977133 0.1257933 0.02628004 0.1496279 0.06759077 0.942468 0.06997627 0.9160645 6.7684e-4 0.9182011 0.1138221 0.9183483 0.06997627 0.9160645 0.1195375 0.9497589 0.829741 0.9979003 0.8295427 0.9843435 0.7729228 0.9979003 0.8377911 0.5807614 0.871024 0.5835155 0.8445749 0.5457575 0.908097 0.6829859 0.9432464 0.6373018 0.8793716 0.6604496 0.6331301 0.2359538 0.6630188 0.222068 0.6705373 0.243465 0.2421308 0.3714672 0.2338321 0.4071595 0.2184374 0.3714671 0.3247112 0.3714674 0.324711 0.4110801 0.2421308 0.3714672 6.7684e-4 0.7361975 0.003832459 0.768698 0.07322424 0.7312597 0.003832459 0.768698 6.7684e-4 0.8146812 0.07870727 0.7743358 0.9982509 0.771869 0.9982509 0.7361975 0.9219961 0.779776 0.898784 0.6976391 0.898784 0.6976391 0.8851841 0.7062769 0.1353138 0.5424838 0.1014664 0.5555827 0.1255744 0.4930493 0.1574331 0.3714668 0.1678848 0.3714668 0.1209524 0.3992133 6.7684e-4 0.8146812 6.7684e-4 0.8701639 0.0812717 0.8171653 0.1087054 0.7114951 0.07322424 0.7312597 0.1177285 0.7213689 0.1659501 0.8585317 0.1211259 0.8595737 0.1558694 0.8882077 0.2370256 0.8946015 0.2406792 0.9265351 0.2769607 0.8923785 0.1314057 0.6978666 0.1246044 0.7058061 0.1606202 0.718994 0.8260098 0.4389117 0.8253164 0.3909789 0.8623592 0.4379084 0.8623592 0.4379084 0.863947 0.3903375 0.9045876 0.4380183 0.7904832 0.3958781 0.7496872 0.3995287 0.7695581 0.352308 0.7783737 0.3220593 0.7942404 0.339825 0.7609722 0.3228428 0.690266 0.2887569 0.6928989 0.2771899 0.7157939 0.3045304 0.6625332 0.3202723 0.659043 0.310047 0.6864981 0.3208048 0.6519588 0.3228686 0.6733547 0.3410009 0.6398292 0.318836 0.7692083 0.269115 0.7692083 0.269115 0.7748849 0.2802924 0.791444 0.28768 0.7782542 0.3089467 0.7748849 0.2802924 0.6528083 0.3996253 0.6568088 0.3608552 0.6856274 0.4003435 0.0830301 0.5691512 0.0104708 0.5545403 0.0821557 0.5079649 0.6403598 0.6890386 0.6115405 0.6936606 0.6427232 0.704526 0.4625388 0.6854888 0.5066254 0.6682509 0.4632019 0.661888 0.5777786 0.7081061 0.5777786 0.7081061 0.5903936 0.6899322 0.02070122 0.4622229 0.04282134 0.4398621 0.01541173 0.502424 0.7729228 0.9250121 0.7729228 0.8683598 0.7184461 0.9209858 0.908097 0.6829859 0.8793716 0.6604496 0.9432464 0.6373018 0.6256339 0.1040806 0.5808706 0.1263056 0.5903162 0.00911349 0.8445749 0.5457575 0.8364484 0.4591677 0.8803034 0.5475832 0.6330462 0.5653342 0.6787325 0.5167016 0.6643826 0.6113361 0.9707415 0.005669832 0.9824445 0.08680391 0.9109773 0.17235 0.6046116 0.2139966 0.6331301 0.2359538 0.6301482 0.2079998 0.7729228 0.789381 0.7729228 0.7500933 0.7126895 0.7871679 0.4224796 0.7348441 0.4361928 0.7213689 0.4071427 0.7204768 0.319774 0.8255289 0.2769607 0.8200245 0.3189374 0.8575779 0.6403598 0.6890386 0.6604566 0.708637 0.6403598 0.6890386 0.1353138 0.5424838 0.1255744 0.4930493 0.1014664 0.5555827 0.6478599 0.192501 0.6669966 0.1642686 0.7210039 0.2265804 0.7358147 0.7203514 0.7217109 0.7475652 0.7729228 0.7225559 0.445216 0.7114951 0.4361928 0.7213689 0.480697 0.7312597 0.7904832 0.3958781 0.7496872 0.3995287 0.7951987 0.443299 0.8544524 0.3320583 0.863947 0.3903375 0.9050999 0.353366 0.7783737 0.3220593 0.7609722 0.3228428 0.7942404 0.339825 0.9065973 0.2530339 0.898138 0.2937134 0.9256078 0.2522156 0.690266 0.2887569 0.7157939 0.3045304 0.6928989 0.2771899 0.6625332 0.3202723 0.6864981 0.3208048 0.659043 0.310047 0.6519588 0.3228686 0.6398292 0.318836 0.6733547 0.3410009 0.7692083 0.269115 0.7748849 0.2802924 0.7692083 0.269115 0.791444 0.28768 0.7748849 0.2802924 0.7782542 0.3089467 0.8553259 0.2629287 0.8732504 0.2946678 0.8806175 0.2531549 0.6528083 0.3996253 0.6856274 0.4003435 0.6568088 0.3608552 0.6403598 0.6890386 0.6427232 0.704526 0.6115405 0.6936606 0.6118196 0.5738381 0.5877723 0.5886002 0.6078773 0.5616267 0.07842123 0.4555267 0.04282134 0.4398621 0.08687466 0.4930937 0.1706912 0.7277624 0.1356168 0.745159 0.1946038 0.735048</float_array>
          <technique_common>
            <accessor source="#Mesh_0299_rip-mesh-map-0-array" count="5862" stride="2">
              <param name="S" type="float"/>
              <param name="T" type="float"/>
            </accessor>
          </technique_common>
        </source>
        <vertices id="Mesh_0299_rip-mesh-vertices">
          <input semantic="POSITION" source="#Mesh_0299_rip-mesh-positions"/>
        </vertices>
        <triangles material="Material_001-material" count="1954">
          <input semantic="VERTEX" source="#Mesh_0299_rip-mesh-vertices" offset="0"/>
          <input semantic="NORMAL" source="#Mesh_0299_rip-mesh-normals" offset="1"/>
          <input semantic="TEXCOORD" source="#Mesh_0299_rip-mesh-map-0" offset="2" set="0"/>
          <p>2 0 0 1 1 1 0 2 2 3 3 3 1 1 4 2 0 5 3 3 6 4 4 7 1 1 8 5 5 9 4 4 10 3 3 11 5 5 12 6 6 13 4 4 14 7 7 15 6 6 16 5 5 17 7 7 18 8 8 19 6 6 20 9 9 21 8 8 22 7 7 23 9 9 24 10 10 25 8 8 26 11 11 27 10 10 28 9 9 29 11 11 30 12 12 31 10 10 32 13 13 33 12 12 34 11 11 35 13 13 36 14 14 37 12 12 38 15 15 39 14 14 40 13 13 41 15 15 42 16 16 43 14 14 44 17 17 45 16 16 46 15 15 47 17 17 48 18 18 49 16 16 50 19 19 51 18 18 52 17 17 53 19 19 54 20 20 55 18 18 56 21 21 57 20 20 58 19 19 59 21 21 60 22 22 61 20 20 62 23 23 63 22 22 64 21 21 65 23 23 66 24 24 67 22 22 68 25 25 69 24 24 70 23 23 71 25 25 72 26 26 73 24 24 74 27 27 75 26 26 76 25 25 77 27 27 78 28 28 79 26 26 80 29 29 81 28 28 82 27 27 83 29 29 84 30 30 85 28 28 86 31 31 87 30 30 88 29 29 89 31 31 90 32 32 91 30 30 92 33 33 93 32 32 94 31 31 95 33 33 96 34 34 97 32 32 98 35 35 99 34 34 100 33 33 101 35 35 102 36 36 103 34 34 104 37 37 105 36 36 106 35 35 107 37 37 108 38 38 109 36 36 110 39 39 111 38 38 112 37 37 113 39 39 114 40 40 115 38 38 116 41 41 117 40 40 118 39 39 119 41 41 120 42 42 121 40 40 122 43 43 123 42 42 124 41 41 125 43 43 126 44 44 127 42 42 128 45 45 129 44 44 130 43 43 131 45 45 132 46 46 133 44 44 134 47 47 135 46 46 136 45 45 137 47 47 138 48 48 139 46 46 140 49 49 141 48 48 142 47 47 143 49 49 144 50 50 145 48 48 146 51 51 147 50 50 148 49 49 149 51 51 150 52 52 151 50 50 152 53 53 153 52 52 154 51 51 155 53 53 156 54 54 157 52 52 158 55 55 159 54 54 160 53 53 161 55 55 162 56 56 163 54 54 164 57 57 165 56 56 166 55 55 167 57 57 168 58 58 169 56 56 170 59 59 171 58 58 172 57 57 173 62 60 174 61 61 175 60 62 176 63 63 177 61 61 178 62 60 179 63 63 180 64 64 181 61 61 182 65 65 183 64 64 184 63 63 185 65 65 186 66 66 187 64 64 188 67 67 189 66 66 190 65 65 191 67 67 192 68 68 193 66 66 194 69 69 195 68 68 196 67 67 197 69 69 198 70 70 199 68 68 200 71 71 201 70 70 202 69 69 203 71 71 204 72 72 205 70 70 206 73 73 207 72 72 208 71 71 209 73 73 210 74 74 211 72 72 212 75 75 213 74 74 214 73 73 215 75 75 216 76 76 217 74 74 218 77 77 219 76 76 220 75 75 221 77 77 222 78 78 223 76 76 224 79 79 225 78 78 226 77 77 227 79 79 228 80 80 229 78 78 230 81 81 231 80 80 232 79 79 233 81 81 234 82 82 235 80 80 236 83 83 237 82 82 238 81 81 239 83 83 240 84 84 241 82 82 242 85 85 243 84 84 244 83 83 245 85 85 246 86 86 247 84 84 248 87 87 249 86 86 250 85 85 251 87 87 252 88 88 253 86 86 254 89 89 255 88 88 256 87 87 257 89 89 258 90 90 259 88 88 260 91 91 261 90 90 262 89 89 263 91 91 264 92 92 265 90 90 266 93 93 267 92 92 268 91 91 269 93 93 270 94 94 271 92 92 272 95 95 273 94 94 274 93 93 275 95 95 276 96 96 277 94 94 278 97 97 279 96 96 280 95 95 281 97 97 282 98 98 283 96 96 284 99 99 285 98 98 286 97 97 287 99 99 288 100 100 289 98 98 290 101 101 291 100 100 292 99 99 293 101 101 294 102 102 295 100 100 296 103 103 297 102 102 298 101 101 299 103 103 300 104 104 301 102 102 302 105 105 303 104 104 304 103 103 305 105 105 306 106 106 307 104 104 308 109 107 309 108 108 310 107 109 311 110 110 312 108 108 313 109 107 314 110 110 315 111 111 316 108 108 317 112 112 318 111 111 319 110 110 320 112 112 321 113 113 322 111 111 323 114 114 324 113 113 325 112 112 326 114 114 327 115 115 328 113 113 329 116 116 330 115 115 331 114 114 332 116 116 333 117 117 334 115 115 335 118 118 336 117 117 337 116 116 338 118 118 339 119 119 340 117 117 341 120 120 342 119 119 343 118 118 344 120 120 345 121 121 346 119 119 347 122 122 348 121 121 349 120 120 350 122 122 351 123 123 352 121 121 353 124 124 354 123 123 355 122 122 356 124 124 357 125 125 358 123 123 359 126 126 360 125 125 361 124 124 362 126 126 363 127 127 364 125 125 365 128 128 366 127 127 367 126 126 368 128 128 369 129 129 370 127 127 371 130 130 372 129 129 373 128 128 374 130 130 375 131 131 376 129 129 377 132 132 378 131 131 379 130 130 380 132 132 381 133 133 382 131 131 383 134 134 384 133 133 385 132 132 386 134 134 387 135 135 388 133 133 389 136 136 390 135 135 391 134 134 392 136 136 393 137 137 394 135 135 395 138 138 396 137 137 397 136 136 398 138 138 399 139 139 400 137 137 401 140 140 402 139 139 403 138 138 404 140 140 405 141 141 406 139 139 407 142 142 408 141 141 409 140 140 410 142 142 411 143 143 412 141 141 413 144 144 414 143 143 415 142 142 416 144 144 417 145 145 418 143 143 419 146 146 420 145 145 421 144 144 422 146 146 423 147 147 424 145 145 425 148 148 426 147 147 427 146 146 428 148 148 429 149 149 430 147 147 431 150 150 432 149 149 433 148 148 434 150 150 435 151 151 436 149 149 437 152 152 438 151 151 439 150 150 440 152 152 441 153 153 442 151 151 443 156 154 444 155 155 445 154 156 446 157 157 447 155 155 448 156 154 449 157 157 450 158 158 451 155 155 452 159 159 453 158 158 454 157 157 455 159 159 456 160 160 457 158 158 458 161 161 459 160 160 460 159 159 461 161 161 462 162 162 463 160 160 464 163 163 465 162 162 466 161 161 467 163 163 468 164 164 469 162 162 470 165 165 471 164 164 472 163 163 473 165 165 474 166 166 475 164 164 476 167 167 477 166 166 478 165 165 479 167 167 480 168 168 481 166 166 482 169 169 483 168 168 484 167 167 485 169 169 486 170 170 487 168 168 488 171 171 489 170 170 490 169 169 491 171 171 492 172 172 493 170 170 494 173 173 495 172 172 496 171 171 497 173 173 498 174 174 499 172 172 500 175 175 501 174 174 502 173 173 503 175 175 504 176 176 505 174 174 506 177 177 507 176 176 508 175 175 509 177 177 510 178 178 511 176 176 512 179 179 513 178 178 514 177 177 515 179 179 516 180 180 517 178 178 518 181 181 519 180 180 520 179 179 521 181 181 522 182 182 523 180 180 524 183 183 525 182 182 526 181 181 527 183 183 528 184 184 529 182 182 530 185 185 531 184 184 532 183 183 533 185 185 534 186 186 535 184 184 536 187 187 537 186 186 538 185 185 539 187 187 540 188 188 541 186 186 542 189 189 543 188 188 544 187 187 545 189 189 546 190 190 547 188 188 548 191 191 549 190 190 550 189 189 551 191 191 552 192 192 553 190 190 554 193 193 555 192 192 556 191 191 557 193 193 558 194 194 559 192 192 560 195 195 561 194 194 562 193 193 563 195 195 564 196 196 565 194 194 566 199 197 567 198 198 568 197 199 569 200 200 570 198 198 571 199 197 572 200 200 573 201 201 574 198 198 575 202 202 576 201 201 577 200 200 578 202 202 579 203 203 580 201 201 581 204 204 582 203 203 583 202 202 584 204 204 585 205 205 586 203 203 587 206 206 588 205 205 589 204 204 590 206 206 591 207 207 592 205 205 593 208 208 594 207 207 595 206 206 596 208 208 597 209 209 598 207 207 599 210 210 600 209 209 601 208 208 602 210 210 603 211 211 604 209 209 605 212 212 606 211 211 607 210 210 608 212 212 609 213 213 610 211 211 611 214 214 612 213 213 613 212 212 614 214 214 615 215 215 616 213 213 617 216 216 618 215 215 619 214 214 620 216 216 621 217 217 622 215 215 623 218 218 624 217 217 625 216 216 626 218 218 627 219 219 628 217 217 629 220 220 630 219 219 631 218 218 632 220 220 633 221 221 634 219 219 635 222 222 636 221 221 637 220 220 638 222 222 639 223 223 640 221 221 641 224 224 642 223 223 643 222 222 644 224 224 645 225 225 646 223 223 647 226 226 648 225 225 649 224 224 650 226 226 651 227 227 652 225 225 653 228 228 654 227 227 655 226 226 656 228 228 657 229 229 658 227 227 659 230 230 660 229 229 661 228 228 662 230 230 663 231 231 664 229 229 665 232 232 666 231 231 667 230 230 668 232 232 669 233 233 670 231 231 671 234 234 672 233 233 673 232 232 674 237 235 675 236 236 676 235 237 677 238 238 678 236 236 679 237 235 680 238 238 681 239 239 682 236 236 683 240 240 684 239 239 685 238 238 686 240 240 687 241 241 688 239 239 689 242 242 690 241 241 691 240 240 692 242 242 693 243 243 694 241 241 695 244 244 696 243 243 697 242 242 698 244 244 699 245 245 700 243 243 701 246 246 702 245 245 703 244 244 704 246 246 705 247 247 706 245 245 707 248 248 708 247 247 709 246 246 710 248 248 711 249 249 712 247 247 713 250 250 714 249 249 715 248 248 716 250 250 717 251 251 718 249 249 719 252 252 720 251 251 721 250 250 722 252 252 723 253 253 724 251 251 725 254 254 726 253 253 727 252 252 728 254 254 729 255 255 730 253 253 731 256 256 732 255 255 733 254 254 734 256 256 735 257 257 736 255 255 737 258 258 738 257 257 739 256 256 740 258 258 741 259 259 742 257 257 743 260 260 744 259 259 745 258 258 746 260 260 747 261 261 748 259 259 749 262 262 750 261 261 751 260 260 752 262 262 753 263 263 754 261 261 755 264 264 756 263 263 757 262 262 758 264 264 759 265 265 760 263 263 761 266 266 762 265 265 763 264 264 764 266 266 765 267 267 766 265 265 767 268 268 768 267 267 769 266 266 770 268 268 771 269 269 772 267 267 773 270 270 774 269 269 775 268 268 776 270 270 777 271 271 778 269 269 779 272 272 780 271 271 781 270 270 782 275 273 783 274 274 784 273 275 785 276 276 786 274 274 787 275 273 788 276 276 789 277 277 790 274 274 791 278 278 792 277 277 793 276 276 794 278 278 795 279 279 796 277 277 797 280 280 798 279 279 799 278 278 800 280 280 801 281 281 802 279 279 803 282 282 804 281 281 805 280 280 806 282 282 807 283 283 808 281 281 809 284 284 810 283 283 811 282 282 812 284 284 813 285 285 814 283 283 815 286 286 816 285 285 817 284 284 818 286 286 819 287 287 820 285 285 821 288 288 822 287 287 823 286 286 824 288 288 825 289 289 826 287 287 827 290 290 828 289 289 829 288 288 830 290 290 831 291 291 832 289 289 833 292 292 834 291 291 835 290 290 836 292 292 837 293 293 838 291 291 839 294 294 840 293 293 841 292 292 842 294 294 843 295 295 844 293 293 845 296 296 846 295 295 847 294 294 848 296 296 849 297 297 850 295 295 851 298 298 852 297 297 853 296 296 854 298 298 855 299 299 856 297 297 857 300 300 858 299 299 859 298 298 860 300 300 861 301 301 862 299 299 863 302 302 864 301 301 865 300 300 866 302 302 867 303 303 868 301 301 869 304 304 870 303 303 871 302 302 872 304 304 873 305 305 874 303 303 875 306 306 876 305 305 877 304 304 878 306 306 879 307 307 880 305 305 881 308 308 882 307 307 883 306 306 884 308 308 885 309 309 886 307 307 887 310 310 888 309 309 889 308 308 890 313 311 891 312 312 892 311 313 893 314 314 894 312 312 895 313 311 896 314 314 897 315 315 898 312 312 899 316 316 900 315 315 901 314 314 902 316 316 903 317 317 904 315 315 905 318 318 906 317 317 907 316 316 908 318 318 909 319 319 910 317 317 911 320 320 912 319 319 913 318 318 914 320 320 915 321 321 916 319 319 917 322 322 918 321 321 919 320 320 920 322 322 921 323 323 922 321 321 923 324 324 924 323 323 925 322 322 926 324 324 927 325 325 928 323 323 929 326 326 930 325 325 931 324 324 932 326 326 933 327 327 934 325 325 935 328 328 936 327 327 937 326 326 938 328 328 939 329 329 940 327 327 941 330 330 942 329 329 943 328 328 944 330 330 945 331 331 946 329 329 947 332 332 948 331 331 949 330 330 950 332 332 951 333 333 952 331 331 953 334 334 954 333 333 955 332 332 956 334 334 957 335 335 958 333 333 959 336 336 960 335 335 961 334 334 962 336 336 963 337 337 964 335 335 965 338 338 966 337 337 967 336 336 968 338 338 969 339 339 970 337 337 971 340 340 972 339 339 973 338 338 974 340 340 975 341 341 976 339 339 977 342 342 978 341 341 979 340 340 980 345 343 981 344 344 982 343 345 983 346 346 984 344 344 985 345 343 986 346 346 987 347 347 988 344 344 989 348 348 990 347 347 991 346 346 992 348 348 993 349 349 994 347 347 995 350 350 996 349 349 997 348 348 998 350 350 999 351 351 1000 349 349 1001 352 352 1002 351 351 1003 350 350 1004 352 352 1005 353 353 1006 351 351 1007 354 354 1008 353 353 1009 352 352 1010 354 354 1011 355 355 1012 353 353 1013 356 356 1014 355 355 1015 354 354 1016 356 356 1017 357 357 1018 355 355 1019 358 358 1020 357 357 1021 356 356 1022 358 358 1023 359 359 1024 357 357 1025 360 360 1026 359 359 1027 358 358 1028 360 360 1029 361 361 1030 359 359 1031 362 362 1032 361 361 1033 360 360 1034 362 362 1035 363 363 1036 361 361 1037 364 364 1038 363 363 1039 362 362 1040 364 364 1041 365 365 1042 363 363 1043 366 366 1044 365 365 1045 364 364 1046 366 366 1047 367 367 1048 365 365 1049 368 368 1050 367 367 1051 366 366 1052 368 368 1053 369 369 1054 367 367 1055 370 370 1056 369 369 1057 368 368 1058 370 370 1059 371 371 1060 369 369 1061 372 372 1062 371 371 1063 370 370 1064 372 372 1065 373 373 1066 371 371 1067 376 374 1068 375 375 1069 374 376 1070 377 377 1071 375 375 1072 376 374 1073 377 377 1074 378 378 1075 375 375 1076 379 379 1077 378 378 1078 377 377 1079 379 379 1080 380 380 1081 378 378 1082 381 381 1083 380 380 1084 379 379 1085 381 381 1086 382 382 1087 380 380 1088 383 383 1089 382 382 1090 381 381 1091 383 383 1092 384 384 1093 382 382 1094 385 385 1095 384 384 1096 383 383 1097 385 385 1098 386 386 1099 384 384 1100 387 387 1101 386 386 1102 385 385 1103 387 387 1104 388 388 1105 386 386 1106 389 389 1107 388 388 1108 387 387 1109 389 389 1110 390 390 1111 388 388 1112 391 391 1113 390 390 1114 389 389 1115 391 391 1116 392 392 1117 390 390 1118 393 393 1119 392 392 1120 391 391 1121 393 393 1122 394 394 1123 392 392 1124 395 395 1125 394 394 1126 393 393 1127 395 395 1128 396 396 1129 394 394 1130 397 397 1131 396 396 1132 395 395 1133 397 397 1134 398 398 1135 396 396 1136 399 399 1137 398 398 1138 397 397 1139 399 399 1140 400 400 1141 398 398 1142 401 401 1143 400 400 1144 399 399 1145 401 401 1146 402 402 1147 400 400 1148 405 403 1149 404 404 1150 403 405 1151 406 406 1152 404 404 1153 405 403 1154 406 406 1155 407 407 1156 404 404 1157 408 408 1158 407 407 1159 406 406 1160 408 408 1161 409 409 1162 407 407 1163 410 410 1164 409 409 1165 408 408 1166 410 410 1167 411 411 1168 409 409 1169 412 412 1170 411 411 1171 410 410 1172 412 412 1173 413 413 1174 411 411 1175 414 414 1176 413 413 1177 412 412 1178 414 414 1179 415 415 1180 413 413 1181 416 416 1182 415 415 1183 414 414 1184 416 416 1185 417 417 1186 415 415 1187 418 418 1188 417 417 1189 416 416 1190 418 418 1191 419 419 1192 417 417 1193 420 420 1194 419 419 1195 418 418 1196 420 420 1197 421 421 1198 419 419 1199 422 422 1200 421 421 1201 420 420 1202 422 422 1203 423 423 1204 421 421 1205 424 424 1206 423 423 1207 422 422 1208 424 424 1209 425 425 1210 423 423 1211 426 426 1212 425 425 1213 424 424 1214 426 426 1215 427 427 1216 425 425 1217 428 428 1218 427 427 1219 426 426 1220 428 428 1221 429 429 1222 427 427 1223 430 430 1224 429 429 1225 428 428 1226 430 430 1227 431 431 1228 429 429 1229 434 432 1230 433 433 1231 432 434 1232 435 435 1233 433 433 1234 434 432 1235 435 435 1236 436 436 1237 433 433 1238 437 437 1239 436 436 1240 435 435 1241 437 437 1242 438 438 1243 436 436 1244 439 439 1245 438 438 1246 437 437 1247 439 439 1248 440 440 1249 438 438 1250 441 441 1251 440 440 1252 439 439 1253 441 441 1254 442 442 1255 440 440 1256 443 443 1257 442 442 1258 441 441 1259 443 443 1260 444 444 1261 442 442 1262 445 445 1263 444 444 1264 443 443 1265 445 445 1266 446 446 1267 444 444 1268 447 447 1269 446 446 1270 445 445 1271 447 447 1272 448 448 1273 446 446 1274 449 449 1275 448 448 1276 447 447 1277 449 449 1278 450 450 1279 448 448 1280 451 451 1281 450 450 1282 449 449 1283 451 451 1284 452 452 1285 450 450 1286 453 453 1287 452 452 1288 451 451 1289 453 453 1290 454 454 1291 452 452 1292 455 455 1293 454 454 1294 453 453 1295 455 455 1296 456 456 1297 454 454 1298 457 457 1299 456 456 1300 455 455 1301 457 457 1302 458 458 1303 456 456 1304 461 459 1305 460 460 1306 459 461 1307 462 462 1308 460 460 1309 461 459 1310 462 462 1311 463 463 1312 460 460 1313 464 464 1314 463 463 1315 462 462 1316 464 464 1317 465 465 1318 463 463 1319 466 466 1320 465 465 1321 464 464 1322 466 466 1323 467 467 1324 465 465 1325 468 468 1326 467 467 1327 466 466 1328 468 468 1329 469 469 1330 467 467 1331 470 470 1332 469 469 1333 468 468 1334 470 470 1335 471 471 1336 469 469 1337 472 472 1338 471 471 1339 470 470 1340 472 472 1341 473 473 1342 471 471 1343 474 474 1344 473 473 1345 472 472 1346 474 474 1347 475 475 1348 473 473 1349 476 476 1350 475 475 1351 474 474 1352 476 476 1353 477 477 1354 475 475 1355 478 478 1356 477 477 1357 476 476 1358 478 478 1359 479 479 1360 477 477 1361 480 480 1362 479 479 1363 478 478 1364 480 480 1365 481 481 1366 479 479 1367 482 482 1368 481 481 1369 480 480 1370 482 482 1371 483 483 1372 481 481 1373 484 484 1374 483 483 1375 482 482 1376 484 484 1377 485 485 1378 483 483 1379 488 486 1380 487 487 1381 486 488 1382 489 489 1383 487 487 1384 488 486 1385 489 489 1386 490 490 1387 487 487 1388 491 491 1389 490 490 1390 489 489 1391 491 491 1392 492 492 1393 490 490 1394 493 493 1395 492 492 1396 491 491 1397 493 493 1398 494 494 1399 492 492 1400 495 495 1401 494 494 1402 493 493 1403 495 495 1404 496 496 1405 494 494 1406 497 497 1407 496 496 1408 495 495 1409 497 497 1410 498 498 1411 496 496 1412 499 499 1413 498 498 1414 497 497 1415 499 499 1416 500 500 1417 498 498 1418 501 501 1419 500 500 1420 499 499 1421 501 501 1422 502 502 1423 500 500 1424 503 503 1425 502 502 1426 501 501 1427 503 503 1428 504 504 1429 502 502 1430 505 505 1431 504 504 1432 503 503 1433 505 505 1434 506 506 1435 504 504 1436 507 507 1437 506 506 1438 505 505 1439 507 507 1440 508 508 1441 506 506 1442 509 509 1443 508 508 1444 507 507 1445 509 509 1446 510 510 1447 508 508 1448 511 511 1449 510 510 1450 509 509 1451 514 512 1452 513 513 1453 512 514 1454 515 515 1455 513 513 1456 514 512 1457 515 515 1458 516 516 1459 513 513 1460 517 517 1461 516 516 1462 515 515 1463 517 517 1464 518 518 1465 516 516 1466 519 519 1467 518 518 1468 517 517 1469 519 519 1470 520 520 1471 518 518 1472 521 521 1473 520 520 1474 519 519 1475 521 521 1476 522 522 1477 520 520 1478 523 523 1479 522 522 1480 521 521 1481 523 523 1482 524 524 1483 522 522 1484 525 525 1485 524 524 1486 523 523 1487 525 525 1488 526 526 1489 524 524 1490 527 527 1491 526 526 1492 525 525 1493 527 527 1494 528 528 1495 526 526 1496 529 529 1497 528 528 1498 527 527 1499 529 529 1500 530 530 1501 528 528 1502 531 531 1503 530 530 1504 529 529 1505 531 531 1506 532 532 1507 530 530 1508 533 533 1509 532 532 1510 531 531 1511 533 533 1512 534 534 1513 532 532 1514 535 535 1515 534 534 1516 533 533 1517 535 535 1518 536 536 1519 534 534 1520 539 537 1521 538 538 1522 537 539 1523 540 540 1524 538 538 1525 539 537 1526 540 540 1527 541 541 1528 538 538 1529 542 542 1530 541 541 1531 540 540 1532 542 542 1533 543 543 1534 541 541 1535 544 544 1536 543 543 1537 542 542 1538 544 544 1539 545 545 1540 543 543 1541 546 546 1542 545 545 1543 544 544 1544 546 546 1545 547 547 1546 545 545 1547 548 548 1548 547 547 1549 546 546 1550 548 548 1551 549 549 1552 547 547 1553 550 550 1554 549 549 1555 548 548 1556 550 550 1557 551 551 1558 549 549 1559 552 552 1560 551 551 1561 550 550 1562 552 552 1563 553 553 1564 551 551 1565 554 554 1566 553 553 1567 552 552 1568 554 554 1569 555 555 1570 553 553 1571 556 556 1572 555 555 1573 554 554 1574 556 556 1575 557 557 1576 555 555 1577 558 558 1578 557 557 1579 556 556 1580 558 558 1581 559 559 1582 557 557 1583 560 560 1584 559 559 1585 558 558 1586 560 560 1587 561 561 1588 559 559 1589 564 562 1590 563 563 1591 562 564 1592 565 565 1593 563 563 1594 564 562 1595 565 565 1596 566 566 1597 563 563 1598 567 567 1599 566 566 1600 565 565 1601 567 567 1602 568 568 1603 566 566 1604 569 569 1605 568 568 1606 567 567 1607 569 569 1608 570 570 1609 568 568 1610 571 571 1611 570 570 1612 569 569 1613 571 571 1614 572 572 1615 570 570 1616 573 573 1617 572 572 1618 571 571 1619 573 573 1620 574 574 1621 572 572 1622 575 575 1623 574 574 1624 573 573 1625 575 575 1626 576 576 1627 574 574 1628 577 577 1629 576 576 1630 575 575 1631 577 577 1632 578 578 1633 576 576 1634 579 579 1635 578 578 1636 577 577 1637 579 579 1638 580 580 1639 578 578 1640 581 581 1641 580 580 1642 579 579 1643 581 581 1644 582 582 1645 580 580 1646 583 583 1647 582 582 1648 581 581 1649 583 583 1650 584 584 1651 582 582 1652 587 585 1653 586 586 1654 585 587 1655 588 588 1656 586 586 1657 587 585 1658 588 588 1659 589 589 1660 586 586 1661 590 590 1662 589 589 1663 588 588 1664 590 590 1665 591 591 1666 589 589 1667 592 592 1668 591 591 1669 590 590 1670 592 592 1671 593 593 1672 591 591 1673 594 594 1674 593 593 1675 592 592 1676 594 594 1677 595 595 1678 593 593 1679 596 596 1680 595 595 1681 594 594 1682 596 596 1683 597 597 1684 595 595 1685 598 598 1686 597 597 1687 596 596 1688 598 598 1689 599 599 1690 597 597 1691 600 600 1692 599 599 1693 598 598 1694 600 600 1695 601 601 1696 599 599 1697 602 602 1698 601 601 1699 600 600 1700 602 602 1701 603 603 1702 601 601 1703 604 604 1704 603 603 1705 602 602 1706 604 604 1707 605 605 1708 603 603 1709 606 606 1710 605 605 1711 604 604 1712 606 606 1713 607 607 1714 605 605 1715 610 608 1716 609 609 1717 608 610 1718 611 611 1719 609 609 1720 610 608 1721 611 611 1722 612 612 1723 609 609 1724 613 613 1725 612 612 1726 611 611 1727 613 613 1728 614 614 1729 612 612 1730 615 615 1731 614 614 1732 613 613 1733 615 615 1734 616 616 1735 614 614 1736 617 617 1737 616 616 1738 615 615 1739 617 617 1740 618 618 1741 616 616 1742 619 619 1743 618 618 1744 617 617 1745 619 619 1746 620 620 1747 618 618 1748 621 621 1749 620 620 1750 619 619 1751 621 621 1752 622 622 1753 620 620 1754 623 623 1755 622 622 1756 621 621 1757 623 623 1758 624 624 1759 622 622 1760 625 625 1761 624 624 1762 623 623 1763 625 625 1764 626 626 1765 624 624 1766 627 627 1767 626 626 1768 625 625 1769 627 627 1770 628 628 1771 626 626 1772 629 629 1773 628 628 1774 627 627 1775 629 629 1776 630 630 1777 628 628 1778 633 631 1779 632 632 1780 631 633 1781 634 634 1782 632 632 1783 633 631 1784 634 634 1785 635 635 1786 632 632 1787 636 636 1788 635 635 1789 634 634 1790 636 636 1791 637 637 1792 635 635 1793 638 638 1794 637 637 1795 636 636 1796 638 638 1797 639 639 1798 637 637 1799 640 640 1800 639 639 1801 638 638 1802 640 640 1803 641 641 1804 639 639 1805 642 642 1806 641 641 1807 640 640 1808 642 642 1809 643 643 1810 641 641 1811 644 644 1812 643 643 1813 642 642 1814 644 644 1815 645 645 1816 643 643 1817 646 646 1818 645 645 1819 644 644 1820 646 646 1821 647 647 1822 645 645 1823 648 648 1824 647 647 1825 646 646 1826 648 648 1827 649 649 1828 647 647 1829 650 650 1830 649 649 1831 648 648 1832 650 650 1833 651 651 1834 649 649 1835 652 652 1836 651 651 1837 650 650 1838 652 652 1839 653 653 1840 651 651 1841 656 654 1842 655 655 1843 654 656 1844 657 657 1845 655 655 1846 656 654 1847 657 657 1848 658 658 1849 655 655 1850 659 659 1851 658 658 1852 657 657 1853 659 659 1854 660 660 1855 658 658 1856 661 661 1857 660 660 1858 659 659 1859 661 661 1860 662 662 1861 660 660 1862 663 663 1863 662 662 1864 661 661 1865 663 663 1866 664 664 1867 662 662 1868 665 665 1869 664 664 1870 663 663 1871 665 665 1872 666 666 1873 664 664 1874 667 667 1875 666 666 1876 665 665 1877 667 667 1878 668 668 1879 666 666 1880 669 669 1881 668 668 1882 667 667 1883 669 669 1884 670 670 1885 668 668 1886 671 671 1887 670 670 1888 669 669 1889 671 671 1890 672 672 1891 670 670 1892 673 673 1893 672 672 1894 671 671 1895 673 673 1896 674 674 1897 672 672 1898 677 675 1899 676 676 1900 675 677 1901 678 678 1902 676 676 1903 677 675 1904 678 678 1905 679 679 1906 676 676 1907 680 680 1908 679 679 1909 678 678 1910 680 680 1911 681 681 1912 679 679 1913 682 682 1914 681 681 1915 680 680 1916 682 682 1917 683 683 1918 681 681 1919 684 684 1920 683 683 1921 682 682 1922 684 684 1923 685 685 1924 683 683 1925 686 686 1926 685 685 1927 684 684 1928 686 686 1929 687 687 1930 685 685 1931 688 688 1932 687 687 1933 686 686 1934 688 688 1935 689 689 1936 687 687 1937 690 690 1938 689 689 1939 688 688 1940 690 690 1941 691 691 1942 689 689 1943 692 692 1944 691 691 1945 690 690 1946 692 692 1947 693 693 1948 691 691 1949 694 694 1950 693 693 1951 692 692 1952 697 695 1953 696 696 1954 695 697 1955 698 698 1956 696 696 1957 697 695 1958 698 698 1959 699 699 1960 696 696 1961 700 700 1962 699 699 1963 698 698 1964 700 700 1965 701 701 1966 699 699 1967 702 702 1968 701 701 1969 700 700 1970 702 702 1971 703 703 1972 701 701 1973 704 704 1974 703 703 1975 702 702 1976 704 704 1977 705 705 1978 703 703 1979 706 706 1980 705 705 1981 704 704 1982 706 706 1983 707 707 1984 705 705 1985 708 708 1986 707 707 1987 706 706 1988 708 708 1989 709 709 1990 707 707 1991 710 710 1992 709 709 1993 708 708 1994 710 710 1995 711 711 1996 709 709 1997 712 712 1998 711 711 1999 710 710 2000 712 712 2001 713 713 2002 711 711 2003 716 714 2004 715 715 2005 714 716 2006 717 717 2007 715 715 2008 716 714 2009 717 717 2010 718 718 2011 715 715 2012 719 719 2013 718 718 2014 717 717 2015 719 719 2016 720 720 2017 718 718 2018 721 721 2019 720 720 2020 719 719 2021 721 721 2022 722 722 2023 720 720 2024 723 723 2025 722 722 2026 721 721 2027 723 723 2028 724 724 2029 722 722 2030 725 725 2031 724 724 2032 723 723 2033 725 725 2034 726 726 2035 724 724 2036 727 727 2037 726 726 2038 725 725 2039 727 727 2040 728 728 2041 726 726 2042 729 729 2043 728 728 2044 727 727 2045 729 729 2046 730 730 2047 728 728 2048 731 731 2049 730 730 2050 729 729 2051 731 731 2052 732 732 2053 730 730 2054 735 733 2055 734 734 2056 733 735 2057 736 736 2058 734 734 2059 735 733 2060 736 736 2061 737 737 2062 734 734 2063 738 738 2064 737 737 2065 736 736 2066 738 738 2067 739 739 2068 737 737 2069 740 740 2070 739 739 2071 738 738 2072 740 740 2073 741 741 2074 739 739 2075 742 742 2076 741 741 2077 740 740 2078 742 742 2079 743 743 2080 741 741 2081 744 744 2082 743 743 2083 742 742 2084 744 744 2085 745 745 2086 743 743 2087 746 746 2088 745 745 2089 744 744 2090 746 746 2091 747 747 2092 745 745 2093 748 748 2094 747 747 2095 746 746 2096 748 748 2097 749 749 2098 747 747 2099 750 750 2100 749 749 2101 748 748 2102 753 751 2103 752 752 2104 751 753 2105 754 754 2106 752 752 2107 753 751 2108 754 754 2109 755 755 2110 752 752 2111 756 756 2112 755 755 2113 754 754 2114 756 756 2115 757 757 2116 755 755 2117 758 758 2118 757 757 2119 756 756 2120 758 758 2121 759 759 2122 757 757 2123 760 760 2124 759 759 2125 758 758 2126 760 760 2127 761 761 2128 759 759 2129 762 762 2130 761 761 2131 760 760 2132 762 762 2133 763 763 2134 761 761 2135 764 764 2136 763 763 2137 762 762 2138 764 764 2139 765 765 2140 763 763 2141 766 766 2142 765 765 2143 764 764 2144 766 766 2145 767 767 2146 765 765 2147 768 768 2148 767 767 2149 766 766 2150 771 769 2151 770 770 2152 769 771 2153 772 772 2154 770 770 2155 771 769 2156 772 772 2157 773 773 2158 770 770 2159 774 774 2160 773 773 2161 772 772 2162 774 774 2163 775 775 2164 773 773 2165 776 776 2166 775 775 2167 774 774 2168 776 776 2169 777 777 2170 775 775 2171 778 778 2172 777 777 2173 776 776 2174 778 778 2175 779 779 2176 777 777 2177 780 780 2178 779 779 2179 778 778 2180 780 780 2181 781 781 2182 779 779 2183 782 782 2184 781 781 2185 780 780 2186 782 782 2187 783 783 2188 781 781 2189 784 784 2190 783 783 2191 782 782 2192 784 784 2193 785 785 2194 783 783 2195 788 786 2196 787 787 2197 786 788 2198 789 789 2199 787 787 2200 788 786 2201 789 789 2202 790 790 2203 787 787 2204 791 791 2205 790 790 2206 789 789 2207 791 791 2208 792 792 2209 790 790 2210 793 793 2211 792 792 2212 791 791 2213 793 793 2214 794 794 2215 792 792 2216 795 795 2217 794 794 2218 793 793 2219 795 795 2220 796 796 2221 794 794 2222 797 797 2223 796 796 2224 795 795 2225 797 797 2226 798 798 2227 796 796 2228 799 799 2229 798 798 2230 797 797 2231 799 799 2232 800 800 2233 798 798 2234 801 801 2235 800 800 2236 799 799 2237 804 802 2238 803 803 2239 802 804 2240 805 805 2241 803 803 2242 804 802 2243 805 805 2244 806 806 2245 803 803 2246 807 807 2247 806 806 2248 805 805 2249 807 807 2250 808 808 2251 806 806 2252 809 809 2253 808 808 2254 807 807 2255 809 809 2256 810 810 2257 808 808 2258 811 811 2259 810 810 2260 809 809 2261 811 811 2262 812 812 2263 810 810 2264 813 813 2265 812 812 2266 811 811 2267 813 813 2268 814 814 2269 812 812 2270 815 815 2271 814 814 2272 813 813 2273 815 815 2274 816 816 2275 814 814 2276 817 817 2277 816 816 2278 815 815 2279 820 818 2280 819 819 2281 818 820 2282 821 821 2283 819 819 2284 820 818 2285 821 821 2286 822 822 2287 819 819 2288 823 823 2289 822 822 2290 821 821 2291 823 823 2292 824 824 2293 822 822 2294 825 825 2295 824 824 2296 823 823 2297 825 825 2298 826 826 2299 824 824 2300 827 827 2301 826 826 2302 825 825 2303 827 827 2304 828 828 2305 826 826 2306 829 829 2307 828 828 2308 827 827 2309 829 829 2310 830 830 2311 828 828 2312 831 831 2313 830 830 2314 829 829 2315 831 831 2316 832 832 2317 830 830 2318 833 833 2319 832 832 2320 831 831 2321 836 834 2322 835 835 2323 834 836 2324 837 837 2325 835 835 2326 836 834 2327 837 837 2328 838 838 2329 835 835 2330 839 839 2331 838 838 2332 837 837 2333 839 839 2334 840 840 2335 838 838 2336 841 841 2337 840 840 2338 839 839 2339 841 841 2340 842 842 2341 840 840 2342 843 843 2343 842 842 2344 841 841 2345 843 843 2346 844 844 2347 842 842 2348 845 845 2349 844 844 2350 843 843 2351 845 845 2352 846 846 2353 844 844 2354 847 847 2355 846 846 2356 845 845 2357 847 847 2358 848 848 2359 846 846 2360 849 849 2361 848 848 2362 847 847 2363 852 850 2364 851 851 2365 850 852 2366 853 853 2367 851 851 2368 852 850 2369 853 853 2370 854 854 2371 851 851 2372 855 855 2373 854 854 2374 853 853 2375 855 855 2376 856 856 2377 854 854 2378 857 857 2379 856 856 2380 855 855 2381 857 857 2382 858 858 2383 856 856 2384 859 859 2385 858 858 2386 857 857 2387 859 859 2388 860 860 2389 858 858 2390 861 861 2391 860 860 2392 859 859 2393 861 861 2394 862 862 2395 860 860 2396 863 863 2397 862 862 2398 861 861 2399 863 863 2400 864 864 2401 862 862 2402 867 865 2403 866 866 2404 865 867 2405 868 868 2406 866 866 2407 867 865 2408 868 868 2409 869 869 2410 866 866 2411 870 870 2412 869 869 2413 868 868 2414 870 870 2415 871 871 2416 869 869 2417 872 872 2418 871 871 2419 870 870 2420 872 872 2421 873 873 2422 871 871 2423 874 874 2424 873 873 2425 872 872 2426 874 874 2427 875 875 2428 873 873 2429 876 876 2430 875 875 2431 874 874 2432 876 876 2433 877 877 2434 875 875 2435 878 878 2436 877 877 2437 876 876 2438 878 878 2439 879 879 2440 877 877 2441 882 880 2442 881 881 2443 880 882 2444 883 883 2445 881 881 2446 882 880 2447 883 883 2448 884 884 2449 881 881 2450 885 885 2451 884 884 2452 883 883 2453 885 885 2454 886 886 2455 884 884 2456 887 887 2457 886 886 2458 885 885 2459 887 887 2460 888 888 2461 886 886 2462 889 889 2463 888 888 2464 887 887 2465 889 889 2466 890 890 2467 888 888 2468 891 891 2469 890 890 2470 889 889 2471 891 891 2472 892 892 2473 890 890 2474 893 893 2475 892 892 2476 891 891 2477 893 893 2478 894 894 2479 892 892 2480 897 895 2481 896 896 2482 895 897 2483 898 898 2484 896 896 2485 897 895 2486 898 898 2487 899 899 2488 896 896 2489 900 900 2490 899 899 2491 898 898 2492 900 900 2493 901 901 2494 899 899 2495 902 902 2496 901 901 2497 900 900 2498 902 902 2499 903 903 2500 901 901 2501 904 904 2502 903 903 2503 902 902 2504 904 904 2505 905 905 2506 903 903 2507 906 906 2508 905 905 2509 904 904 2510 906 906 2511 907 907 2512 905 905 2513 908 908 2514 907 907 2515 906 906 2516 908 908 2517 909 909 2518 907 907 2519 912 910 2520 911 911 2521 910 912 2522 913 913 2523 911 911 2524 912 910 2525 913 913 2526 914 914 2527 911 911 2528 915 915 2529 914 914 2530 913 913 2531 915 915 2532 916 916 2533 914 914 2534 917 917 2535 916 916 2536 915 915 2537 917 917 2538 918 918 2539 916 916 2540 919 919 2541 918 918 2542 917 917 2543 919 919 2544 920 920 2545 918 918 2546 921 921 2547 920 920 2548 919 919 2549 921 921 2550 922 922 2551 920 920 2552 923 923 2553 922 922 2554 921 921 2555 923 923 2556 924 924 2557 922 922 2558 927 925 2559 926 926 2560 925 927 2561 928 928 2562 926 926 2563 927 925 2564 928 928 2565 929 929 2566 926 926 2567 930 930 2568 929 929 2569 928 928 2570 930 930 2571 931 931 2572 929 929 2573 932 932 2574 931 931 2575 930 930 2576 932 932 2577 933 933 2578 931 931 2579 934 934 2580 933 933 2581 932 932 2582 934 934 2583 935 935 2584 933 933 2585 936 936 2586 935 935 2587 934 934 2588 936 936 2589 937 937 2590 935 935 2591 938 938 2592 937 937 2593 936 936 2594 938 938 2595 939 939 2596 937 937 2597 942 940 2598 941 941 2599 940 942 2600 943 943 2601 941 941 2602 942 940 2603 943 943 2604 944 944 2605 941 941 2606 945 945 2607 944 944 2608 943 943 2609 945 945 2610 946 946 2611 944 944 2612 947 947 2613 946 946 2614 945 945 2615 947 947 2616 948 948 2617 946 946 2618 949 949 2619 948 948 2620 947 947 2621 949 949 2622 950 950 2623 948 948 2624 951 951 2625 950 950 2626 949 949 2627 951 951 2628 952 952 2629 950 950 2630 953 953 2631 952 952 2632 951 951 2633 953 953 2634 954 954 2635 952 952 2636 957 955 2637 956 956 2638 955 957 2639 958 958 2640 956 956 2641 957 955 2642 958 958 2643 959 959 2644 956 956 2645 960 960 2646 959 959 2647 958 958 2648 960 960 2649 961 961 2650 959 959 2651 962 962 2652 961 961 2653 960 960 2654 962 962 2655 963 963 2656 961 961 2657 964 964 2658 963 963 2659 962 962 2660 964 964 2661 965 965 2662 963 963 2663 966 966 2664 965 965 2665 964 964 2666 966 966 2667 967 967 2668 965 965 2669 970 968 2670 969 969 2671 968 970 2672 971 971 2673 969 969 2674 970 968 2675 971 971 2676 972 972 2677 969 969 2678 973 973 2679 972 972 2680 971 971 2681 973 973 2682 974 974 2683 972 972 2684 975 975 2685 974 974 2686 973 973 2687 975 975 2688 976 976 2689 974 974 2690 977 977 2691 976 976 2692 975 975 2693 977 977 2694 978 978 2695 976 976 2696 979 979 2697 978 978 2698 977 977 2699 979 979 2700 980 980 2701 978 978 2702 983 981 2703 982 982 2704 981 983 2705 984 984 2706 982 982 2707 983 981 2708 984 984 2709 985 985 2710 982 982 2711 986 986 2712 985 985 2713 984 984 2714 986 986 2715 987 987 2716 985 985 2717 988 988 2718 987 987 2719 986 986 2720 988 988 2721 989 989 2722 987 987 2723 990 990 2724 989 989 2725 988 988 2726 990 990 2727 991 991 2728 989 989 2729 992 992 2730 991 991 2731 990 990 2732 992 992 2733 993 993 2734 991 991 2735 996 994 2736 995 995 2737 994 996 2738 997 997 2739 995 995 2740 996 994 2741 997 997 2742 998 998 2743 995 995 2744 999 999 2745 998 998 2746 997 997 2747 999 999 2748 1000 1000 2749 998 998 2750 1001 1001 2751 1000 1000 2752 999 999 2753 1001 1001 2754 1002 1002 2755 1000 1000 2756 1003 1003 2757 1002 1002 2758 1001 1001 2759 1003 1003 2760 1004 1004 2761 1002 1002 2762 1005 1005 2763 1004 1004 2764 1003 1003 2765 1005 1005 2766 1006 1006 2767 1004 1004 2768 1009 1007 2769 1008 1008 2770 1007 1009 2771 1010 1010 2772 1008 1008 2773 1009 1007 2774 1010 1010 2775 1011 1011 2776 1008 1008 2777 1012 1012 2778 1011 1011 2779 1010 1010 2780 1012 1012 2781 1013 1013 2782 1011 1011 2783 1014 1014 2784 1013 1013 2785 1012 1012 2786 1014 1014 2787 1015 1015 2788 1013 1013 2789 1016 1016 2790 1015 1015 2791 1014 1014 2792 1016 1016 2793 1017 1017 2794 1015 1015 2795 1018 1018 2796 1017 1017 2797 1016 1016 2798 1018 1018 2799 1019 1019 2800 1017 1017 2801 1022 1020 2802 1021 1021 2803 1020 1022 2804 1023 1023 2805 1021 1021 2806 1022 1020 2807 1023 1023 2808 1024 1024 2809 1021 1021 2810 1025 1025 2811 1024 1024 2812 1023 1023 2813 1025 1025 2814 1026 1026 2815 1024 1024 2816 1027 1027 2817 1026 1026 2818 1025 1025 2819 1027 1027 2820 1028 1028 2821 1026 1026 2822 1029 1029 2823 1028 1028 2824 1027 1027 2825 1029 1029 2826 1030 1030 2827 1028 1028 2828 1031 1031 2829 1030 1030 2830 1029 1029 2831 1031 1031 2832 1032 1032 2833 1030 1030 2834 1035 1033 2835 1034 1034 2836 1033 1035 2837 1036 1036 2838 1034 1034 2839 1035 1033 2840 1036 1036 2841 1037 1037 2842 1034 1034 2843 1038 1038 2844 1037 1037 2845 1036 1036 2846 1038 1038 2847 1039 1039 2848 1037 1037 2849 1040 1040 2850 1039 1039 2851 1038 1038 2852 1040 1040 2853 1041 1041 2854 1039 1039 2855 1042 1042 2856 1041 1041 2857 1040 1040 2858 1042 1042 2859 1043 1043 2860 1041 1041 2861 1044 1044 2862 1043 1043 2863 1042 1042 2864 1047 1045 2865 1046 1046 2866 1045 1047 2867 1048 1048 2868 1046 1046 2869 1047 1045 2870 1048 1048 2871 1049 1049 2872 1046 1046 2873 1050 1050 2874 1049 1049 2875 1048 1048 2876 1050 1050 2877 1051 1051 2878 1049 1049 2879 1052 1052 2880 1051 1051 2881 1050 1050 2882 1052 1052 2883 1053 1053 2884 1051 1051 2885 1054 1054 2886 1053 1053 2887 1052 1052 2888 1054 1054 2889 1055 1055 2890 1053 1053 2891 1056 1056 2892 1055 1055 2893 1054 1054 2894 1059 1057 2895 1058 1058 2896 1057 1059 2897 1060 1060 2898 1058 1058 2899 1059 1057 2900 1060 1060 2901 1061 1061 2902 1058 1058 2903 1062 1062 2904 1061 1061 2905 1060 1060 2906 1062 1062 2907 1063 1063 2908 1061 1061 2909 1064 1064 2910 1063 1063 2911 1062 1062 2912 1064 1064 2913 1065 1065 2914 1063 1063 2915 1066 1066 2916 1065 1065 2917 1064 1064 2918 1066 1066 2919 1067 1067 2920 1065 1065 2921 1070 1068 2922 1069 1069 2923 1068 1070 2924 1071 1071 2925 1069 1069 2926 1070 1068 2927 1071 1071 2928 1072 1072 2929 1069 1069 2930 1073 1073 2931 1072 1072 2932 1071 1071 2933 1073 1073 2934 1074 1074 2935 1072 1072 2936 1075 1075 2937 1074 1074 2938 1073 1073 2939 1075 1075 2940 1076 1076 2941 1074 1074 2942 1077 1077 2943 1076 1076 2944 1075 1075 2945 1077 1077 2946 1078 1078 2947 1076 1076 2948 1081 1079 2949 1080 1080 2950 1079 1081 2951 1082 1082 2952 1080 1080 2953 1081 1079 2954 1082 1082 2955 1083 1083 2956 1080 1080 2957 1084 1084 2958 1083 1083 2959 1082 1082 2960 1084 1084 2961 1085 1085 2962 1083 1083 2963 1086 1086 2964 1085 1085 2965 1084 1084 2966 1086 1086 2967 1087 1087 2968 1085 1085 2969 1088 1088 2970 1087 1087 2971 1086 1086 2972 1088 1088 2973 1089 1089 2974 1087 1087 2975 1092 1090 2976 1091 1091 2977 1090 1092 2978 1093 1093 2979 1091 1091 2980 1092 1090 2981 1093 1093 2982 1094 1094 2983 1091 1091 2984 1095 1095 2985 1094 1094 2986 1093 1093 2987 1095 1095 2988 1096 1096 2989 1094 1094 2990 1097 1097 2991 1096 1096 2992 1095 1095 2993 1097 1097 2994 1098 1098 2995 1096 1096 2996 1099 1099 2997 1098 1098 2998 1097 1097 2999 1099 1099 3000 1100 1100 3001 1098 1098 3002 1103 1101 3003 1102 1102 3004 1101 1103 3005 1104 1104 3006 1102 1102 3007 1103 1101 3008 1104 1104 3009 1105 1105 3010 1102 1102 3011 1106 1106 3012 1105 1105 3013 1104 1104 3014 1106 1106 3015 1107 1107 3016 1105 1105 3017 1108 1108 3018 1107 1107 3019 1106 1106 3020 1108 1108 3021 1109 1109 3022 1107 1107 3023 1110 1110 3024 1109 1109 3025 1108 1108 3026 1110 1110 3027 1111 1111 3028 1109 1109 3029 1114 1112 3030 1113 1113 3031 1112 1114 3032 1115 1115 3033 1113 1113 3034 1114 1112 3035 1115 1115 3036 1116 1116 3037 1113 1113 3038 1117 1117 3039 1116 1116 3040 1115 1115 3041 1117 1117 3042 1118 1118 3043 1116 1116 3044 1119 1119 3045 1118 1118 3046 1117 1117 3047 1119 1119 3048 1120 1120 3049 1118 1118 3050 1121 1121 3051 1120 1120 3052 1119 1119 3053 1121 1121 3054 1122 1122 3055 1120 1120 3056 1125 1123 3057 1124 1124 3058 1123 1125 3059 1126 1126 3060 1124 1124 3061 1125 1123 3062 1126 1126 3063 1127 1127 3064 1124 1124 3065 1128 1128 3066 1127 1127 3067 1126 1126 3068 1128 1128 3069 1129 1129 3070 1127 1127 3071 1130 1130 3072 1129 1129 3073 1128 1128 3074 1130 1130 3075 1131 1131 3076 1129 1129 3077 1132 1132 3078 1131 1131 3079 1130 1130 3080 1132 1132 3081 1133 1133 3082 1131 1131 3083 1136 1134 3084 1135 1135 3085 1134 1136 3086 1137 1137 3087 1135 1135 3088 1136 1134 3089 1137 1137 3090 1138 1138 3091 1135 1135 3092 1139 1139 3093 1138 1138 3094 1137 1137 3095 1139 1139 3096 1140 1140 3097 1138 1138 3098 1141 1141 3099 1140 1140 3100 1139 1139 3101 1141 1141 3102 1142 1142 3103 1140 1140 3104 1143 1143 3105 1142 1142 3106 1141 1141 3107 1143 1143 3108 1144 1144 3109 1142 1142 3110 1147 1145 3111 1146 1146 3112 1145 1147 3113 1148 1148 3114 1146 1146 3115 1147 1145 3116 1148 1148 3117 1149 1149 3118 1146 1146 3119 1150 1150 3120 1149 1149 3121 1148 1148 3122 1150 1150 3123 1151 1151 3124 1149 1149 3125 1152 1152 3126 1151 1151 3127 1150 1150 3128 1152 1152 3129 1153 1153 3130 1151 1151 3131 1154 1154 3132 1153 1153 3133 1152 1152 3134 1154 1154 3135 1155 1155 3136 1153 1153 3137 1158 1156 3138 1157 1157 3139 1156 1158 3140 1159 1159 3141 1157 1157 3142 1158 1156 3143 1159 1159 3144 1160 1160 3145 1157 1157 3146 1161 1161 3147 1160 1160 3148 1159 1159 3149 1161 1161 3150 1162 1162 3151 1160 1160 3152 1163 1163 3153 1162 1162 3154 1161 1161 3155 1163 1163 3156 1164 1164 3157 1162 1162 3158 1165 1165 3159 1164 1164 3160 1163 1163 3161 1165 1165 3162 1166 1166 3163 1164 1164 3164 1169 1167 3165 1168 1168 3166 1167 1169 3167 1170 1170 3168 1168 1168 3169 1169 1167 3170 1170 1170 3171 1171 1171 3172 1168 1168 3173 1172 1172 3174 1171 1171 3175 1170 1170 3176 1172 1172 3177 1173 1173 3178 1171 1171 3179 1174 1174 3180 1173 1173 3181 1172 1172 3182 1174 1174 3183 1175 1175 3184 1173 1173 3185 1176 1176 3186 1175 1175 3187 1174 1174 3188 1176 1176 3189 1177 1177 3190 1175 1175 3191 1180 1178 3192 1179 1179 3193 1178 1180 3194 1181 1181 3195 1179 1179 3196 1180 1178 3197 1181 1181 3198 1182 1182 3199 1179 1179 3200 1183 1183 3201 1182 1182 3202 1181 1181 3203 1183 1183 3204 1184 1184 3205 1182 1182 3206 1185 1185 3207 1184 1184 3208 1183 1183 3209 1185 1185 3210 1186 1186 3211 1184 1184 3212 1187 1187 3213 1186 1186 3214 1185 1185 3215 1187 1187 3216 1188 1188 3217 1186 1186 3218 1191 1189 3219 1190 1190 3220 1189 1191 3221 1192 1192 3222 1190 1190 3223 1191 1189 3224 1192 1192 3225 1193 1193 3226 1190 1190 3227 1194 1194 3228 1193 1193 3229 1192 1192 3230 1194 1194 3231 1195 1195 3232 1193 1193 3233 1196 1196 3234 1195 1195 3235 1194 1194 3236 1196 1196 3237 1197 1197 3238 1195 1195 3239 1198 1198 3240 1197 1197 3241 1196 1196 3242 1198 1198 3243 1199 1199 3244 1197 1197 3245 1202 1200 3246 1201 1201 3247 1200 1202 3248 1203 1203 3249 1201 1201 3250 1202 1200 3251 1203 1203 3252 1204 1204 3253 1201 1201 3254 1205 1205 3255 1204 1204 3256 1203 1203 3257 1205 1205 3258 1206 1206 3259 1204 1204 3260 1207 1207 3261 1206 1206 3262 1205 1205 3263 1207 1207 3264 1208 1208 3265 1206 1206 3266 1209 1209 3267 1208 1208 3268 1207 1207 3269 1212 1210 3270 1211 1211 3271 1210 1212 3272 1213 1213 3273 1211 1211 3274 1212 1210 3275 1213 1213 3276 1214 1214 3277 1211 1211 3278 1215 1215 3279 1214 1214 3280 1213 1213 3281 1215 1215 3282 1216 1216 3283 1214 1214 3284 1217 1217 3285 1216 1216 3286 1215 1215 3287 1217 1217 3288 1218 1218 3289 1216 1216 3290 1219 1219 3291 1218 1218 3292 1217 1217 3293 1222 1220 3294 1221 1221 3295 1220 1222 3296 1223 1223 3297 1221 1221 3298 1222 1220 3299 1223 1223 3300 1224 1224 3301 1221 1221 3302 1225 1225 3303 1224 1224 3304 1223 1223 3305 1225 1225 3306 1226 1226 3307 1224 1224 3308 1227 1227 3309 1226 1226 3310 1225 1225 3311 1227 1227 3312 1228 1228 3313 1226 1226 3314 1229 1229 3315 1228 1228 3316 1227 1227 3317 1232 1230 3318 1231 1231 3319 1230 1232 3320 1233 1233 3321 1231 1231 3322 1232 1230 3323 1233 1233 3324 1234 1234 3325 1231 1231 3326 1235 1235 3327 1234 1234 3328 1233 1233 3329 1235 1235 3330 1236 1236 3331 1234 1234 3332 1237 1237 3333 1236 1236 3334 1235 1235 3335 1237 1237 3336 1238 1238 3337 1236 1236 3338 1239 1239 3339 1238 1238 3340 1237 1237 3341 1242 1240 3342 1241 1241 3343 1240 1242 3344 1243 1243 3345 1241 1241 3346 1242 1240 3347 1243 1243 3348 1244 1244 3349 1241 1241 3350 1245 1245 3351 1244 1244 3352 1243 1243 3353 1245 1245 3354 1246 1246 3355 1244 1244 3356 1247 1247 3357 1246 1246 3358 1245 1245 3359 1247 1247 3360 1248 1248 3361 1246 1246 3362 1249 1249 3363 1248 1248 3364 1247 1247 3365 1252 1250 3366 1251 1251 3367 1250 1252 3368 1253 1253 3369 1251 1251 3370 1252 1250 3371 1253 1253 3372 1254 1254 3373 1251 1251 3374 1255 1255 3375 1254 1254 3376 1253 1253 3377 1255 1255 3378 1256 1256 3379 1254 1254 3380 1257 1257 3381 1256 1256 3382 1255 1255 3383 1257 1257 3384 1258 1258 3385 1256 1256 3386 1259 1259 3387 1258 1258 3388 1257 1257 3389 1262 1260 3390 1261 1261 3391 1260 1262 3392 1263 1263 3393 1261 1261 3394 1262 1260 3395 1263 1263 3396 1264 1264 3397 1261 1261 3398 1265 1265 3399 1264 1264 3400 1263 1263 3401 1265 1265 3402 1266 1266 3403 1264 1264 3404 1267 1267 3405 1266 1266 3406 1265 1265 3407 1267 1267 3408 1268 1268 3409 1266 1266 3410 1271 1269 3411 1270 1270 3412 1269 1271 3413 1272 1272 3414 1270 1270 3415 1271 1269 3416 1272 1272 3417 1273 1273 3418 1270 1270 3419 1274 1274 3420 1273 1273 3421 1272 1272 3422 1274 1274 3423 1275 1275 3424 1273 1273 3425 1276 1276 3426 1275 1275 3427 1274 1274 3428 1276 1276 3429 1277 1277 3430 1275 1275 3431 1280 1278 3432 1279 1279 3433 1278 1280 3434 1281 1281 3435 1279 1279 3436 1280 1278 3437 1281 1281 3438 1282 1282 3439 1279 1279 3440 1283 1283 3441 1282 1282 3442 1281 1281 3443 1283 1283 3444 1284 1284 3445 1282 1282 3446 1285 1285 3447 1284 1284 3448 1283 1283 3449 1285 1285 3450 1286 1286 3451 1284 1284 3452 1289 1287 3453 1288 1288 3454 1287 1289 3455 1290 1290 3456 1288 1288 3457 1289 1287 3458 1290 1290 3459 1291 1291 3460 1288 1288 3461 1292 1292 3462 1291 1291 3463 1290 1290 3464 1292 1292 3465 1293 1293 3466 1291 1291 3467 1294 1294 3468 1293 1293 3469 1292 1292 3470 1294 1294 3471 1295 1295 3472 1293 1293 3473 1298 1296 3474 1297 1297 3475 1296 1298 3476 1299 1299 3477 1297 1297 3478 1298 1296 3479 1299 1299 3480 1300 1300 3481 1297 1297 3482 1301 1301 3483 1300 1300 3484 1299 1299 3485 1301 1301 3486 1302 1302 3487 1300 1300 3488 1303 1303 3489 1302 1302 3490 1301 1301 3491 1303 1303 3492 1304 1304 3493 1302 1302 3494 1307 1305 3495 1306 1306 3496 1305 1307 3497 1308 1308 3498 1306 1306 3499 1307 1305 3500 1308 1308 3501 1309 1309 3502 1306 1306 3503 1310 1310 3504 1309 1309 3505 1308 1308 3506 1310 1310 3507 1311 1311 3508 1309 1309 3509 1312 1312 3510 1311 1311 3511 1310 1310 3512 1312 1312 3513 1313 1313 3514 1311 1311 3515 1316 1314 3516 1315 1315 3517 1314 1316 3518 1317 1317 3519 1315 1315 3520 1316 1314 3521 1317 1317 3522 1318 1318 3523 1315 1315 3524 1319 1319 3525 1318 1318 3526 1317 1317 3527 1319 1319 3528 1320 1320 3529 1318 1318 3530 1321 1321 3531 1320 1320 3532 1319 1319 3533 1321 1321 3534 1322 1322 3535 1320 1320 3536 1325 1323 3537 1324 1324 3538 1323 1325 3539 1326 1326 3540 1324 1324 3541 1325 1323 3542 1326 1326 3543 1327 1327 3544 1324 1324 3545 1328 1328 3546 1327 1327 3547 1326 1326 3548 1328 1328 3549 1329 1329 3550 1327 1327 3551 1330 1330 3552 1329 1329 3553 1328 1328 3554 1330 1330 3555 1331 1331 3556 1329 1329 3557 1334 1332 3558 1333 1333 3559 1332 1334 3560 1335 1335 3561 1333 1333 3562 1334 1332 3563 1335 1335 3564 1336 1336 3565 1333 1333 3566 1337 1337 3567 1336 1336 3568 1335 1335 3569 1337 1337 3570 1338 1338 3571 1336 1336 3572 1339 1339 3573 1338 1338 3574 1337 1337 3575 1339 1339 3576 1340 1340 3577 1338 1338 3578 1343 1341 3579 1342 1342 3580 1341 1343 3581 1344 1344 3582 1342 1342 3583 1343 1341 3584 1344 1344 3585 1345 1345 3586 1342 1342 3587 1346 1346 3588 1345 1345 3589 1344 1344 3590 1346 1346 3591 1347 1347 3592 1345 1345 3593 1348 1348 3594 1347 1347 3595 1346 1346 3596 1348 1348 3597 1349 1349 3598 1347 1347 3599 1352 1350 3600 1351 1351 3601 1350 1352 3602 1353 1353 3603 1351 1351 3604 1352 1350 3605 1353 1353 3606 1354 1354 3607 1351 1351 3608 1355 1355 3609 1354 1354 3610 1353 1353 3611 1355 1355 3612 1356 1356 3613 1354 1354 3614 1357 1357 3615 1356 1356 3616 1355 1355 3617 1357 1357 3618 1358 1358 3619 1356 1356 3620 1361 1359 3621 1360 1360 3622 1359 1361 3623 1362 1362 3624 1360 1360 3625 1361 1359 3626 1362 1362 3627 1363 1363 3628 1360 1360 3629 1364 1364 3630 1363 1363 3631 1362 1362 3632 1364 1364 3633 1365 1365 3634 1363 1363 3635 1366 1366 3636 1365 1365 3637 1364 1364 3638 1366 1366 3639 1367 1367 3640 1365 1365 3641 1370 1368 3642 1369 1369 3643 1368 1370 3644 1371 1371 3645 1369 1369 3646 1370 1368 3647 1371 1371 3648 1372 1372 3649 1369 1369 3650 1373 1373 3651 1372 1372 3652 1371 1371 3653 1373 1373 3654 1374 1374 3655 1372 1372 3656 1375 1375 3657 1374 1374 3658 1373 1373 3659 1375 1375 3660 1376 1376 3661 1374 1374 3662 1379 1377 3663 1378 1378 3664 1377 1379 3665 1380 1380 3666 1378 1378 3667 1379 1377 3668 1380 1380 3669 1381 1381 3670 1378 1378 3671 1382 1382 3672 1381 1381 3673 1380 1380 3674 1382 1382 3675 1383 1383 3676 1381 1381 3677 1384 1384 3678 1383 1383 3679 1382 1382 3680 1384 1384 3681 1385 1385 3682 1383 1383 3683 1388 1386 3684 1387 1387 3685 1386 1388 3686 1389 1389 3687 1387 1387 3688 1388 1386 3689 1389 1389 3690 1390 1390 3691 1387 1387 3692 1391 1391 3693 1390 1390 3694 1389 1389 3695 1391 1391 3696 1392 1392 3697 1390 1390 3698 1393 1393 3699 1392 1392 3700 1391 1391 3701 1393 1393 3702 1394 1394 3703 1392 1392 3704 1397 1395 3705 1396 1396 3706 1395 1397 3707 1398 1398 3708 1396 1396 3709 1397 1395 3710 1398 1398 3711 1399 1399 3712 1396 1396 3713 1400 1400 3714 1399 1399 3715 1398 1398 3716 1400 1400 3717 1401 1401 3718 1399 1399 3719 1402 1402 3720 1401 1401 3721 1400 1400 3722 1402 1402 3723 1403 1403 3724 1401 1401 3725 1406 1404 3726 1405 1405 3727 1404 1406 3728 1407 1407 3729 1405 1405 3730 1406 1404 3731 1407 1407 3732 1408 1408 3733 1405 1405 3734 1409 1409 3735 1408 1408 3736 1407 1407 3737 1409 1409 3738 1410 1410 3739 1408 1408 3740 1411 1411 3741 1410 1410 3742 1409 1409 3743 1411 1411 3744 1412 1412 3745 1410 1410 3746 1415 1413 3747 1414 1414 3748 1413 1415 3749 1416 1416 3750 1414 1414 3751 1415 1413 3752 1416 1416 3753 1417 1417 3754 1414 1414 3755 1418 1418 3756 1417 1417 3757 1416 1416 3758 1418 1418 3759 1419 1419 3760 1417 1417 3761 1420 1420 3762 1419 1419 3763 1418 1418 3764 1420 1420 3765 1421 1421 3766 1419 1419 3767 1424 1422 3768 1423 1423 3769 1422 1424 3770 1425 1425 3771 1423 1423 3772 1424 1422 3773 1425 1425 3774 1426 1426 3775 1423 1423 3776 1427 1427 3777 1426 1426 3778 1425 1425 3779 1427 1427 3780 1428 1428 3781 1426 1426 3782 1429 1429 3783 1428 1428 3784 1427 1427 3785 1429 1429 3786 1430 1430 3787 1428 1428 3788 1433 1431 3789 1432 1432 3790 1431 1433 3791 1434 1434 3792 1432 1432 3793 1433 1431 3794 1434 1434 3795 1435 1435 3796 1432 1432 3797 1436 1436 3798 1435 1435 3799 1434 1434 3800 1436 1436 3801 1437 1437 3802 1435 1435 3803 1438 1438 3804 1437 1437 3805 1436 1436 3806 1438 1438 3807 1439 1439 3808 1437 1437 3809 1442 1440 3810 1441 1441 3811 1440 1442 3812 1443 1443 3813 1441 1441 3814 1442 1440 3815 1443 1443 3816 1444 1444 3817 1441 1441 3818 1445 1445 3819 1444 1444 3820 1443 1443 3821 1445 1445 3822 1446 1446 3823 1444 1444 3824 1447 1447 3825 1446 1446 3826 1445 1445 3827 1447 1447 3828 1448 1448 3829 1446 1446 3830 1451 1449 3831 1450 1450 3832 1449 1451 3833 1452 1452 3834 1450 1450 3835 1451 1449 3836 1452 1452 3837 1453 1453 3838 1450 1450 3839 1454 1454 3840 1453 1453 3841 1452 1452 3842 1454 1454 3843 1455 1455 3844 1453 1453 3845 1456 1456 3846 1455 1455 3847 1454 1454 3848 1456 1456 3849 1457 1457 3850 1455 1455 3851 1460 1458 3852 1459 1459 3853 1458 1460 3854 1461 1461 3855 1459 1459 3856 1460 1458 3857 1461 1461 3858 1462 1462 3859 1459 1459 3860 1463 1463 3861 1462 1462 3862 1461 1461 3863 1463 1463 3864 1464 1464 3865 1462 1462 3866 1465 1465 3867 1464 1464 3868 1463 1463 3869 1465 1465 3870 1466 1466 3871 1464 1464 3872 1469 1467 3873 1468 1468 3874 1467 1469 3875 1470 1470 3876 1468 1468 3877 1469 1467 3878 1470 1470 3879 1471 1471 3880 1468 1468 3881 1472 1472 3882 1471 1471 3883 1470 1470 3884 1472 1472 3885 1473 1473 3886 1471 1471 3887 1474 1474 3888 1473 1473 3889 1472 1472 3890 1474 1474 3891 1475 1475 3892 1473 1473 3893 1478 1476 3894 1477 1477 3895 1476 1478 3896 1479 1479 3897 1477 1477 3898 1478 1476 3899 1479 1479 3900 1480 1480 3901 1477 1477 3902 1481 1481 3903 1480 1480 3904 1479 1479 3905 1481 1481 3906 1482 1482 3907 1480 1480 3908 1483 1483 3909 1482 1482 3910 1481 1481 3911 1483 1483 3912 1484 1484 3913 1482 1482 3914 1487 1485 3915 1486 1486 3916 1485 1487 3917 1488 1488 3918 1486 1486 3919 1487 1485 3920 1488 1488 3921 1489 1489 3922 1486 1486 3923 1490 1490 3924 1489 1489 3925 1488 1488 3926 1490 1490 3927 1491 1491 3928 1489 1489 3929 1492 1492 3930 1491 1491 3931 1490 1490 3932 1495 1493 3933 1494 1494 3934 1493 1495 3935 1496 1496 3936 1494 1494 3937 1495 1493 3938 1496 1496 3939 1497 1497 3940 1494 1494 3941 1498 1498 3942 1497 1497 3943 1496 1496 3944 1498 1498 3945 1499 1499 3946 1497 1497 3947 1500 1500 3948 1499 1499 3949 1498 1498 3950 1503 1501 3951 1502 1502 3952 1501 1503 3953 1504 1504 3954 1502 1502 3955 1503 1501 3956 1504 1504 3957 1505 1505 3958 1502 1502 3959 1506 1506 3960 1505 1505 3961 1504 1504 3962 1506 1506 3963 1507 1507 3964 1505 1505 3965 1508 1508 3966 1507 1507 3967 1506 1506 3968 1511 1509 3969 1510 1510 3970 1509 1511 3971 1512 1512 3972 1510 1510 3973 1511 1509 3974 1512 1512 3975 1513 1513 3976 1510 1510 3977 1514 1514 3978 1513 1513 3979 1512 1512 3980 1514 1514 3981 1515 1515 3982 1513 1513 3983 1516 1516 3984 1515 1515 3985 1514 1514 3986 1519 1517 3987 1518 1518 3988 1517 1519 3989 1520 1520 3990 1518 1518 3991 1519 1517 3992 1520 1520 3993 1521 1521 3994 1518 1518 3995 1522 1522 3996 1521 1521 3997 1520 1520 3998 1522 1522 3999 1523 1523 4000 1521 1521 4001 1524 1524 4002 1523 1523 4003 1522 1522 4004 1527 1525 4005 1526 1526 4006 1525 1527 4007 1528 1528 4008 1526 1526 4009 1527 1525 4010 1528 1528 4011 1529 1529 4012 1526 1526 4013 1530 1530 4014 1529 1529 4015 1528 1528 4016 1530 1530 4017 1531 1531 4018 1529 1529 4019 1532 1532 4020 1531 1531 4021 1530 1530 4022 1535 1533 4023 1534 1534 4024 1533 1535 4025 1536 1536 4026 1534 1534 4027 1535 1533 4028 1536 1536 4029 1537 1537 4030 1534 1534 4031 1538 1538 4032 1537 1537 4033 1536 1536 4034 1538 1538 4035 1539 1539 4036 1537 1537 4037 1540 1540 4038 1539 1539 4039 1538 1538 4040 1543 1541 4041 1542 1542 4042 1541 1543 4043 1544 1544 4044 1542 1542 4045 1543 1541 4046 1544 1544 4047 1545 1545 4048 1542 1542 4049 1546 1546 4050 1545 1545 4051 1544 1544 4052 1546 1546 4053 1547 1547 4054 1545 1545 4055 1548 1548 4056 1547 1547 4057 1546 1546 4058 1551 1549 4059 1550 1550 4060 1549 1551 4061 1552 1552 4062 1550 1550 4063 1551 1549 4064 1552 1552 4065 1553 1553 4066 1550 1550 4067 1554 1554 4068 1553 1553 4069 1552 1552 4070 1554 1554 4071 1555 1555 4072 1553 1553 4073 1556 1556 4074 1555 1555 4075 1554 1554 4076 1559 1557 4077 1558 1558 4078 1557 1559 4079 1560 1560 4080 1558 1558 4081 1559 1557 4082 1560 1560 4083 1561 1561 4084 1558 1558 4085 1562 1562 4086 1561 1561 4087 1560 1560 4088 1562 1562 4089 1563 1563 4090 1561 1561 4091 1564 1564 4092 1563 1563 4093 1562 1562 4094 1567 1565 4095 1566 1566 4096 1565 1567 4097 1568 1568 4098 1566 1566 4099 1567 1565 4100 1568 1568 4101 1569 1569 4102 1566 1566 4103 1570 1570 4104 1569 1569 4105 1568 1568 4106 1570 1570 4107 1571 1571 4108 1569 1569 4109 1572 1572 4110 1571 1571 4111 1570 1570 4112 1575 1573 4113 1574 1574 4114 1573 1575 4115 1576 1576 4116 1574 1574 4117 1575 1573 4118 1576 1576 4119 1577 1577 4120 1574 1574 4121 1578 1578 4122 1577 1577 4123 1576 1576 4124 1578 1578 4125 1579 1579 4126 1577 1577 4127 1582 1580 4128 1581 1581 4129 1580 1582 4130 1583 1583 4131 1581 1581 4132 1582 1580 4133 1583 1583 4134 1584 1584 4135 1581 1581 4136 1585 1585 4137 1584 1584 4138 1583 1583 4139 1585 1585 4140 1586 1586 4141 1584 1584 4142 1589 1587 4143 1588 1588 4144 1587 1589 4145 1590 1590 4146 1588 1588 4147 1589 1587 4148 1590 1590 4149 1591 1591 4150 1588 1588 4151 1592 1592 4152 1591 1591 4153 1590 1590 4154 1592 1592 4155 1593 1593 4156 1591 1591 4157 1596 1594 4158 1595 1595 4159 1594 1596 4160 1597 1597 4161 1595 1595 4162 1596 1594 4163 1597 1597 4164 1598 1598 4165 1595 1595 4166 1599 1599 4167 1598 1598 4168 1597 1597 4169 1599 1599 4170 1600 1600 4171 1598 1598 4172 1603 1601 4173 1602 1602 4174 1601 1603 4175 1604 1604 4176 1602 1602 4177 1603 1601 4178 1604 1604 4179 1605 1605 4180 1602 1602 4181 1606 1606 4182 1605 1605 4183 1604 1604 4184 1606 1606 4185 1607 1607 4186 1605 1605 4187 1610 1608 4188 1609 1609 4189 1608 1610 4190 1611 1611 4191 1609 1609 4192 1610 1608 4193 1611 1611 4194 1612 1612 4195 1609 1609 4196 1613 1613 4197 1612 1612 4198 1611 1611 4199 1613 1613 4200 1614 1614 4201 1612 1612 4202 1617 1615 4203 1616 1616 4204 1615 1617 4205 1618 1618 4206 1616 1616 4207 1617 1615 4208 1618 1618 4209 1619 1619 4210 1616 1616 4211 1620 1620 4212 1619 1619 4213 1618 1618 4214 1620 1620 4215 1621 1621 4216 1619 1619 4217 1624 1622 4218 1623 1623 4219 1622 1624 4220 1625 1625 4221 1623 1623 4222 1624 1622 4223 1625 1625 4224 1626 1626 4225 1623 1623 4226 1627 1627 4227 1626 1626 4228 1625 1625 4229 1627 1627 4230 1628 1628 4231 1626 1626 4232 1631 1629 4233 1630 1630 4234 1629 1631 4235 1632 1632 4236 1630 1630 4237 1631 1629 4238 1632 1632 4239 1633 1633 4240 1630 1630 4241 1634 1634 4242 1633 1633 4243 1632 1632 4244 1634 1634 4245 1635 1635 4246 1633 1633 4247 1638 1636 4248 1637 1637 4249 1636 1638 4250 1639 1639 4251 1637 1637 4252 1638 1636 4253 1639 1639 4254 1640 1640 4255 1637 1637 4256 1641 1641 4257 1640 1640 4258 1639 1639 4259 1641 1641 4260 1642 1642 4261 1640 1640 4262 1645 1643 4263 1644 1644 4264 1643 1645 4265 1646 1646 4266 1644 1644 4267 1645 1643 4268 1646 1646 4269 1647 1647 4270 1644 1644 4271 1648 1648 4272 1647 1647 4273 1646 1646 4274 1648 1648 4275 1649 1649 4276 1647 1647 4277 1652 1650 4278 1651 1651 4279 1650 1652 4280 1653 1653 4281 1651 1651 4282 1652 1650 4283 1653 1653 4284 1654 1654 4285 1651 1651 4286 1655 1655 4287 1654 1654 4288 1653 1653 4289 1655 1655 4290 1656 1656 4291 1654 1654 4292 1659 1657 4293 1658 1658 4294 1657 1659 4295 1660 1660 4296 1658 1658 4297 1659 1657 4298 1660 1660 4299 1661 1661 4300 1658 1658 4301 1662 1662 4302 1661 1661 4303 1660 1660 4304 1662 1662 4305 1663 1663 4306 1661 1661 4307 1666 1664 4308 1665 1665 4309 1664 1666 4310 1667 1667 4311 1665 1665 4312 1666 1664 4313 1667 1667 4314 1668 1668 4315 1665 1665 4316 1669 1669 4317 1668 1668 4318 1667 1667 4319 1669 1669 4320 1670 1670 4321 1668 1668 4322 1673 1671 4323 1672 1672 4324 1671 1673 4325 1674 1674 4326 1672 1672 4327 1673 1671 4328 1674 1674 4329 1675 1675 4330 1672 1672 4331 1676 1676 4332 1675 1675 4333 1674 1674 4334 1676 1676 4335 1677 1677 4336 1675 1675 4337 1680 1678 4338 1679 1679 4339 1678 1680 4340 1681 1681 4341 1679 1679 4342 1680 1678 4343 1681 1681 4344 1682 1682 4345 1679 1679 4346 1683 1683 4347 1682 1682 4348 1681 1681 4349 1683 1683 4350 1684 1684 4351 1682 1682 4352 1687 1685 4353 1686 1686 4354 1685 1687 4355 1688 1688 4356 1686 1686 4357 1687 1685 4358 1688 1688 4359 1689 1689 4360 1686 1686 4361 1690 1690 4362 1689 1689 4363 1688 1688 4364 1690 1690 4365 1691 1691 4366 1689 1689 4367 1694 1692 4368 1693 1693 4369 1692 1694 4370 1695 1695 4371 1693 1693 4372 1694 1692 4373 1695 1695 4374 1696 1696 4375 1693 1693 4376 1697 1697 4377 1696 1696 4378 1695 1695 4379 1697 1697 4380 1698 1698 4381 1696 1696 4382 1701 1699 4383 1700 1700 4384 1699 1701 4385 1702 1702 4386 1700 1700 4387 1701 1699 4388 1702 1702 4389 1703 1703 4390 1700 1700 4391 1704 1704 4392 1703 1703 4393 1702 1702 4394 1704 1704 4395 1705 1705 4396 1703 1703 4397 1708 1706 4398 1707 1707 4399 1706 1708 4400 1709 1709 4401 1707 1707 4402 1708 1706 4403 1709 1709 4404 1710 1710 4405 1707 1707 4406 1711 1711 4407 1710 1710 4408 1709 1709 4409 1711 1711 4410 1712 1712 4411 1710 1710 4412 1715 1713 4413 1714 1714 4414 1713 1715 4415 1716 1716 4416 1714 1714 4417 1715 1713 4418 1716 1716 4419 1717 1717 4420 1714 1714 4421 1718 1718 4422 1717 1717 4423 1716 1716 4424 1718 1718 4425 1719 1719 4426 1717 1717 4427 1722 1720 4428 1721 1721 4429 1720 1722 4430 1723 1723 4431 1721 1721 4432 1722 1720 4433 1723 1723 4434 1724 1724 4435 1721 1721 4436 1725 1725 4437 1724 1724 4438 1723 1723 4439 1728 1726 4440 1727 1727 4441 1726 1728 4442 1729 1729 4443 1727 1727 4444 1728 1726 4445 1729 1729 4446 1730 1730 4447 1727 1727 4448 1731 1731 4449 1730 1730 4450 1729 1729 4451 1734 1732 4452 1733 1733 4453 1732 1734 4454 1735 1735 4455 1733 1733 4456 1734 1732 4457 1735 1735 4458 1736 1736 4459 1733 1733 4460 1737 1737 4461 1736 1736 4462 1735 1735 4463 1740 1738 4464 1739 1739 4465 1738 1740 4466 1741 1741 4467 1739 1739 4468 1740 1738 4469 1741 1741 4470 1742 1742 4471 1739 1739 4472 1743 1743 4473 1742 1742 4474 1741 1741 4475 1746 1744 4476 1745 1745 4477 1744 1746 4478 1747 1747 4479 1745 1745 4480 1746 1744 4481 1747 1747 4482 1748 1748 4483 1745 1745 4484 1749 1749 4485 1748 1748 4486 1747 1747 4487 1752 1750 4488 1751 1751 4489 1750 1752 4490 1753 1753 4491 1751 1751 4492 1752 1750 4493 1753 1753 4494 1754 1754 4495 1751 1751 4496 1755 1755 4497 1754 1754 4498 1753 1753 4499 1758 1756 4500 1757 1757 4501 1756 1758 4502 1759 1759 4503 1757 1757 4504 1758 1756 4505 1759 1759 4506 1760 1760 4507 1757 1757 4508 1761 1761 4509 1760 1760 4510 1759 1759 4511 1764 1762 4512 1763 1763 4513 1762 1764 4514 1765 1765 4515 1763 1763 4516 1764 1762 4517 1765 1765 4518 1766 1766 4519 1763 1763 4520 1767 1767 4521 1766 1766 4522 1765 1765 4523 1770 1768 4524 1769 1769 4525 1768 1770 4526 1771 1771 4527 1769 1769 4528 1770 1768 4529 1771 1771 4530 1772 1772 4531 1769 1769 4532 1773 1773 4533 1772 1772 4534 1771 1771 4535 1776 1774 4536 1775 1775 4537 1774 1776 4538 1777 1777 4539 1775 1775 4540 1776 1774 4541 1777 1777 4542 1778 1778 4543 1775 1775 4544 1779 1779 4545 1778 1778 4546 1777 1777 4547 1782 1780 4548 1781 1781 4549 1780 1782 4550 1783 1783 4551 1781 1781 4552 1782 1780 4553 1783 1783 4554 1784 1784 4555 1781 1781 4556 1785 1785 4557 1784 1784 4558 1783 1783 4559 1788 1786 4560 1787 1787 4561 1786 1788 4562 1789 1789 4563 1787 1787 4564 1788 1786 4565 1789 1789 4566 1790 1790 4567 1787 1787 4568 1791 1791 4569 1790 1790 4570 1789 1789 4571 1794 1792 4572 1793 1793 4573 1792 1794 4574 1795 1795 4575 1793 1793 4576 1794 1792 4577 1795 1795 4578 1796 1796 4579 1793 1793 4580 1797 1797 4581 1796 1796 4582 1795 1795 4583 1800 1798 4584 1799 1799 4585 1798 1800 4586 1801 1801 4587 1799 1799 4588 1800 1798 4589 1801 1801 4590 1802 1802 4591 1799 1799 4592 1803 1803 4593 1802 1802 4594 1801 1801 4595 1806 1804 4596 1805 1805 4597 1804 1806 4598 1807 1807 4599 1805 1805 4600 1806 1804 4601 1807 1807 4602 1808 1808 4603 1805 1805 4604 1809 1809 4605 1808 1808 4606 1807 1807 4607 1812 1810 4608 1811 1811 4609 1810 1812 4610 1813 1813 4611 1811 1811 4612 1812 1810 4613 1813 1813 4614 1814 1814 4615 1811 1811 4616 1815 1815 4617 1814 1814 4618 1813 1813 4619 1818 1816 4620 1817 1817 4621 1816 1818 4622 1819 1819 4623 1817 1817 4624 1818 1816 4625 1819 1819 4626 1820 1820 4627 1817 1817 4628 1823 1821 4629 1822 1822 4630 1821 1823 4631 1824 1824 4632 1822 1822 4633 1823 1821 4634 1824 1824 4635 1825 1825 4636 1822 1822 4637 1828 1826 4638 1827 1827 4639 1826 1828 4640 1829 1829 4641 1827 1827 4642 1828 1826 4643 1829 1829 4644 1830 1830 4645 1827 1827 4646 1833 1831 4647 1832 1832 4648 1831 1833 4649 1834 1834 4650 1832 1832 4651 1833 1831 4652 1834 1834 4653 1835 1835 4654 1832 1832 4655 1838 1836 4656 1837 1837 4657 1836 1838 4658 1839 1839 4659 1837 1837 4660 1838 1836 4661 1839 1839 4662 1840 1840 4663 1837 1837 4664 1843 1841 4665 1842 1842 4666 1841 1843 4667 1844 1844 4668 1842 1842 4669 1843 1841 4670 1844 1844 4671 1845 1845 4672 1842 1842 4673 1848 1846 4674 1847 1847 4675 1846 1848 4676 1849 1849 4677 1847 1847 4678 1848 1846 4679 1849 1849 4680 1850 1850 4681 1847 1847 4682 1853 1851 4683 1852 1852 4684 1851 1853 4685 1854 1854 4686 1852 1852 4687 1853 1851 4688 1854 1854 4689 1855 1855 4690 1852 1852 4691 1858 1856 4692 1857 1857 4693 1856 1858 4694 1859 1859 4695 1857 1857 4696 1858 1856 4697 1859 1859 4698 1860 1860 4699 1857 1857 4700 1863 1861 4701 1862 1862 4702 1861 1863 4703 1864 1864 4704 1862 1862 4705 1863 1861 4706 1864 1864 4707 1865 1865 4708 1862 1862 4709 1868 1866 4710 1867 1867 4711 1866 1868 4712 1869 1869 4713 1867 1867 4714 1868 1866 4715 1869 1869 4716 1870 1870 4717 1867 1867 4718 1873 1871 4719 1872 1872 4720 1871 1873 4721 1874 1874 4722 1872 1872 4723 1873 1871 4724 1874 1874 4725 1875 1875 4726 1872 1872 4727 1878 1876 4728 1877 1877 4729 1876 1878 4730 1879 1879 4731 1877 1877 4732 1878 1876 4733 1879 1879 4734 1880 1880 4735 1877 1877 4736 1883 1881 4737 1882 1882 4738 1881 1883 4739 1884 1884 4740 1882 1882 4741 1883 1881 4742 1884 1884 4743 1885 1885 4744 1882 1882 4745 1888 1886 4746 1887 1887 4747 1886 1888 4748 1889 1889 4749 1887 1887 4750 1888 1886 4751 1889 1889 4752 1890 1890 4753 1887 1887 4754 1893 1891 4755 1892 1892 4756 1891 1893 4757 1894 1894 4758 1892 1892 4759 1893 1891 4760 1894 1894 4761 1895 1895 4762 1892 1892 4763 1898 1896 4764 1897 1897 4765 1896 1898 4766 1899 1899 4767 1897 1897 4768 1898 1896 4769 1899 1899 4770 1900 1900 4771 1897 1897 4772 1903 1901 4773 1902 1902 4774 1901 1903 4775 1904 1904 4776 1902 1902 4777 1903 1901 4778 1904 1904 4779 1905 1905 4780 1902 1902 4781 1908 1906 4782 1907 1907 4783 1906 1908 4784 1909 1909 4785 1907 1907 4786 1908 1906 4787 1909 1909 4788 1910 1910 4789 1907 1907 4790 1913 1911 4791 1912 1912 4792 1911 1913 4793 1914 1914 4794 1912 1912 4795 1913 1911 4796 1914 1914 4797 1915 1915 4798 1912 1912 4799 1918 1916 4800 1917 1917 4801 1916 1918 4802 1919 1919 4803 1917 1917 4804 1918 1916 4805 1919 1919 4806 1920 1920 4807 1917 1917 4808 1923 1921 4809 1922 1922 4810 1921 1923 4811 1924 1924 4812 1922 1922 4813 1923 1921 4814 1924 1924 4815 1925 1925 4816 1922 1922 4817 1928 1926 4818 1927 1927 4819 1926 1928 4820 1929 1929 4821 1927 1927 4822 1928 1926 4823 1929 1929 4824 1930 1930 4825 1927 1927 4826 1933 1931 4827 1932 1932 4828 1931 1933 4829 1934 1934 4830 1932 1932 4831 1933 1931 4832 1934 1934 4833 1935 1935 4834 1932 1932 4835 1938 1936 4836 1937 1937 4837 1936 1938 4838 1939 1939 4839 1937 1937 4840 1938 1936 4841 1939 1939 4842 1940 1940 4843 1937 1937 4844 1943 1941 4845 1942 1942 4846 1941 1943 4847 1944 1944 4848 1942 1942 4849 1943 1941 4850 1944 1944 4851 1945 1945 4852 1942 1942 4853 1948 1946 4854 1947 1947 4855 1946 1948 4856 1949 1949 4857 1947 1947 4858 1948 1946 4859 1949 1949 4860 1950 1950 4861 1947 1947 4862 1953 1951 4863 1952 1952 4864 1951 1953 4865 1954 1954 4866 1952 1952 4867 1953 1951 4868 1954 1954 4869 1955 1955 4870 1952 1952 4871 1958 1956 4872 1957 1957 4873 1956 1958 4874 1959 1959 4875 1957 1957 4876 1958 1956 4877 1959 1959 4878 1960 1960 4879 1957 1957 4880 1963 1961 4881 1962 1962 4882 1961 1963 4883 1964 1964 4884 1962 1962 4885 1963 1961 4886 1964 1964 4887 1965 1965 4888 1962 1962 4889 1968 1966 4890 1967 1967 4891 1966 1968 4892 1969 1969 4893 1967 1967 4894 1968 1966 4895 1969 1969 4896 1970 1970 4897 1967 1967 4898 1973 1971 4899 1972 1972 4900 1971 1973 4901 1974 1974 4902 1972 1972 4903 1973 1971 4904 1974 1974 4905 1975 1975 4906 1972 1972 4907 1978 1976 4908 1977 1977 4909 1976 1978 4910 1979 1979 4911 1977 1977 4912 1978 1976 4913 1979 1979 4914 1980 1980 4915 1977 1977 4916 1983 1981 4917 1982 1982 4918 1981 1983 4919 1984 1984 4920 1982 1982 4921 1983 1981 4922 1984 1984 4923 1985 1985 4924 1982 1982 4925 1988 1986 4926 1987 1987 4927 1986 1988 4928 1989 1989 4929 1987 1987 4930 1988 1986 4931 1989 1989 4932 1990 1990 4933 1987 1987 4934 1993 1991 4935 1992 1992 4936 1991 1993 4937 1994 1994 4938 1992 1992 4939 1993 1991 4940 1994 1994 4941 1995 1995 4942 1992 1992 4943 1998 1996 4944 1997 1997 4945 1996 1998 4946 1999 1999 4947 1997 1997 4948 1998 1996 4949 1999 1999 4950 2000 2000 4951 1997 1997 4952 2003 2001 4953 2002 2002 4954 2001 2003 4955 2004 2004 4956 2002 2002 4957 2003 2001 4958 2004 2004 4959 2005 2005 4960 2002 2002 4961 2008 2006 4962 2007 2007 4963 2006 2008 4964 2009 2009 4965 2007 2007 4966 2008 2006 4967 2009 2009 4968 2010 2010 4969 2007 2007 4970 2013 2011 4971 2012 2012 4972 2011 2013 4973 2014 2014 4974 2012 2012 4975 2013 2011 4976 2014 2014 4977 2015 2015 4978 2012 2012 4979 2018 2016 4980 2017 2017 4981 2016 2018 4982 2019 2019 4983 2017 2017 4984 2018 2016 4985 2019 2019 4986 2020 2020 4987 2017 2017 4988 2023 2021 4989 2022 2022 4990 2021 2023 4991 2024 2024 4992 2022 2022 4993 2023 2021 4994 2024 2024 4995 2025 2025 4996 2022 2022 4997 2028 2026 4998 2027 2027 4999 2026 2028 5000 2029 2029 5001 2027 2027 5002 2028 2026 5003 2029 2029 5004 2030 2030 5005 2027 2027 5006 2033 2031 5007 2032 2032 5008 2031 2033 5009 2034 2034 5010 2032 2032 5011 2033 2031 5012 2034 2034 5013 2035 2035 5014 2032 2032 5015 2038 2036 5016 2037 2037 5017 2036 2038 5018 2039 2039 5019 2037 2037 5020 2038 2036 5021 2039 2039 5022 2040 2040 5023 2037 2037 5024 2043 2041 5025 2042 2042 5026 2041 2043 5027 2044 2044 5028 2042 2042 5029 2043 2041 5030 2044 2044 5031 2045 2045 5032 2042 2042 5033 2048 2046 5034 2047 2047 5035 2046 2048 5036 2049 2049 5037 2047 2047 5038 2048 2046 5039 2049 2049 5040 2050 2050 5041 2047 2047 5042 2053 2051 5043 2052 2052 5044 2051 2053 5045 2054 2054 5046 2052 2052 5047 2053 2051 5048 2054 2054 5049 2055 2055 5050 2052 2052 5051 2058 2056 5052 2057 2057 5053 2056 2058 5054 2059 2059 5055 2057 2057 5056 2058 2056 5057 2059 2059 5058 2060 2060 5059 2057 2057 5060 2063 2061 5061 2062 2062 5062 2061 2063 5063 2064 2064 5064 2062 2062 5065 2063 2061 5066 2064 2064 5067 2065 2065 5068 2062 2062 5069 2068 2066 5070 2067 2067 5071 2066 2068 5072 2069 2069 5073 2067 2067 5074 2068 2066 5075 2069 2069 5076 2070 2070 5077 2067 2067 5078 2073 2071 5079 2072 2072 5080 2071 2073 5081 2074 2074 5082 2072 2072 5083 2073 2071 5084 2074 2074 5085 2075 2075 5086 2072 2072 5087 2078 2076 5088 2077 2077 5089 2076 2078 5090 2079 2079 5091 2077 2077 5092 2078 2076 5093 2079 2079 5094 2080 2080 5095 2077 2077 5096 2083 2081 5097 2082 2082 5098 2081 2083 5099 2084 2084 5100 2082 2082 5101 2083 2081 5102 2084 2084 5103 2085 2085 5104 2082 2082 5105 2088 2086 5106 2087 2087 5107 2086 2088 5108 2089 2089 5109 2087 2087 5110 2088 2086 5111 2089 2089 5112 2090 2090 5113 2087 2087 5114 2093 2091 5115 2092 2092 5116 2091 2093 5117 2094 2094 5118 2092 2092 5119 2093 2091 5120 2094 2094 5121 2095 2095 5122 2092 2092 5123 2098 2096 5124 2097 2097 5125 2096 2098 5126 2099 2099 5127 2097 2097 5128 2098 2096 5129 2099 2099 5130 2100 2100 5131 2097 2097 5132 2103 2101 5133 2102 2102 5134 2101 2103 5135 2104 2104 5136 2102 2102 5137 2103 2101 5138 2104 2104 5139 2105 2105 5140 2102 2102 5141 2108 2106 5142 2107 2107 5143 2106 2108 5144 2109 2109 5145 2107 2107 5146 2108 2106 5147 2109 2109 5148 2110 2110 5149 2107 2107 5150 2113 2111 5151 2112 2112 5152 2111 2113 5153 2114 2114 5154 2112 2112 5155 2113 2111 5156 2114 2114 5157 2115 2115 5158 2112 2112 5159 2118 2116 5160 2117 2117 5161 2116 2118 5162 2119 2119 5163 2117 2117 5164 2118 2116 5165 2119 2119 5166 2120 2120 5167 2117 2117 5168 2123 2121 5169 2122 2122 5170 2121 2123 5171 2124 2124 5172 2122 2122 5173 2123 2121 5174 2124 2124 5175 2125 2125 5176 2122 2122 5177 2128 2126 5178 2127 2127 5179 2126 2128 5180 2129 2129 5181 2127 2127 5182 2128 2126 5183 2129 2129 5184 2130 2130 5185 2127 2127 5186 2133 2131 5187 2132 2132 5188 2131 2133 5189 2134 2134 5190 2132 2132 5191 2133 2131 5192 2134 2134 5193 2135 2135 5194 2132 2132 5195 2138 2136 5196 2137 2137 5197 2136 2138 5198 2139 2139 5199 2137 2137 5200 2138 2136 5201 2139 2139 5202 2140 2140 5203 2137 2137 5204 2143 2141 5205 2142 2142 5206 2141 2143 5207 2144 2144 5208 2142 2142 5209 2143 2141 5210 2144 2144 5211 2145 2145 5212 2142 2142 5213 2148 2146 5214 2147 2147 5215 2146 2148 5216 2149 2149 5217 2147 2147 5218 2148 2146 5219 2149 2149 5220 2150 2150 5221 2147 2147 5222 2153 2151 5223 2152 2152 5224 2151 2153 5225 2154 2154 5226 2152 2152 5227 2153 2151 5228 2154 2154 5229 2155 2155 5230 2152 2152 5231 2158 2156 5232 2157 2157 5233 2156 2158 5234 2159 2159 5235 2157 2157 5236 2158 2156 5237 2159 2159 5238 2160 2160 5239 2157 2157 5240 2163 2161 5241 2162 2162 5242 2161 2163 5243 2164 2164 5244 2162 2162 5245 2163 2161 5246 2164 2164 5247 2165 2165 5248 2162 2162 5249 2168 2166 5250 2167 2167 5251 2166 2168 5252 2169 2169 5253 2167 2167 5254 2168 2166 5255 2169 2169 5256 2170 2170 5257 2167 2167 5258 2173 2171 5259 2172 2172 5260 2171 2173 5261 2174 2174 5262 2172 2172 5263 2173 2171 5264 2174 2174 5265 2175 2175 5266 2172 2172 5267 2178 2176 5268 2177 2177 5269 2176 2178 5270 2179 2179 5271 2177 2177 5272 2178 2176 5273 2179 2179 5274 2180 2180 5275 2177 2177 5276 2183 2181 5277 2182 2182 5278 2181 2183 5279 2184 2184 5280 2182 2182 5281 2183 2181 5282 2184 2184 5283 2185 2185 5284 2182 2182 5285 2188 2186 5286 2187 2187 5287 2186 2188 5288 2189 2189 5289 2187 2187 5290 2188 2186 5291 2189 2189 5292 2190 2190 5293 2187 2187 5294 2193 2191 5295 2192 2192 5296 2191 2193 5297 2194 2194 5298 2192 2192 5299 2193 2191 5300 2194 2194 5301 2195 2195 5302 2192 2192 5303 2198 2196 5304 2197 2197 5305 2196 2198 5306 2199 2199 5307 2197 2197 5308 2198 2196 5309 2199 2199 5310 2200 2200 5311 2197 2197 5312 2203 2201 5313 2202 2202 5314 2201 2203 5315 2204 2204 5316 2202 2202 5317 2203 2201 5318 2204 2204 5319 2205 2205 5320 2202 2202 5321 2208 2206 5322 2207 2207 5323 2206 2208 5324 2209 2209 5325 2207 2207 5326 2208 2206 5327 2209 2209 5328 2210 2210 5329 2207 2207 5330 2213 2211 5331 2212 2212 5332 2211 2213 5333 2214 2214 5334 2212 2212 5335 2213 2211 5336 2214 2214 5337 2215 2215 5338 2212 2212 5339 2218 2216 5340 2217 2217 5341 2216 2218 5342 2219 2219 5343 2217 2217 5344 2218 2216 5345 2219 2219 5346 2220 2220 5347 2217 2217 5348 2223 2221 5349 2222 2222 5350 2221 2223 5351 2224 2224 5352 2222 2222 5353 2223 2221 5354 2224 2224 5355 2225 2225 5356 2222 2222 5357 2228 2226 5358 2227 2227 5359 2226 2228 5360 2229 2229 5361 2227 2227 5362 2228 2226 5363 2229 2229 5364 2230 2230 5365 2227 2227 5366 2233 2231 5367 2232 2232 5368 2231 2233 5369 2234 2234 5370 2232 2232 5371 2233 2231 5372 2237 2235 5373 2236 2236 5374 2235 2237 5375 2238 2238 5376 2236 2236 5377 2237 2235 5378 2241 2239 5379 2240 2240 5380 2239 2241 5381 2242 2242 5382 2240 2240 5383 2241 2239 5384 2245 2243 5385 2244 2244 5386 2243 2245 5387 2246 2246 5388 2244 2244 5389 2245 2243 5390 2249 2247 5391 2248 2248 5392 2247 2249 5393 2250 2250 5394 2248 2248 5395 2249 2247 5396 2253 2251 5397 2252 2252 5398 2251 2253 5399 2254 2254 5400 2252 2252 5401 2253 2251 5402 2257 2255 5403 2256 2256 5404 2255 2257 5405 2258 2258 5406 2256 2256 5407 2257 2255 5408 2261 2259 5409 2260 2260 5410 2259 2261 5411 2262 2262 5412 2260 2260 5413 2261 2259 5414 2265 2263 5415 2264 2264 5416 2263 2265 5417 2266 2266 5418 2264 2264 5419 2265 2263 5420 2269 2267 5421 2268 2268 5422 2267 2269 5423 2270 2270 5424 2268 2268 5425 2269 2267 5426 2273 2271 5427 2272 2272 5428 2271 2273 5429 2274 2274 5430 2272 2272 5431 2273 2271 5432 2277 2275 5433 2276 2276 5434 2275 2277 5435 2278 2278 5436 2276 2276 5437 2277 2275 5438 2281 2279 5439 2280 2280 5440 2279 2281 5441 2282 2282 5442 2280 2280 5443 2281 2279 5444 2285 2283 5445 2284 2284 5446 2283 2285 5447 2286 2286 5448 2284 2284 5449 2285 2283 5450 2289 2287 5451 2288 2288 5452 2287 2289 5453 2290 2290 5454 2288 2288 5455 2289 2287 5456 2293 2291 5457 2292 2292 5458 2291 2293 5459 2294 2294 5460 2292 2292 5461 2293 2291 5462 2297 2295 5463 2296 2296 5464 2295 2297 5465 2298 2298 5466 2296 2296 5467 2297 2295 5468 2301 2299 5469 2300 2300 5470 2299 2301 5471 2302 2302 5472 2300 2300 5473 2301 2299 5474 2305 2303 5475 2304 2304 5476 2303 2305 5477 2306 2306 5478 2304 2304 5479 2305 2303 5480 2309 2307 5481 2308 2308 5482 2307 2309 5483 2310 2310 5484 2308 2308 5485 2309 2307 5486 2313 2311 5487 2312 2312 5488 2311 2313 5489 2314 2314 5490 2312 2312 5491 2313 2311 5492 2317 2315 5493 2316 2316 5494 2315 2317 5495 2318 2318 5496 2316 2316 5497 2317 2315 5498 2321 2319 5499 2320 2320 5500 2319 2321 5501 2322 2322 5502 2320 2320 5503 2321 2319 5504 2325 2323 5505 2324 2324 5506 2323 2325 5507 2326 2326 5508 2324 2324 5509 2325 2323 5510 2329 2327 5511 2328 2328 5512 2327 2329 5513 2330 2330 5514 2328 2328 5515 2329 2327 5516 2333 2331 5517 2332 2332 5518 2331 2333 5519 2334 2334 5520 2332 2332 5521 2333 2331 5522 2337 2335 5523 2336 2336 5524 2335 2337 5525 2338 2338 5526 2336 2336 5527 2337 2335 5528 2341 2339 5529 2340 2340 5530 2339 2341 5531 2342 2342 5532 2340 2340 5533 2341 2339 5534 2345 2343 5535 2344 2344 5536 2343 2345 5537 2346 2346 5538 2344 2344 5539 2345 2343 5540 2349 2347 5541 2348 2348 5542 2347 2349 5543 2350 2350 5544 2348 2348 5545 2349 2347 5546 2353 2351 5547 2352 2352 5548 2351 2353 5549 2354 2354 5550 2352 2352 5551 2353 2351 5552 2357 2355 5553 2356 2356 5554 2355 2357 5555 2358 2358 5556 2356 2356 5557 2357 2355 5558 2361 2359 5559 2360 2360 5560 2359 2361 5561 2362 2362 5562 2360 2360 5563 2361 2359 5564 2365 2363 5565 2364 2364 5566 2363 2365 5567 2366 2366 5568 2364 2364 5569 2365 2363 5570 2369 2367 5571 2368 2368 5572 2367 2369 5573 2370 2370 5574 2368 2368 5575 2369 2367 5576 2373 2371 5577 2372 2372 5578 2371 2373 5579 2376 2374 5580 2375 2375 5581 2374 2376 5582 2379 2377 5583 2378 2378 5584 2377 2379 5585 2382 2380 5586 2381 2381 5587 2380 2382 5588 2385 2383 5589 2384 2384 5590 2383 2385 5591 2388 2386 5592 2387 2387 5593 2386 2388 5594 2391 2389 5595 2390 2390 5596 2389 2391 5597 2394 2392 5598 2393 2393 5599 2392 2394 5600 2397 2395 5601 2396 2396 5602 2395 2397 5603 2400 2398 5604 2399 2399 5605 2398 2400 5606 2403 2401 5607 2402 2402 5608 2401 2403 5609 2406 2404 5610 2405 2405 5611 2404 2406 5612 2409 2407 5613 2408 2408 5614 2407 2409 5615 2412 2410 5616 2411 2411 5617 2410 2412 5618 2415 2413 5619 2414 2414 5620 2413 2415 5621 2418 2416 5622 2417 2417 5623 2416 2418 5624 2421 2419 5625 2420 2420 5626 2419 2421 5627 2424 2422 5628 2423 2423 5629 2422 2424 5630 2427 2425 5631 2426 2426 5632 2425 2427 5633 2430 2428 5634 2429 2429 5635 2428 2430 5636 2433 2431 5637 2432 2432 5638 2431 2433 5639 2436 2434 5640 2435 2435 5641 2434 2436 5642 2439 2437 5643 2438 2438 5644 2437 2439 5645 2442 2440 5646 2441 2441 5647 2440 2442 5648 2445 2443 5649 2444 2444 5650 2443 2445 5651 2448 2446 5652 2447 2447 5653 2446 2448 5654 2451 2449 5655 2450 2450 5656 2449 2451 5657 2454 2452 5658 2453 2453 5659 2452 2454 5660 2457 2455 5661 2456 2456 5662 2455 2457 5663 2460 2458 5664 2459 2459 5665 2458 2460 5666 2463 2461 5667 2462 2462 5668 2461 2463 5669 2466 2464 5670 2465 2465 5671 2464 2466 5672 2469 2467 5673 2468 2468 5674 2467 2469 5675 2472 2470 5676 2471 2471 5677 2470 2472 5678 2475 2473 5679 2474 2474 5680 2473 2475 5681 2478 2476 5682 2477 2477 5683 2476 2478 5684 2481 2479 5685 2480 2480 5686 2479 2481 5687 2484 2482 5688 2483 2483 5689 2482 2484 5690 2487 2485 5691 2486 2486 5692 2485 2487 5693 2490 2488 5694 2489 2489 5695 2488 2490 5696 2493 2491 5697 2492 2492 5698 2491 2493 5699 2496 2494 5700 2495 2495 5701 2494 2496 5702 2499 2497 5703 2498 2498 5704 2497 2499 5705 2502 2500 5706 2501 2501 5707 2500 2502 5708 2505 2503 5709 2504 2504 5710 2503 2505 5711 2508 2506 5712 2507 2507 5713 2506 2508 5714 2511 2509 5715 2510 2510 5716 2509 2511 5717 2514 2512 5718 2513 2513 5719 2512 2514 5720 2517 2515 5721 2516 2516 5722 2515 2517 5723 2520 2518 5724 2519 2519 5725 2518 2520 5726 2523 2521 5727 2522 2522 5728 2521 2523 5729 2526 2524 5730 2525 2525 5731 2524 2526 5732 2529 2527 5733 2528 2528 5734 2527 2529 5735 2532 2530 5736 2531 2531 5737 2530 2532 5738 2535 2533 5739 2534 2534 5740 2533 2535 5741 2538 2536 5742 2537 2537 5743 2536 2538 5744 2541 2539 5745 2540 2540 5746 2539 2541 5747 2544 2542 5748 2543 2543 5749 2542 2544 5750 2547 2545 5751 2546 2546 5752 2545 2547 5753 2550 2548 5754 2549 2549 5755 2548 2550 5756 2553 2551 5757 2552 2552 5758 2551 2553 5759 2556 2554 5760 2555 2555 5761 2554 2556 5762 2559 2557 5763 2558 2558 5764 2557 2559 5765 2562 2560 5766 2561 2561 5767 2560 2562 5768 2565 2563 5769 2564 2564 5770 2563 2565 5771 2568 2566 5772 2567 2567 5773 2566 2568 5774 2571 2569 5775 2570 2570 5776 2569 2571 5777 2574 2572 5778 2573 2573 5779 2572 2574 5780 2577 2575 5781 2576 2576 5782 2575 2577 5783 2580 2578 5784 2579 2579 5785 2578 2580 5786 2583 2581 5787 2582 2582 5788 2581 2583 5789 2586 2584 5790 2585 2585 5791 2584 2586 5792 2589 2587 5793 2588 2588 5794 2587 2589 5795 2592 2590 5796 2591 2591 5797 2590 2592 5798 2595 2593 5799 2594 2594 5800 2593 2595 5801 2598 2596 5802 2597 2597 5803 2596 2598 5804 2601 2599 5805 2600 2600 5806 2599 2601 5807 2604 2602 5808 2603 2603 5809 2602 2604 5810 2607 2605 5811 2606 2606 5812 2605 2607 5813 2610 2608 5814 2609 2609 5815 2608 2610 5816 2613 2611 5817 2612 2612 5818 2611 2613 5819 2616 2614 5820 2615 2615 5821 2614 2616 5822 2619 2617 5823 2618 2618 5824 2617 2619 5825 2622 2620 5826 2621 2621 5827 2620 2622 5828 2625 2623 5829 2624 2624 5830 2623 2625 5831 2628 2626 5832 2627 2627 5833 2626 2628 5834 2631 2629 5835 2630 2630 5836 2629 2631 5837 2634 2632 5838 2633 2633 5839 2632 2634 5840 2637 2635 5841 2636 2636 5842 2635 2637 5843 2640 2638 5844 2639 2639 5845 2638 2640 5846 2643 2641 5847 2642 2642 5848 2641 2643 5849 2646 2644 5850 2645 2645 5851 2644 2646 5852 2649 2647 5853 2648 2648 5854 2647 2649 5855 2652 2650 5856 2651 2651 5857 2650 2652 5858 2655 2653 5859 2654 2654 5860 2653 2655 5861</p>
        </triangles>
      </mesh>
    </geometry>
    <geometry id="Mesh_0301_rip-mesh" name="Mesh_0301.rip">
      <mesh>
        <source id="Mesh_0301_rip-mesh-positions">
          <float_array id="Mesh_0301_rip-mesh-positions-array" count="2127">-0.2742029 -0.2576114 -0.5733896 -0.2742025 -0.2773065 -0.5540499 -0.274203 -0.2842339 -0.6343101 -0.2742021 -0.3157255 -0.6316013 -0.2549238 -0.286172 -0.5451189 -0.2548497 -0.3281444 -0.6304507 -0.1039271 -0.348103 -0.6137372 -0.1456506 -0.31039 -0.7101088 -0.0965895 -0.3253726 -0.7069345 -0.1436602 -0.2281501 -0.8526039 -0.07523864 -0.2344899 -0.8616648 0 -0.2022891 -0.8840894 0.07523733 -0.234486 -0.8616504 0.143658 -0.2281466 -0.8525907 0.09658801 -0.3253676 -0.7069237 0.1456483 -0.3103848 -0.7100969 0.1039255 -0.3480976 -0.6137278 0.2548458 -0.3281393 -0.6304408 0.2549199 -0.2861676 -0.5451105 0.2741979 -0.3157206 -0.6315916 0.2741984 -0.2773023 -0.5540415 0.2741987 -0.2842295 -0.6343003 0.2741986 -0.2576074 -0.5733807 0.2633321 -0.1260769 -0.5499934 0.2633321 -0.2089149 -0.5843061 0.1538393 -0.1260768 -0.5499929 0.1538393 -0.2089148 -0.5843056 0.2633321 -0.2407512 -0.6671442 0.1538394 -0.240751 -0.6671436 0.2633321 -0.208915 -0.7499823 0.1538394 -0.2089148 -0.7499817 0.2633322 -0.1260769 -0.7842952 0.1538394 -0.1260768 -0.7842944 0.2633323 -0.04611831 -0.7462111 0.1538394 -0.04611825 -0.7462105 0.2633323 -0.01300162 -0.6671445 0.1538394 -0.01300162 -0.6671439 0.2633323 -0.04323893 -0.5843065 0.1538394 -0.04323887 -0.584306 0.2633321 -0.1260769 -0.5499934 0.1538393 -0.1260768 -0.5499929 -0.1411596 -0.1260771 -0.5499942 -0.1411596 -0.2089152 -0.5843067 -0.2523407 -0.126077 -0.5499939 -0.2523407 -0.2089152 -0.5843067 -0.1411597 -0.2432279 -0.6671451 -0.2523409 -0.2432279 -0.667145 -0.1411597 -0.2089153 -0.7499834 -0.2523409 -0.2089153 -0.7499834 -0.1411597 -0.1260771 -0.7842963 -0.252341 -0.1260771 -0.7842963 -0.1411597 -0.04426026 -0.744746 -0.252341 -0.04426026 -0.744746 -0.1411598 -0.01177501 -0.6671457 -0.2523411 -0.01177501 -0.6671456 -0.1411598 -0.04323899 -0.5843077 -0.2523412 -0.04323899 -0.5843076 -0.1411596 -0.1260771 -0.5499942 -0.2523407 -0.126077 -0.5499939 0.3207721 -0.1435654 0.8274996 0.3207721 -0.234736 0.7897354 0.2152998 -0.1435653 0.8274993 0.2152999 -0.234736 0.7897354 0.3207722 -0.2725002 0.6985651 0.2152999 -0.2725002 0.698565 0.3207723 -0.2347362 0.6073945 0.2153 -0.2347361 0.6073944 0.3207724 -0.1435654 0.5696305 0.2153 -0.1435654 0.5696304 0.3207725 -0.05239474 0.6073948 0.2153001 -0.05239474 0.6073948 0.3207725 -0.01463061 0.6985658 0.2153001 -0.01463061 0.6985657 0.3207726 -0.0523948 0.7897367 0.2153002 -0.0523948 0.7897366 0.3207721 -0.1435654 0.8274996 0.2152998 -0.1435653 0.8274993 -0.2148879 -0.1435657 0.8275011 -0.2148878 -0.2347365 0.789737 -0.3196684 -0.1435656 0.8275008 -0.3196684 -0.2347364 0.7897369 -0.2148879 -0.2725008 0.6985664 -0.3196685 -0.2725008 0.6985664 -0.2148879 -0.2347366 0.6073957 -0.3196686 -0.2347366 0.6073956 -0.214888 -0.1435657 0.5696315 -0.3196687 -0.1435657 0.5696315 -0.214888 -0.0523948 0.607396 -0.3196687 -0.0523948 0.607396 -0.2148881 -0.01463061 0.6985671 -0.3196688 -0.01463061 0.698567 -0.2148882 -0.05239486 0.7897382 -0.3196689 -0.05239486 0.7897381 -0.2148879 -0.1435657 0.8275011 -0.3196684 -0.1435656 0.8275008 0.1938154 -0.7218675 0.7582746 0.202813 -0.7239119 0.8045104 0.1609848 -0.6126016 0.7481041 0.1697219 -0.6104873 0.7849933 0 -0.7245001 0.829683 0 -0.5777924 0.8108258 -0.1697246 -0.6104971 0.7850059 -0.1609874 -0.6126114 0.7481161 -0.2028163 -0.7239235 0.8045232 -0.1938183 -0.7218784 0.7582861 -0.1919673 -0.8289176 0.8079866 -0.1828584 -0.8269752 0.7662967 0 -0.8737472 0.8430315 0 -0.8627063 0.8051208 0.1828556 -0.8269625 0.7662849 0.2626848 -0.4828736 0.353479 0 -0.3906578 0.3339841 0 -0.4927101 0.3375272 -0.2626888 -0.4828811 0.3534845 -0.2716221 -0.4023822 0.3416467 -0.2611466 -0.4799601 0.5840286 -0.2786814 -0.4291483 0.5832561 -0.2146595 -0.4991062 0.7539488 -0.2414475 -0.4355765 0.7625565 0 -0.4396562 0.7950732 0 -0.3806706 0.5986022 0.2414438 -0.4355697 0.7625446 0.2786772 -0.4291418 0.5832472 0.2146562 -0.4990985 0.7539372 0.2611427 -0.4799529 0.5840199 0.1308824 -0.1828908 -0.8922837 0.1226213 -0.193911 -0.8882549 0.1239753 -0.1853566 -0.8942728 0 -0.1845529 -0.912931 0 -0.1926959 -0.9054374 -0.1226233 -0.193914 -0.8882688 -0.1239774 -0.2024685 -0.8942873 -0.1364723 -0.1890207 -0.8844449 -0.1446988 -0.1951732 -0.8883196 -0.1445374 -0.1687355 -0.8822166 -0.1556047 -0.1687354 -0.8851774 -0.1446986 -0.1366766 -0.8883183 0.1239755 -0.2024653 -0.8942734 0.1364701 -0.1890177 -0.884431 0.1446965 -0.1951702 -0.8883057 0.1445353 -0.1687331 -0.8822041 0.1360663 -0.1687331 -0.8907899 0.13647 -0.1428429 -0.8844302 0.1308823 -0.1489857 -0.8922828 0.1226212 -0.1379816 -0.8882541 0.1239752 -0.1465358 -0.8942719 0 -0.139501 -0.9035041 0 -0.1476171 -0.9110249 -0.1239771 -0.1465381 -0.8942857 0.1446965 -0.1951702 -0.8883057 0.1445353 -0.1687331 -0.8822041 0.1556025 -0.168733 -0.8851649 0.1446964 -0.1366745 -0.8883048 0.13647 -0.1428429 -0.8844302 0.1239753 -0.1294274 -0.8942724 0.1226212 -0.1379816 -0.8882541 0 -0.1313356 -0.9110094 0 -0.139501 -0.9035041 -0.122623 -0.1379837 -0.8882673 -0.1239771 -0.1465381 -0.8942857 -0.1308842 -0.1489879 -0.8922962 0.1446965 -0.1951702 -0.8883057 0.1253296 -0.1939111 -0.9002919 0.1239755 -0.2024653 -0.8942734 0 -0.2008319 -0.9129311 0 -0.1926925 -0.9204414 -0.1253315 -0.1939141 -0.9003059 -0.1239773 -0.1853596 -0.894287 -0.1391111 -0.1890208 -0.8961729 -0.1308845 -0.1828937 -0.8922977 -0.1471357 -0.1687356 -0.8937649 -0.1360684 -0.1687358 -0.8908036 -0.1308842 -0.1489879 -0.8922962 0.1239753 -0.1853566 -0.8942728 0.1391089 -0.1890178 -0.8961591 0.1308824 -0.1828908 -0.8922837 0.1471336 -0.1687332 -0.8937522 0.1556025 -0.168733 -0.8851649 0.1391087 -0.142843 -0.8961579 0.1446964 -0.1366745 -0.8883048 0.1253294 -0.1379817 -0.9002909 0.1239753 -0.1294274 -0.8942724 0 -0.1394775 -0.9185352 0 -0.1313356 -0.9110094 -0.1239772 -0.1294293 -0.8942861 0.1308824 -0.1828908 -0.8922837 0.1471336 -0.1687332 -0.8937522 0.1360663 -0.1687331 -0.8907899 0.1308823 -0.1489857 -0.8922828 0.1391087 -0.142843 -0.8961579 0.1239752 -0.1465358 -0.8942719 0.1253294 -0.1379817 -0.9002909 0 -0.1476171 -0.9110249 0 -0.1394775 -0.9185352 -0.1253314 -0.1379838 -0.9003048 -0.1239772 -0.1294293 -0.8942861 -0.1446986 -0.1366766 -0.8883183 0.05492287 -0.6100431 -0.8909561 -0.04596489 -0.5942783 -0.8997023 -0.05492371 -0.6100524 -0.8909698 -0.04924303 -0.5031825 -0.8519423 -0.04281336 -0.5115403 -0.8483075 0.04281336 -0.5115401 -0.8483072 -0.03996324 -0.5907417 -0.8898316 0.03996324 -0.5907416 -0.8898314 0.04596489 -0.5942783 -0.8997022 0.04924303 -0.5031823 -0.851942 0.05880421 -0.500792 -0.8373138 -0.0588051 -0.5007997 -0.8373267 0.2341802 -0.1805772 0.3801028 0.2959401 -0.3239195 0.6447567 0.295247 -0.1714044 0.3796352 0.2952476 -0.1435188 0.3796201 0.2959405 -0.2837821 0.6447586 0.187125 -0.2837084 0.6448463 0.2959401 -0.2837806 0.8143271 0.1576774 -0.2837281 0.7932995 0.2959402 -0.2511737 0.9371753 0.1577324 -0.2517654 0.937175 0.1577324 -0.2790307 0.9371751 -0.2840714 -0.1517722 0.1437724 -0.2952516 -0.1714071 0.3796411 -0.2341838 -0.18058 0.3801087 -0.2959446 -0.3239246 0.6447667 -0.2952521 -0.143521 0.3796259 -0.2959451 -0.2837865 0.6447684 -0.1871279 -0.2837128 0.6448563 -0.295945 -0.2837854 0.8143405 -0.1576791 -0.2837311 0.7933079 -0.2959451 -0.2511779 0.9371908 -0.1577351 -0.2517697 0.937191 0.1763327 -0.560418 -0.7596965 0.1793186 -0.5943269 -0.7486608 0.007568717 -0.5857016 -0.7907667 0.009895205 -0.6112729 -0.7827773 0.1891786 -0.6050952 -0.7819641 0.01729053 -0.6193497 -0.8077565 0.1862776 -0.5708668 -0.7938895 0.01511466 -0.5936768 -0.816701 0.1763327 -0.560418 -0.7596965 0.007568717 -0.5857016 -0.7907667 0.07757002 -0.1564853 0.7989558 -0.07757121 -0.1564878 0.7989686 0.07760477 -0.08821636 0.7989754 -0.07760602 -0.08821773 0.7989881 -0.07761269 -0.08822363 0.792675 0.07760477 -0.08821636 0.7989754 0.07761144 -0.08822226 0.7926627 0.07757002 -0.1564853 0.7989558 0.07757729 -0.1564909 0.7926446 -0.07757854 -0.1564934 0.7926568 -0.02436339 -0.5324543 -0.7952261 -0.02513575 -0.3616971 -0.6371768 -0.02391445 -0.5513212 -0.751431 0.02391409 -0.5513129 -0.7514196 0.02513533 -0.3616914 -0.6371667 0.02436298 -0.5324463 -0.7952141 0.02128362 -0.3506454 -0.686694 -0.02436339 -0.5324543 -0.7952261 -0.02128398 -0.3506508 -0.6867046 -0.02513575 -0.3616971 -0.6371768 -0.1239772 -0.1294293 -0.8942861 -0.136472 -0.142845 -0.8844432 -0.1446986 -0.1366766 -0.8883183 -0.1445374 -0.1687355 -0.8822166 -0.1360684 -0.1687358 -0.8908036 -0.1364723 -0.1890207 -0.8844449 -0.1308845 -0.1828937 -0.8922977 -0.1226233 -0.193914 -0.8882688 -0.1239773 -0.1853596 -0.894287 0 -0.1845529 -0.912931 -0.1239771 -0.1465381 -0.8942857 -0.1391108 -0.1428452 -0.8961716 -0.1308842 -0.1489879 -0.8922962 -0.1471357 -0.1687356 -0.8937649 -0.1556047 -0.1687354 -0.8851774 -0.1391111 -0.1890208 -0.8961729 -0.1446988 -0.1951732 -0.8883196 -0.1253315 -0.1939141 -0.9003059 -0.1239774 -0.2024685 -0.8942873 0 -0.2008319 -0.9129311 0.2354377 -0.133899 -0.8386589 0.2319113 -0.2058126 -0.8482894 0.2741982 -0.2561963 -0.725398 0.2741979 -0.2890498 -0.7350528 0.2241739 -0.2283253 -0.8444252 0.255336 -0.3021702 -0.7346368 0.2244005 -0.3064849 -0.7345505 0.2548458 -0.3281393 -0.6304408 0.1456483 -0.3103848 -0.7100969 0.2741986 -0.2576074 -0.5733807 0.09716784 -0.2576074 -0.5733805 0.2741987 -0.2842295 -0.6343003 0.09708988 -0.2842293 -0.6342977 0.08524447 -0.09518724 -0.6885482 0.09365737 -0.2561951 -0.7254008 0.084154 -0.1098135 -0.8088768 0.2741982 -0.2561963 -0.725398 0.2354377 -0.133899 -0.8386589 0 -0.2022891 -0.8840894 -0.2319149 -0.2058158 -0.8483026 -0.1436602 -0.2281501 -0.8526039 -0.2241773 -0.2283288 -0.844438 -0.2742021 -0.2890542 -0.735064 -0.2553399 -0.3021748 -0.7346481 -0.2548497 -0.3281444 -0.6304507 -0.224404 -0.3064897 -0.7345619 -0.1456506 -0.31039 -0.7101088 -0.2354413 -0.1339011 -0.8386717 -0.08415532 -0.1098152 -0.8088892 -0.2742024 -0.2562003 -0.725409 -0.09365886 -0.2561991 -0.725412 -0.08524578 -0.09518873 -0.6885588 -0.09709137 -0.2842336 -0.6343073 -0.09716933 -0.2576113 -0.5733894 -0.274203 -0.2842339 -0.6343101 -0.2742029 -0.2576114 -0.5733896 -0.006099641 -0.5857109 -0.7907792 -0.008426189 -0.6112828 -0.78279 -0.1778523 -0.5943364 -0.7486727 -0.1877124 -0.6051049 -0.7819766 -0.01582163 -0.6193596 -0.8077694 -0.1848114 -0.570876 -0.7939022 -0.0136457 -0.5936862 -0.8167141 -0.1748663 -0.560427 -0.7597085 -0.006099641 -0.5857109 -0.7907792 0.2241739 -0.2283253 -0.8444252 0.2319113 -0.2058126 -0.8482894 0.143658 -0.2281466 -0.8525907 0 -0.2022891 -0.8840894 0 -0.1339317 -0.8838288 -0.2319149 -0.2058158 -0.8483026 -0.2354413 -0.1339011 -0.8386717 -0.2742024 -0.2562003 -0.725409 0.1360663 -0.1687331 -0.8907899 0.1364701 -0.1890177 -0.884431 0.1308824 -0.1828908 -0.8922837 0.1226213 -0.193911 -0.8882549 0.1239755 -0.2024653 -0.8942734 0 -0.1926959 -0.9054374 0 -0.2008319 -0.9129311 -0.1239774 -0.2024685 -0.8942873 0.1556025 -0.168733 -0.8851649 0.1391089 -0.1890178 -0.8961591 0.1446965 -0.1951702 -0.8883057 0.1253296 -0.1939111 -0.9002919 0.1239753 -0.1853566 -0.8942728 0 -0.1926925 -0.9204414 0 -0.1845529 -0.912931 -0.1239773 -0.1853596 -0.894287 -0.2341838 -0.18058 0.3801087 -0.2959446 -0.3239246 0.6447667 -0.1905691 -0.3240029 0.6238283 -0.1576791 -0.3239781 0.7932735 -0.2959447 -0.3239336 0.8145145 -0.2959448 -0.2790352 0.9371899 -0.295945 -0.2837854 0.8143405 -0.2959451 -0.2511779 0.9371908 0.02289491 -0.7801125 0.8267486 0.02289491 -0.7801125 0.8408154 0.02657175 -0.4369014 0.7889633 0.02657175 -0.4231474 0.7960551 -0.0265721 -0.4231539 0.7960673 -0.02657216 -0.4231541 0.6744036 -0.02657216 -0.4369083 0.6744037 0.2611427 -0.4799529 0.5840199 0.2786772 -0.4291418 0.5832472 0.2716178 -0.4023759 0.3416414 0 -0.3906578 0.3339841 0 -0.3806706 0.5986022 -0.2786814 -0.4291483 0.5832561 -0.2414475 -0.4355765 0.7625565 0.05880421 -0.500792 -0.8373138 -0.07303118 -0.5389434 -0.7487905 -0.0588051 -0.5007997 -0.8373267 -0.05492371 -0.6100524 -0.8909698 -0.06714463 -0.677015 -0.8132879 0.05492287 -0.6100431 -0.8909561 0.06714355 -0.6770046 -0.8132754 0.2741986 -0.2576074 -0.5733807 0.2741984 -0.2773023 -0.5540415 0.2741987 -0.09193992 -0.5123265 0.2741984 -0.1188549 -0.4885371 0.2549199 -0.2861676 -0.5451105 0.1087623 -0.3036751 -0.5183026 0.1039255 -0.3480976 -0.6137278 0.2341802 -0.1805772 0.3801028 0.295247 -0.1714044 0.3796352 0.2840669 -0.1517698 0.1437702 0.2638398 -0.1263426 0.1438715 0.2952476 -0.1435188 0.3796201 0.227427 -0.1434963 0.3796094 0.187125 -0.2837084 0.6448463 0.2959401 -0.2837806 0.8143271 0.2959402 -0.3239287 0.8145021 0.2959402 -0.2790309 0.9371755 0.1576776 -0.3239752 0.7932662 0.2959401 -0.3239195 0.6447567 0.190566 -0.3239979 0.6238185 0.2341802 -0.1805772 0.3801028 -0.2028163 -0.7239235 0.8045232 0 -0.7245001 0.829683 -0.1919673 -0.8289176 0.8079866 0 -0.8737472 0.8430315 0.1919642 -0.8289043 0.8079737 0.1828556 -0.8269625 0.7662849 0.1938154 -0.7218675 0.7582746 -0.1039271 -0.348103 -0.6137372 -0.2549238 -0.286172 -0.5451189 -0.1087639 -0.3036798 -0.5183106 -0.2742026 -0.1188568 -0.4885445 -0.2742025 -0.2773065 -0.5540499 -0.2742029 -0.09194129 -0.5123344 -0.2742029 -0.2576114 -0.5733896 -0.2638438 -0.1263445 0.1438738 -0.2840714 -0.1517722 0.1437724 -0.2742029 -0.09194129 -0.5123344 -0.2742026 -0.1188568 -0.4885445 0.2840669 -0.1517698 0.1437702 0.2741984 -0.1188549 -0.4885371 0.2741987 -0.09193992 -0.5123265 -0.1462782 -0.4008609 0.7377213 -0.1576791 -0.3239781 0.7932735 0.1576776 -0.3239752 0.7932662 0.1576774 -0.2837281 0.7932995 -0.1576791 -0.2837311 0.7933079 0.1576719 -0.04701405 0.793953 -0.1576744 -0.04701477 0.7939651 0.07523733 -0.234486 -0.8616504 0.09558129 -0.3543665 -0.7092313 0.09658801 -0.3253676 -0.7069237 0.1039255 -0.3480976 -0.6137278 0.1071978 -0.3960288 -0.5438693 0.1087623 -0.3036751 -0.5183026 0.2840669 -0.1517698 0.1437702 0.2082887 -0.4001674 0.2635195 0.2341802 -0.1805772 0.3801028 0.190566 -0.3239979 0.6238185 0.146276 -0.4008548 0.7377101 0.1576776 -0.3239752 0.7932662 0.2638398 -0.1263426 0.1438715 0.227427 -0.1434963 0.3796094 0.2639777 -0.04756665 0.1654815 0.1576719 -0.04701405 0.793953 0.187125 -0.2837084 0.6448463 0.1576774 -0.2837281 0.7932995 -0.1436602 -0.2281501 -0.8526039 -0.143704 -0.3246485 -0.8381633 -0.1456506 -0.31039 -0.7101088 -0.224404 -0.3064897 -0.7345619 -0.2241352 -0.3246334 -0.8390027 -0.2241773 -0.2283288 -0.844438 -0.2840714 -0.1517722 0.1437724 -0.2638438 -0.1263445 0.1438738 -0.2952516 -0.1714071 0.3796411 -0.2952521 -0.143521 0.3796259 -0.2274305 -0.1434985 0.3796152 -0.1871279 -0.2837128 0.6448563 -0.2959451 -0.2511779 0.9371908 -0.1577348 -0.2790351 0.9371896 -0.2959448 -0.2790352 0.9371899 -0.1576791 -0.3239781 0.7932735 -0.1577351 -0.2517697 0.937191 -0.1576791 -0.2837311 0.7933079 -0.1360684 -0.1687358 -0.8908036 -0.136472 -0.142845 -0.8844432 -0.1308842 -0.1489879 -0.8922962 -0.122623 -0.1379837 -0.8882673 -0.1239772 -0.1294293 -0.8942861 0 -0.1313356 -0.9110094 -0.1556047 -0.1687354 -0.8851774 -0.1391108 -0.1428452 -0.8961716 -0.1446986 -0.1366766 -0.8883183 -0.1253314 -0.1379838 -0.9003048 -0.1239771 -0.1465381 -0.8942857 0 -0.1476171 -0.9110249 0.05880421 -0.500792 -0.8373138 0.04596489 -0.5942783 -0.8997022 0.05492287 -0.6100431 -0.8909561 -0.04596489 -0.5942783 -0.8997023 -0.03996324 -0.5907417 -0.8898316 -0.04281336 -0.5115403 -0.8483075 -0.05492371 -0.6100524 -0.8909698 -0.04924303 -0.5031825 -0.8519423 -0.0588051 -0.5007997 -0.8373267 0.04924303 -0.5031823 -0.851942 0.04281336 -0.5115401 -0.8483072 0.03996324 -0.5907416 -0.8898314 0.02289491 -0.7801125 0.8408154 -0.02289527 -0.7801244 0.8408282 -0.0265721 -0.4231539 0.7960673 -0.02657216 -0.4369082 0.7889756 -0.02289527 -0.7801244 0.8267612 0.02657175 -0.4369014 0.7889633 0.02657175 -0.4231474 0.7960551 0.02657175 -0.4369016 0.6743933 0.02657175 -0.4231476 0.6743932 -0.02657216 -0.4231541 0.6744036 0.06714355 -0.6770046 -0.8132754 0.07303005 -0.5389351 -0.748779 0.05492287 -0.6100431 -0.8909561 0.05880421 -0.500792 -0.8373138 -0.07303118 -0.5389434 -0.7487905 0.2548458 -0.3281393 -0.6304408 0.2741979 -0.3157206 -0.6315916 0.2741979 -0.2890498 -0.7350528 0.2741982 -0.2561963 -0.725398 0.2741987 -0.2842295 -0.6343003 0.09558129 -0.3543665 -0.7092313 -0.1071994 -0.3960348 -0.5438776 0.1071978 -0.3960288 -0.5438693 0.1087623 -0.3036751 -0.5183026 -0.1087639 -0.3036798 -0.5183106 -0.1071994 -0.3960348 -0.5438776 0.09558129 -0.3543665 -0.7092313 -0.09558272 -0.3543719 -0.7092422 -0.07523864 -0.2344899 -0.8616648 0.07523733 -0.234486 -0.8616504 0.2241317 -0.3246284 -0.8389897 0.1437018 -0.3246435 -0.8381503 0.2244005 -0.3064849 -0.7345505 0.1456483 -0.3103848 -0.7100969 0.143658 -0.2281466 -0.8525907 0.08524447 -0.09518724 -0.6885482 0.09716784 -0.2576074 -0.5733805 0.0971679 -0.09193992 -0.5123266 0.2741987 -0.09193992 -0.5123265 0.2741986 -0.2576074 -0.5733807 0.1697219 -0.6104873 0.7849933 0 -0.5777924 0.8108258 0.1609848 -0.6126016 0.7481041 0 -0.5814705 0.7740585 -0.1609874 -0.6126114 0.7481161 0.2611427 -0.4799529 0.5840199 0 -0.4896043 0.6041012 0.2146562 -0.4990985 0.7539372 0 -0.5008798 0.7848133 -0.2146595 -0.4991062 0.7539488 -0.2548497 -0.3281444 -0.6304507 -0.2742021 -0.2890542 -0.735064 -0.2742021 -0.3157255 -0.6316013 -0.2742024 -0.2562003 -0.725409 -0.2319149 -0.2058158 -0.8483026 -0.0965895 -0.3253726 -0.7069345 -0.1039271 -0.348103 -0.6137372 -0.09558272 -0.3543719 -0.7092422 -0.1071994 -0.3960348 -0.5438776 -0.1087639 -0.3036798 -0.5183106 -0.2742029 -0.2576114 -0.5733896 -0.09716933 -0.2576113 -0.5733894 -0.2742029 -0.09194129 -0.5123344 -0.09716933 -0.09194129 -0.5123344 -0.08524578 -0.09518873 -0.6885588 -0.2354413 -0.1339011 -0.8386717 0 -0.1339317 -0.8838288 -0.08415532 -0.1098152 -0.8088892 0 -0.1040998 -0.8122301 0.084154 -0.1098135 -0.8088768 -0.2639818 -0.04756742 0.1654841 -0.1576744 -0.04701477 0.7939651 -0.2274305 -0.1434985 0.3796152 -0.1871279 -0.2837128 0.6448563 -0.1576791 -0.2837311 0.7933079 -0.2638438 -0.1263445 0.1438738 0 -0.1174939 0.1446914 -0.2639818 -0.04756742 0.1654841 0 -0.04756671 0.1654816 0.2639777 -0.04756665 0.1654815 -0.1462782 -0.4008609 0.7377213 -0.208292 -0.4001737 0.2635236 -0.1905691 -0.3240029 0.6238283 -0.2341838 -0.18058 0.3801087 -0.2840714 -0.1517722 0.1437724 -0.2146595 -0.4991062 0.7539488 0 -0.4396562 0.7950732 0 -0.5008798 0.7848133 0.2146562 -0.4990985 0.7539372 0.2414438 -0.4355697 0.7625446 0.1938154 -0.7218675 0.7582746 0.1919642 -0.8289043 0.8079737 0.202813 -0.7239119 0.8045104 0 -0.7245001 0.829683 0.2611427 -0.4799529 0.5840199 0.2716178 -0.4023759 0.3416414 0.2626848 -0.4828736 0.353479 0 -0.3906578 0.3339841 0.2741987 -0.2842295 -0.6343003 0.09708988 -0.2842293 -0.6342977 0.2741982 -0.2561963 -0.725398 0.09365737 -0.2561951 -0.7254008 0.1437018 -0.3246435 -0.8381503 0.2241317 -0.3246284 -0.8389897 0.143658 -0.2281466 -0.8525907 0.2241739 -0.2283253 -0.8444252 0.2082887 -0.4001674 0.2635195 0.2840669 -0.1517698 0.1437702 -0.208292 -0.4001737 0.2635236 -0.2840714 -0.1517722 0.1437724 0.2959401 -0.2837806 0.8143271 0.2959405 -0.2837821 0.6447586 0.2959402 -0.3239287 0.8145021 0.2959401 -0.3239195 0.6447567 -0.02289527 -0.7801244 0.8408282 0.02289491 -0.7801125 0.8408154 -0.02289527 -0.7801244 0.8267612 0.02289491 -0.7801125 0.8267486 0.1862776 -0.5708668 -0.7938895 0.1891786 -0.6050952 -0.7819641 0.1763327 -0.560418 -0.7596965 0.1793186 -0.5943269 -0.7486608 0.1577324 -0.2790307 0.9371751 0.1576776 -0.3239752 0.7932662 0.1577324 -0.2517654 0.937175 0.1576774 -0.2837281 0.7932995 -0.07761269 -0.08822363 0.792675 -0.07757121 -0.1564878 0.7989686 -0.07757854 -0.1564934 0.7926568 0.07757002 -0.1564853 0.7989558 0.02657175 -0.4369014 0.7889633 -0.02657216 -0.4369082 0.7889756 0.02289491 -0.7801125 0.8267486 -0.02289527 -0.7801244 0.8267612 -0.09365886 -0.2561991 -0.725412 -0.09709137 -0.2842336 -0.6343073 -0.2742024 -0.2562003 -0.725409 -0.274203 -0.2842339 -0.6343101 -0.2241773 -0.2283288 -0.844438 -0.2241352 -0.3246334 -0.8390027 -0.1436602 -0.2281501 -0.8526039 -0.143704 -0.3246485 -0.8381633 -0.208292 -0.4001737 0.2635236 -0.1462782 -0.4008609 0.7377213 0.2082887 -0.4001674 0.2635195 0.146276 -0.4008548 0.7377101 -0.2959446 -0.3239246 0.6447667 -0.2959451 -0.2837865 0.6447684 -0.2959447 -0.3239336 0.8145145 -0.295945 -0.2837854 0.8143405 -0.1778523 -0.5943364 -0.7486727 -0.1877124 -0.6051049 -0.7819766 -0.1748663 -0.560427 -0.7597085 -0.1848114 -0.570876 -0.7939022 0.2741984 -0.1188549 -0.4885371 0.1087623 -0.3036751 -0.5183026 -0.2742026 -0.1188568 -0.4885445 -0.1087639 -0.3036798 -0.5183106 0.2548458 -0.3281393 -0.6304408 0.2741979 -0.2890498 -0.7350528 0.255336 -0.3021702 -0.7346368 0.2241739 -0.2283253 -0.8444252 0.2241317 -0.3246284 -0.8389897 0.2244005 -0.3064849 -0.7345505 0.084154 -0.1098135 -0.8088768 0 -0.1339317 -0.8838288 0.2354377 -0.133899 -0.8386589 0 -0.1339317 -0.8838288 0.2319113 -0.2058126 -0.8482894 0.2354377 -0.133899 -0.8386589 0.2959402 -0.2790309 0.9371755 0.1576776 -0.3239752 0.7932662 0.1577324 -0.2790307 0.9371751 0.2741987 -0.09193992 -0.5123265 0.2840669 -0.1517698 0.1437702 0.2638398 -0.1263426 0.1438715 0.2959401 -0.2837806 0.8143271 0.2959402 -0.2790309 0.9371755 0.2959402 -0.2511737 0.9371753 0.1577324 -0.2790307 0.9371751 0.2959402 -0.2511737 0.9371753 0.2959402 -0.2790309 0.9371755 0.2639777 -0.04756665 0.1654815 0 -0.1174939 0.1446914 0.2638398 -0.1263426 0.1438715 -0.1697246 -0.6104971 0.7850059 0 -0.7245001 0.829683 -0.2028163 -0.7239235 0.8045232 -0.02657216 -0.4369083 0.6744037 -0.0265721 -0.4231539 0.7960673 -0.02657216 -0.4369082 0.7889756 0 -0.3906578 0.3339841 -0.2786814 -0.4291483 0.5832561 -0.2716221 -0.4023822 0.3416467 -0.09558272 -0.3543719 -0.7092422 -0.07523864 -0.2344899 -0.8616648 -0.0965895 -0.3253726 -0.7069345 -0.2742021 -0.3157255 -0.6316013 -0.2742024 -0.2562003 -0.725409 -0.274203 -0.2842339 -0.6343101 -0.2241773 -0.2283288 -0.844438 -0.2553399 -0.3021748 -0.7346481 -0.224404 -0.3064897 -0.7345619 -0.2274305 -0.1434985 0.3796152 -0.2638438 -0.1263445 0.1438738 -0.2639818 -0.04756742 0.1654841 -0.1577348 -0.2790351 0.9371896 -0.2959451 -0.2511779 0.9371908 -0.1577351 -0.2517697 0.937191 -0.1462782 -0.4008609 0.7377213 0.1576776 -0.3239752 0.7932662 0.146276 -0.4008548 0.7377101 -0.1462782 -0.4008609 0.7377213 -0.1905691 -0.3240029 0.6238283 -0.1576791 -0.3239781 0.7932735 -0.006099641 -0.5857109 -0.7907792 -0.1778523 -0.5943364 -0.7486727 -0.1748663 -0.560427 -0.7597085 -0.2146595 -0.4991062 0.7539488 0 -0.4896043 0.6041012 -0.2611466 -0.4799601 0.5840286</float_array>
          <technique_common>
            <accessor source="#Mesh_0301_rip-mesh-positions-array" count="709" stride="3">
              <param name="X" type="float"/>
              <param name="Y" type="float"/>
              <param name="Z" type="float"/>
            </accessor>
          </technique_common>
        </source>
        <source id="Mesh_0301_rip-mesh-normals">
          <float_array id="Mesh_0301_rip-mesh-normals-array" count="2127">0.1826473 -0.9763624 0.1155697 0.9648453 0.1545272 -0.2125908 0.1501597 -0.5296249 0.8348351 0.9207072 0.3825967 -0.0769301 0.2495919 0.6736373 -0.6956412 0.1712191 0.9847858 0.02968138 0.4514133 0.885657 -0.1088018 -0.1584949 0.9601368 0.2302535 0.4389252 0.7813344 0.4436905 -0.1580799 0.5237804 0.8370573 0.07957893 0.7664864 0.6373114 -2.27988e-6 0.1729387 0.9849327 -0.1378234 0.7486123 0.6485248 0.1580572 0.5237604 0.8370741 -0.4389349 0.7813301 0.4436886 0.1584885 0.9601384 0.2302514 -0.4514179 0.885655 -0.1087989 -0.1712173 0.9847862 0.02968037 -0.2495915 0.6736372 -0.6956416 -0.9207062 0.382599 -0.07692968 -0.9648453 0.1545274 -0.2125907 -0.1826465 -0.9763627 0.1155692 -0.150157 -0.52952 0.8349021 -3.21588e-6 0.1368059 -0.990598 -1.69725e-6 0.60854 -0.7935233 -3.18494e-6 -0.1367331 -0.9906079 -7.16259e-6 0.8067218 -0.5909315 6.83563e-6 0.9918881 -0.1271148 1.79687e-6 0.9918882 0.1271144 4.34173e-6 0.8067231 0.5909297 -6.22069e-5 0.6085408 0.7935227 7.94207e-6 0.1233873 0.9923586 8.28099e-6 -0.1698971 0.9854618 4.22094e-6 -0.626667 0.7792872 3.611e-6 -0.801904 0.5974531 -1.27284e-7 -0.9890326 0.1476971 0 -0.9938077 -0.111114 -4.22266e-6 -0.8128403 -0.5824867 -3.4476e-6 -0.6115934 -0.7911723 -3.82653e-6 -0.1368104 -0.9905973 -2.54576e-6 0.1367288 -0.9906085 -1.66042e-6 0.1368055 -0.990598 4.63388e-5 0.6037262 -0.7971917 -2.80983e-6 -0.1367353 -0.9906077 0 0.7971927 -0.603725 2.45616e-7 0.9905984 -0.1368024 2.98272e-7 0.9905986 0.136801 -4.70862e-5 0.7971937 0.6037237 -6.47873e-5 0.6037275 0.7971909 -4.89687e-5 0.116636 0.9931748 7.42993e-7 -0.1788002 0.9838855 0 -0.6242197 0.7812489 -5.69494e-7 -0.7986094 0.6018499 -4.67336e-6 -0.9902451 0.1393368 1.92185e-7 -0.9922688 -0.1241084 -1.41471e-6 -0.8080937 -0.5890539 -2.00396e-6 -0.6092035 -0.7930141 -2.44488e-6 -0.1368142 -0.9905968 -3.63086e-6 0.1367231 -0.9906093 8.15913e-7 0.1368029 -0.9905983 -4.39746e-5 0.6037999 -0.7971358 9.43295e-7 -0.1367337 -0.9906079 2.90517e-7 0.7972154 -0.6036951 0 0.9906114 -0.1367081 3.43836e-7 0.9905933 0.1368399 -8.85319e-7 0.7972163 0.6036939 0 0.6038018 0.7971346 -5.32917e-7 0.1368396 0.9905933 0 -0.1367077 0.9906114 -3.73169e-7 -0.603803 0.7971336 4.63515e-5 -0.7971357 0.6038002 -5.12165e-5 -0.9906116 0.1367063 4.68406e-5 -0.9906115 -0.1367075 0 -0.7972118 -0.6036998 1.53856e-6 -0.6037992 -0.7971366 2.52993e-6 -0.1367935 -0.9905996 3.1908e-6 0.1367473 -0.990606 1.98861e-6 0.1368033 -0.9905983 -5.18229e-5 0.6037229 -0.7971943 2.5526e-6 -0.1367342 -0.9906079 1.38431e-6 0.7971919 -0.6037262 3.16349e-7 0.9905982 -0.1368041 -5.01899e-6 0.9905985 0.1368013 5.18614e-5 0.7971931 0.6037244 -7.02382e-7 0.6037244 0.7971932 -6.82279e-7 0.136801 0.9905986 4.63097e-5 -0.1368042 0.9905982 -2.06806e-7 -0.6037256 0.7971923 4.93243e-6 -0.7971943 0.6037229 0 -0.9905983 0.136803 3.26393e-7 -0.9905983 -0.1368036 1.49079e-7 -0.7971875 -0.6037319 5.22571e-5 -0.6037229 -0.7971943 0 -0.1367937 -0.9905996 -1.51762e-6 0.136748 -0.9906058 -0.6012994 -0.7810323 0.1686057 -0.4228601 -0.1546593 -0.8928997 -0.9801078 -0.024966 0.1968894 -0.2506799 -0.3083704 -0.9176422 -1.57509e-5 -0.1115946 -0.9937539 1.43051e-5 -0.550592 -0.8347746 0.2506957 -0.3083347 -0.9176499 0.6013494 -0.7809813 0.1686631 0.422854 -0.1546673 -0.8929012 0.9801057 -0.02509057 0.1968844 0.3583919 0.1252266 -0.9251344 0.4004197 0.8911549 0.213324 3.48687e-5 0.4407613 -0.8976243 3.56655e-4 0.9601088 0.2796269 -0.4005146 0.8911103 0.2133322 -3.32981e-4 0.03467983 0.9993984 4.41074e-6 -0.9500696 0.3120383 -0.3894422 0.1175018 0.9135251 0.3895459 0.1175079 0.9134801 0.5045663 -0.8322473 0.2297334 0.6109138 0.7902352 0.04809337 0.304008 -0.9506862 -0.06143999 0.2480105 0.9356376 -0.2511437 0.2384636 -0.9025329 -0.3585659 1.46963e-5 -0.7043563 -0.7098466 -1.3411e-7 -0.9961304 -0.08788937 -0.2385068 -0.9025354 -0.358531 -0.3040461 -0.9506787 -0.06136906 -0.2479778 0.9356521 -0.2511218 -0.6109223 0.7902299 0.04807013 -0.05498057 -0.9165586 0.3961028 0.1499917 -0.2723094 -0.9504473 0.6935004 -0.6339965 0.342207 -1.19209e-5 -0.9283227 -0.3717755 3.69847e-5 0.2448468 -0.9695618 -0.1500195 -0.2722644 -0.9504558 -0.02808392 0.9266216 -0.3749451 -0.3101992 0.09959012 -0.9454409 0.6748635 0.6897764 -0.2622362 -0.04734528 -1.78553e-5 -0.9988786 0.9820834 -2.38419e-6 0.1884471 0.7079798 -0.6254817 -0.3279287 -0.6748438 0.6897934 -0.2622423 0.3103003 0.09956353 -0.9454104 0.02806144 0.9266311 -0.3749233 0.04724222 7.40588e-6 -0.9988835 0.9456024 8.08388e-6 -0.3253246 0.3344394 -0.08706152 -0.9383873 0.7313106 0.5314583 0.4274775 0.1432018 -0.2496366 -0.9576925 0.0440182 0.9490001 -0.3121879 1.12318e-5 0.2437766 -0.9698315 1.16974e-5 0.9264123 0.3765107 -0.04403674 0.9489939 -0.3122042 -0.9820794 3.72529e-6 0.1884677 0.04724031 -1.47969e-5 -0.9988836 -0.6748067 0.689809 -0.2622967 -0.7079702 -0.6254508 -0.3280085 0.3344125 -0.08708935 -0.9383943 -0.06620478 -0.9527743 0.2963749 0.1431735 -0.2497161 -0.9576759 -1.45286e-6 -0.9282012 -0.3720788 1.05277e-5 0.2437809 -0.9698304 -0.1431756 -0.2496454 -0.9576941 -0.04406315 0.9489635 -0.3122929 -0.7313006 0.5313923 0.4275765 0.02809172 0.9266306 -0.3749221 -0.1722444 0.2813846 0.9440099 -0.6748194 0.6897992 -0.2622898 1.71913e-5 0.92649 0.3763197 2.16067e-7 -0.2415077 0.9703989 0.1722257 0.2814542 0.9439926 0.05497598 -0.9165952 0.396019 0.413478 0.01935225 0.9103085 -0.69358 -0.6339138 0.342199 0.1171693 1.68234e-5 0.993112 -0.945597 3.72827e-5 -0.3253405 -0.7312552 0.5314658 0.427563 0.6935835 -0.6339102 0.3421985 -0.413536 0.01940304 0.9102811 -0.054946 -0.9165955 0.3960223 -0.1171365 -1.35601e-5 0.9931159 -0.9820691 9.26852e-6 0.1885215 -0.4236167 -0.01694649 0.9056831 -0.7080058 -0.625417 -0.3279963 -0.1677873 0.2167075 0.9617096 -0.06620913 -0.9527758 0.296369 5.20051e-6 -0.2404316 0.9706662 -2.10553e-5 -0.9282011 -0.372079 0.06620728 -0.9527655 0.2964028 0.9456141 2.70605e-5 -0.3252906 -0.1171444 -1.36644e-5 0.993115 0.6935803 -0.6339213 0.3421845 0.7312994 0.5314652 0.4274879 -0.4236364 -0.01695352 0.9056738 0.04404896 0.9489981 -0.3121896 -0.1677808 0.2167478 0.9617016 -3.65276e-6 0.9263994 0.3765426 4.57466e-6 -0.2404856 0.9706527 0.1678076 0.2167797 0.9616897 0.06620854 -0.9527557 0.2964341 0.7080185 -0.6254407 -0.3279235 0.8715832 0.2307915 0.4325253 0.03364115 -0.02644485 0.9990841 -0.6750422 0.4614892 0.5756266 0.4405223 -0.3745411 0.8158794 -0.144276 -0.4057469 0.9025264 0.03851526 -0.3934121 0.9185552 -0.03788214 -0.528308 0.8482074 0.1501878 -0.5175557 0.8423657 -0.4177576 -0.3781937 0.8261042 0.02960067 -0.7605212 0.6486381 -0.4783636 -0.854997 -0.2003706 0.6728846 -0.737059 -0.06301188 -0.6550613 0.6912021 0.3051793 -0.3242262 0.9089005 0.2622546 -0.8538527 0.5168153 0.06194889 -0.3425095 -0.8728827 -0.3475099 -0.439394 -0.8550415 -0.2753853 -0.7677095 -0.5697374 -0.2932942 -0.2693814 -0.9599962 0.07642787 -0.2545297 -0.4907554 -0.833291 -0.1085655 -0.9934649 0.03523039 0.4418336 -0.8966258 0.02907264 0.1598806 0.8104459 -0.5635741 0.8538752 0.5167747 0.0619781 0.6550815 0.6911856 0.3051732 0.2045685 0.9254895 0.3187805 0.3242272 0.9089012 0.2622509 0.3425056 -0.8728852 -0.3475072 0.4393929 -0.8550419 -0.2753857 0.7677122 -0.5697329 -0.2932958 0.2693898 -0.9599955 0.076406 0.1735246 -0.3333613 -0.9266928 0.1085777 -0.9934644 0.03520756 -0.4417805 -0.8966505 0.02911949 0.232185 -0.6453005 -0.7277895 0.07000607 0.2132496 -0.9744865 -0.01977914 -0.9760778 -0.2165204 0.0547626 0.7589008 -0.6488996 -0.3084965 0.9403983 0.1431117 -0.164819 0.6576406 0.7350807 -0.2048758 -0.2241348 0.9527799 0.0131182 -0.7550544 0.655531 -0.01975387 -0.9760857 -0.2164865 0.2317298 -0.6453884 -0.7278566 -0.02024805 -0.09178316 -0.9955732 0.04058814 0.04644763 -0.9980958 -0.07971578 0.181469 -0.9801604 0.04040014 -0.09171354 -0.9949656 0.4026478 -0.9153549 4.14137e-4 -0.02026629 -0.09181374 -0.99557 -0.6605762 -0.750759 -3.07074e-5 -0.07976382 0.1815294 -0.9801453 -0.4027082 0.9153282 -6.91159e-4 0.2147871 0.9766605 -8.88989e-4 0.6991376 0.3722938 -0.6104129 0.7020494 0.3649905 -0.6114807 0.7170264 -0.3599372 0.5969241 -0.4322455 0.4674202 -0.7711564 -0.8937094 0.2278969 -0.3864539 -0.8813977 -0.2454018 0.4036285 -0.450946 -0.4630981 0.7630124 0.7169962 -0.3599637 0.5969444 0.7184256 -0.3654624 0.591863 0.7020232 0.3649848 -0.6115142 0.7079983 -0.6254535 -0.3279428 -0.3344739 -0.08704864 -0.9383761 0.06629949 -0.9527521 0.2964254 -0.04728305 1.29491e-5 -0.9988815 -0.9455704 -1.94758e-5 -0.325418 -0.3102701 0.09954619 -0.9454221 -0.693501 -0.6339548 0.3422832 -0.1499661 -0.2723131 -0.9504503 0.05493885 -0.9165949 0.3960248 -2.52947e-6 -0.9283471 -0.3717147 -0.7312802 0.5314044 0.4275965 0.4236172 -0.01691418 0.9056835 -0.04404562 0.9489763 -0.3122562 0.117084 3.02643e-5 0.9931221 0.9820846 -8.76188e-6 0.1884407 0.4134988 0.01934844 0.9102992 0.6748386 0.6898143 -0.2622005 0.1722806 0.2814598 0.9439809 -0.02811038 0.9265927 -0.3750143 -3.52077e-5 0.9265086 0.3762739 -0.3068248 -0.7632036 -0.5686641 -0.4412741 0.01993411 0.897151 -0.4945834 -0.8448734 0.2039027 -0.8526909 0.3949176 0.3419919 -0.6657577 0.3209487 0.6736161 -0.2930684 0.8496972 0.4383214 -0.3264652 0.9426867 0.0690099 -0.1712393 0.9847838 0.0296328 0.1585596 0.9601294 0.2302395 -0.182635 -0.976359 0.1156188 -0.4496216 -0.4783719 0.7543215 -0.1501181 -0.5295848 0.834868 -0.5353364 -0.8401346 -0.08711349 -0.9982925 -0.04423469 0.03815072 -0.6043456 -0.585563 -0.5402615 -0.3818151 -0.7734544 -0.5059503 -0.306875 -0.763218 -0.5686178 -0.4945387 -0.8449005 0.2038982 -0.1580649 0.5237348 0.8370886 0.4412444 0.01986688 0.8971672 -4.38988e-5 0.1729026 0.984939 0.6657769 0.3209047 0.6736181 0.8527176 0.3948788 0.3419702 0.2929922 0.849697 0.4383727 0.1712241 0.9847845 0.02969908 0.326452 0.9426925 0.06899279 -0.1585549 0.9601308 0.2302373 0.3068742 -0.7632179 -0.5686184 0.3818149 -0.7734543 -0.5059505 0.4945385 -0.8449009 0.2038978 0.6043449 -0.5855631 -0.5402622 0.9982925 -0.04423481 0.03815042 0.5353367 -0.8401344 -0.08711355 0.4496212 -0.4783721 0.7543216 0.1826351 -0.9763589 0.1156194 0.1501176 -0.5295839 0.8348687 -0.07002425 0.2131279 -0.9745118 -0.05476075 0.7589071 -0.6488925 -0.23168 -0.6454371 -0.7278292 0.3084965 0.9403985 0.1431102 0.1648197 0.6576386 0.7350823 0.2048755 -0.2241352 0.9527799 -0.01214241 -0.7551812 0.6554038 0.01975351 -0.9760856 -0.2164878 -0.2317288 -0.6453905 -0.727855 0.1581443 0.5237532 0.8370621 -0.4411779 0.0199266 0.8971986 -0.6657098 0.3209127 0.6736806 -9.65269e-6 0.1728872 0.9849417 1.60635e-5 -0.4737128 0.8806795 0.4412833 0.01987886 0.8971477 0.4945402 -0.8449065 0.2038705 0.3069 -0.7631883 -0.5686441 0.693551 -0.6339437 0.3422024 0.3102256 0.09959363 -0.9454318 0.9455893 -1.69948e-5 -0.3253631 0.1499944 -0.2723659 -0.9504307 0.028077 0.9266275 -0.3749312 4.61691e-6 0.2448479 -0.9695616 8.15839e-6 0.9264848 0.3763322 -0.02806878 0.9266286 -0.374929 -0.6748474 0.6897903 -0.2622411 -0.4134698 0.0193243 0.9103128 -0.9820857 -1.95205e-5 0.188435 -0.1722391 0.2813667 0.9440162 -0.05495727 -0.9165938 0.3960248 1.15633e-5 -0.2414408 0.9704156 -1.66893e-5 -0.9283336 -0.3717483 0.05496466 -0.9166089 0.395989 0.8554338 0.5177294 0.01376992 0.3242767 0.9088683 0.2623033 0.8538058 0.5168867 0.06199926 0.0200026 0.8402816 -0.5417811 0.3955175 0.9078276 -0.1393374 0.1808967 0.8997148 -0.3972275 0.2693153 -0.9600143 0.07643294 0.10852 -0.9934689 0.03525608 -0.4625282 0.1010303 0.8808295 -0.2192266 -0.08411318 -0.9720415 -0.1396763 0.1282407 0.9818578 -0.2535566 -0.6058863 -0.7540628 0.1703362 -0.2894577 -0.9419129 0.1282969 -0.9917358 8.34834e-6 1 4.43009e-5 1.7062e-5 -0.504531 -0.8322737 0.2297152 -0.3040741 -0.9506682 -0.06139338 -0.610906 0.7902421 0.04807603 1.00583e-5 -0.9500622 0.3120607 1.72807e-6 -0.9961289 -0.08790564 0.3039796 -0.9506988 -0.06138515 0.2384993 -0.902525 -0.3585622 0.6728987 -0.7370415 -0.06306618 0.7321497 -0.6591652 -0.1716338 -0.4783391 -0.8550089 -0.2003784 0.8715814 0.2308256 0.4325106 0.4978932 0.6165934 0.6098482 -0.6750641 0.4614659 0.5756194 -0.7083669 0.4756461 0.5215143 -0.5358278 -0.4332891 0.7246719 -0.9648438 0.1544854 -0.2126284 -0.150159 -0.529569 0.8348706 -0.07493275 0.9564057 -0.2822645 -0.2496138 0.6735797 -0.6956891 -0.07289403 0.2582142 -0.9633337 -0.4514973 0.8856177 -0.1087728 -0.1093522 0.9449593 0.3083732 -0.6551166 0.6911746 0.3051229 -0.8538181 0.5168655 0.06200677 -0.7525956 -0.6059149 0.2578122 -0.3424512 -0.8729043 -0.3475131 -0.9542819 -0.2034148 -0.2190175 -0.7677572 -0.5696716 -0.293297 -0.1808392 0.8997267 -0.3972269 -0.3955349 0.9078221 -0.139324 -0.2693045 -0.9600169 0.07643806 -0.01726251 0.8425105 -0.5384034 -0.3242806 0.9088661 0.2623067 -0.8554366 0.5177242 0.0137757 -0.8538058 0.5168867 0.0619992 0.3583612 0.1252551 -0.9251424 1.35135e-5 -0.1115556 -0.9937583 0.4228608 -0.1546621 -0.8928989 1.39847e-5 0.4407123 -0.8976485 -0.3583819 0.1252409 -0.9251363 -0.4005125 0.8911113 0.2133319 -0.9801062 -0.02498346 0.1968947 0.1629677 0.3554273 -0.9203874 0.2496162 0.67358 -0.695688 0.4514134 0.8856466 -0.1088854 0.03894799 0.9837464 -0.1752884 0.9648444 0.1544837 -0.2126265 0.53583 -0.4332871 0.7246714 0.1501619 -0.529564 0.8348734 0.5358839 -0.433245 0.7246567 0.2045905 0.9254919 0.3187596 0.7525923 -0.605908 0.2578378 0.03887987 0.9837496 -0.1752859 -0.1093829 0.9449523 0.3083842 -0.07488077 0.9564062 -0.2822768 -0.5359379 -0.4332326 0.7246241 -0.01726341 0.8425496 -0.5383421 0.02002525 0.8402392 -0.5418459 0.1252084 0.9828189 -0.1356097 -0.2545725 -0.4907513 -0.8332803 0.1735423 -0.333396 -0.9266769 -0.705316 0.00195986 -0.7088904 0.8617525 -0.006563365 -0.5072866 -0.4389367 0.7813404 0.4436685 -0.09304809 0.892257 0.4418367 -0.1378054 0.748593 0.6485509 -0.4514626 0.8856284 -0.1088305 -0.2865636 0.9307073 -0.2273001 -0.07295721 0.2583014 -0.9633057 -0.8538138 0.5168724 0.06200879 -0.351253 0.9187355 0.1804062 -0.1092898 0.9449701 0.3083622 -0.8554549 0.5176935 0.01379567 -0.2713963 0.9486675 -0.1624003 -0.01728868 0.8424822 -0.5384467 -0.9429573 -0.1205497 0.3103216 -0.9542825 -0.2033797 -0.2190476 -0.7525827 -0.6059263 0.2578232 -0.7052884 -0.004606664 -0.7089056 -0.7677137 -0.5697312 -0.2932955 -0.2546312 -0.490752 -0.833262 -0.1585269 0.9601225 0.2302914 -0.5019092 0.8382825 0.2130014 -0.1581128 0.5238029 0.837037 0.3264842 0.942681 0.06899851 0.5328524 0.490175 0.6897804 0.6657735 0.3209073 0.6736202 0.6550702 0.6911705 0.3052319 0.7525947 -0.6059162 0.2578122 0.2045797 0.9254921 0.3187656 0.3424501 -0.8729048 -0.3475128 0.9542819 -0.2034156 -0.2190162 0.7677566 -0.5696725 -0.2932971 0.1808755 0.8997498 -0.3971577 -0.1598927 0.8104591 -0.5635516 0.1085844 -0.9934624 0.03524351 0.02001255 0.8402585 -0.5418167 -0.4418182 -0.8966333 0.02907705 0.1734997 -0.333403 -0.9266824 -0.7313501 0.5314083 0.427472 -0.3344682 -0.08704888 -0.9383782 -0.9455942 1.38879e-5 -0.3253487 -0.1431775 -0.2497304 -0.9576717 0.06619769 -0.9527835 0.2963469 -1.56723e-5 -0.928251 -0.3719545 0.7080208 -0.6254396 -0.3279206 0.4236324 -0.01697909 0.9056752 0.9820773 -1.12653e-5 0.1884794 0.1677958 0.2167242 0.9617043 -0.04405331 0.9489969 -0.3121927 -1.14702e-5 0.9264093 0.3765181 -0.6750425 0.4614966 0.5756202 -0.4177645 -0.3782299 0.8260841 -0.4783992 -0.8549864 -0.2003313 0.03368794 -0.02647203 0.9990818 -0.03796154 -0.5283568 0.8481734 -0.1442654 -0.4057994 0.9025045 0.6728981 -0.7370455 -0.06302589 0.4404476 -0.3745381 0.8159211 0.8715919 0.2307716 0.4325184 0.02965325 -0.7605344 0.6486204 0.03850156 -0.3934198 0.9185524 0.1502277 -0.5175898 0.8423375 0.1703842 -0.2894961 -0.9418924 0.4362674 -0.07263886 -0.8968803 -0.2191644 -0.08417385 -0.9720504 0.2695343 0.1077294 0.956946 0.2886185 0.183584 0.9396789 -1 4.49445e-5 1.53128e-5 -0.2536282 -0.6059094 -0.7540203 -0.4624657 0.1010584 0.8808592 -0.2505851 -0.9680946 -1.58324e-4 0.1283863 -0.9917243 -1.20327e-6 -0.6750456 0.4614911 0.5756211 -0.8888432 -0.454352 -0.05934631 -0.708378 0.4756777 0.5214705 -0.4783867 -0.8549827 -0.2003769 0.7321996 -0.6591314 -0.1715509 -0.8527034 0.3949163 0.3419623 -0.9206742 0.3826754 -0.07693308 -0.1712839 0.9847753 0.02965772 -0.3069087 -0.763226 -0.5685888 -0.1826459 -0.9763681 0.1155238 -0.2865608 0.9307113 -0.2272873 0.1539021 0.950713 -0.2691821 -0.0930202 0.8922582 0.44184 -0.07284957 0.2582738 -0.9633212 0.162948 0.3554115 -0.9203971 0.1773962 0.870668 0.4587678 -0.09297174 0.8922487 0.4418696 0.1538894 0.9507434 -0.2690817 0.07951813 0.7664771 0.6373302 -0.1377959 0.7486029 0.6485415 -0.3264795 0.9426866 0.06894373 0.5019102 0.8382817 0.2130028 -0.5328482 0.4901775 0.6897819 0.1585316 0.9601218 0.2302911 0.1581115 0.5238064 0.837035 -0.6560017 -0.2609897 0.7081993 -0.4496143 -0.4783882 0.7543156 -0.9982926 -0.04421454 0.03817296 -0.5359057 -0.4332502 0.7246375 -0.1501345 -0.5296127 0.8348475 -0.6013787 -0.7809563 0.1686743 2.63751e-6 -0.5505809 -0.8347819 -0.2506463 -0.3083375 -0.9176625 5.23885e-5 -0.9950339 0.09953755 0.601382 -0.7809559 0.1686642 -0.2479538 0.9356607 -0.2511137 3.85012e-5 0.99642 0.08454138 -0.6109591 0.7902012 0.04807591 -1.0591e-5 0.9674721 -0.2529779 0.2480085 0.9356405 -0.2511347 0.9206774 0.3826634 -0.07695364 0.852716 0.3948786 0.3419743 0.171288 0.9847744 0.02966046 0.3069024 -0.7632055 -0.5686196 0.4412025 0.01996201 0.8971856 0.1773411 0.8706704 0.4587846 0.4514626 0.8856284 -0.1088308 0.4389101 0.781362 0.443657 0.1538452 0.9507257 -0.2691698 0.1629762 0.355377 -0.9204053 0.5359048 -0.4332509 0.7246377 0.4496136 -0.478389 0.7543154 0.1501339 -0.529613 0.8348473 0.6560007 -0.2609907 0.7081999 0.9982925 -0.0442146 0.03817272 0.3818303 -0.7734174 -0.5059953 1.4998e-5 -0.4736894 0.880692 0.4945527 -0.8448989 0.2038708 1.22361e-4 -0.9231851 0.3843557 -0.3818625 -0.7734027 -0.5059935 0.9542916 -0.2033488 -0.2190366 0.8617318 -0.009486973 -0.5072754 0.9429284 -0.1205828 0.3103963 0.7677159 -0.5697279 -0.2932958 0.1735336 -0.3333584 -0.9266921 0.9429298 -0.1205814 0.3103926 2.48771e-6 -0.2742428 0.9616606 0.7526347 -0.6058568 0.2578348 -4.8999e-5 -0.2852975 0.9584391 -0.9429458 -0.1205692 0.3103489 0.8554374 0.5177227 0.01378983 0.3611692 0.7871065 0.5000202 0.1252033 0.9828227 -0.1355869 0.8538139 0.5168723 0.06200873 0.2045371 0.9255 0.3187701 1.96509e-5 0.9674478 -0.2530708 -2.53916e-5 -0.7043947 -0.7098086 0.2479934 0.9356439 -0.2511373 -0.2480016 0.9356449 -0.2511253 -0.2385644 -0.9025033 -0.3585734 -0.4227728 -0.1546604 -0.8929409 -0.3583574 0.1253043 -0.9251372 -0.9801082 -0.0249772 0.1968858 5.18383e-5 -0.1116241 -0.9937506 -0.3895104 0.1175103 0.913495 -0.5045811 -0.8322469 0.2297021 -0.6109474 0.7902081 0.04810982 -4.17978e-6 -0.9500529 0.3120891 -0.3068589 -0.7632198 -0.5686241 -0.5353007 -0.8401547 -0.08714079 -0.1826714 -0.9763547 0.1155973 -0.6043252 -0.5855926 -0.5402522 0.1581178 0.5237547 0.8370662 -0.5328506 0.4901482 0.6898007 0.5019153 0.8382896 0.2129591 -0.6657174 0.3209006 0.6736788 0.3612062 0.7871216 0.4999696 -0.1093442 0.9449618 0.3083687 -0.3512081 0.9187366 0.1804881 0.2046189 0.9254692 0.3188073 -0.3954576 0.9078508 -0.139357 -0.4393707 -0.8550615 -0.2753601 -0.2693054 -0.9600127 0.07648742 -0.3242204 0.9088877 0.2623061 0.2886577 0.1835564 0.9396721 -0.2191874 -0.08414149 -0.9720479 0.4362537 -0.07260447 -0.8968898 -0.1396047 0.1281821 0.9818757 -0.01977032 -0.9760841 -0.2164924 -0.3085734 0.9403805 0.1430638 -0.2048353 -0.2241496 0.9527851 0.06999486 0.2131925 -0.9744998 0.4418256 -0.8966281 0.02912557 -0.01727569 0.8425198 -0.5383885 0.159878 0.8104522 -0.5635659 -0.2545873 -0.4908013 -0.8332463 0.2148954 0.9766365 -0.001141428 0.04057615 0.04641717 -0.9980978 0.4026406 -0.915358 -7.08297e-4 -0.07973468 0.1814767 -0.9801575 -0.139569 0.1282102 0.9818772 0.2695606 0.1054204 0.9571958 -0.462556 0.1009925 0.8808192 0.2887108 0.1835858 0.9396502 0.3068589 -0.7632197 -0.568624 0.5353007 -0.8401547 -0.0871399 0.6043251 -0.5855937 -0.5402513 0.1826715 -0.9763547 0.1155965 -0.1581161 0.5237534 0.8370674 0.5328513 0.4901468 0.6898012 0.6657192 0.3208986 0.6736781 -0.501915 0.8382895 0.2129601 -0.3511698 0.9187674 0.1804063 0.1251835 0.9828185 -0.1356356 0.3612266 0.7870541 0.5000614 -0.2713601 0.9486824 -0.1623749 0.3954491 0.9078512 -0.1393779 0.4393693 -0.8550631 -0.2753573 0.3242222 0.9088881 0.2623025 0.2693151 -0.9600119 0.0764628 0.01977026 -0.9760839 -0.2164938 0.308573 0.9403804 0.1430646 -0.06999236 0.2131932 -0.9744998 0.2048358 -0.2241503 0.9527849 0.03886389 0.98374 -0.1753429 -0.07292205 0.2582885 -0.9633117 -0.07494431 0.9563794 -0.2823508 0.1629533 0.3553772 -0.9204093 -0.2930539 0.8497017 0.4383224 -0.852706 0.3949001 0.3419744 -0.1711649 0.984797 0.02962225 -0.3265089 0.9426704 0.06902623 -0.5328622 0.4901596 0.6897836 -0.6657738 0.3209089 0.6736192 -0.4945759 -0.8448808 0.2038904 4.98593e-5 -0.473662 0.8807068 -0.3818609 -0.7734653 -0.5058991 -0.494556 -0.8449071 0.2038297 -0.4412528 0.01990944 0.897162 3.27332e-5 -0.4737204 0.8806753 0.1599048 0.8104217 -0.563602 -0.01725399 0.8425517 -0.5383392 -0.1808226 0.8997405 -0.397203 -0.7525935 -0.6059062 0.2578386 -0.1093623 0.9449542 0.3083853 -0.5358979 -0.4333006 0.724613 -0.1085083 -0.9934689 0.03529274 -0.1807841 0.8997458 -0.3972085 -0.2693046 -0.9600235 0.07635438 -0.1808602 0.8997442 -0.3971776 -0.1085746 -0.9934638 0.03523099 0.1599476 0.810433 -0.5635734 -0.7526286 -0.6058616 0.2578412 3.08552e-5 -0.274263 0.9616547 -0.9429484 -0.120526 0.3103578 0.4227991 -0.1546504 -0.8929302 5.48922e-5 -0.1116091 -0.9937523 0.2506482 -0.3083624 -0.9176536 0.2695842 0.1076654 0.9569392 0.1703054 -0.2894578 -0.9419184 1 4.68383e-5 7.72879e-6 0.5045513 -0.8322597 0.2297213 0.3040881 -0.9506646 -0.06137746 2.13208e-5 -0.9500454 0.312112 0.4389046 0.781349 0.4436851 0.07951402 0.7665094 0.6372919 0.1773946 0.870674 0.4587569 0.1826469 -0.9763679 0.1155245 0.3067933 -0.7632355 -0.5686383 0.9206598 0.382697 -0.07699745 0.3265198 0.942674 0.06892448 0.2929839 0.8496932 0.4383857 0.6657822 0.3208799 0.6736247 0.942947 -0.1205353 0.3103581 0.7525826 -0.6059264 0.2578234 0.9542918 -0.2033356 -0.2190475 -0.4418346 -0.8966245 0.02909886 0.1086417 -0.9934567 0.03522694 -0.1598842 0.8104744 -0.563532 -0.2713428 0.9486832 -0.1623983 -0.01726013 0.8425491 -0.538343 0.1251507 0.982815 -0.1356903 0.01999902 0.8402878 -0.5417717 0.8554767 0.5176582 0.01377153 0.1251887 0.9828177 -0.1356365 0.01977866 -0.9760771 -0.216523 -0.06999516 0.2132343 -0.9744906 -0.2317066 -0.6453899 -0.7278626 0.6109381 0.7902181 0.04806256 2.56114e-5 0.9964234 0.08450073 0.2479639 0.9356628 -0.251096</float_array>
          <technique_common>
            <accessor source="#Mesh_0301_rip-mesh-normals-array" count="709" stride="3">
              <param name="X" type="float"/>
              <param name="Y" type="float"/>
              <param name="Z" type="float"/>
            </accessor>
          </technique_common>
        </source>
        <source id="Mesh_0301_rip-mesh-map-0">
          <float_array id="Mesh_0301_rip-mesh-map-0-array" count="2982">0.0158534 0.3904166 0.02593153 0.3477213 0.01349681 0.3499902 0.03037482 0.3906121 0.02593153 0.3477213 0.0158534 0.3904166 0.03037482 0.3906121 0.03725314 0.3436022 0.02593153 0.3477213 0.04051697 0.3885123 0.03725314 0.3436022 0.03037482 0.3906121 0.04051697 0.3885123 0.1141515 0.3804237 0.03725314 0.3436022 0.09479635 0.4275781 0.1141515 0.3804237 0.04051697 0.3885123 0.09479635 0.4275781 0.1192736 0.419959 0.1141515 0.3804237 0.09957963 0.5048843 0.1192736 0.419959 0.09479635 0.4275781 0.09957963 0.5048843 0.1330893 0.5035561 0.1192736 0.419959 0.1697044 0.5180247 0.1330893 0.5035561 0.09957963 0.5048843 0.1697044 0.5180247 0.206431 0.5034793 0.1330893 0.5035561 0.2399172 0.5051385 0.206431 0.5034793 0.1697044 0.5180247 0.2399172 0.5051385 0.2226644 0.4202649 0.206431 0.5034793 0.2473048 0.4281963 0.2226644 0.4202649 0.2399172 0.5051385 0.2473048 0.4281963 0.2269412 0.3818796 0.2226644 0.4202649 0.3008468 0.3880113 0.2269412 0.3818796 0.2473048 0.4281963 0.3008468 0.3880113 0.3027845 0.3434857 0.2269412 0.3818796 0.3109984 0.3902307 0.3027845 0.3434857 0.3008468 0.3880113 0.3109984 0.3902307 0.3148468 0.3476288 0.3027845 0.3434857 0.3255368 0.3899962 0.3148468 0.3476288 0.3109984 0.3902307 0.3255368 0.3899962 0.327458 0.349796 0.3148468 0.3476288 0 0.9947912 0.1558694 0.8882077 0.15587 0.9966115 0.00470668 0.8882077 0.1558694 0.8882077 0 0.9947912 0.00470668 0.8882077 0.1558732 0.7798038 0.1558694 0.8882077 0.004710495 0.7798038 0.1558732 0.7798038 0.00470668 0.8882077 0.004710495 0.7798038 0.1558694 0.8882077 0.1558732 0.7798038 0.00470668 0.8882077 0.1558694 0.8882077 0.004710495 0.7798038 0.00470668 0.8882077 0.15587 0.9966115 0.1558694 0.8882077 0 0.9947912 0.15587 0.9966115 0.00470668 0.8882077 0 0.9947912 0.1558694 0.8882077 0.15587 0.9966115 0.00470668 0.8882077 0.1558694 0.8882077 0 0.9947912 0.00470668 0.8882077 0.1558732 0.7798038 0.1558694 0.8882077 0.004710495 0.7798038 0.1558732 0.7798038 0.00470668 0.8882077 0.004710495 0.7798038 0.1558694 0.8882077 0.1558732 0.7798038 0.00470668 0.8882077 0.1558694 0.8882077 0.004710495 0.7798038 0.00470668 0.8882077 0.15587 0.9966115 0.1558694 0.8882077 0 0.9947912 0.15587 0.9966115 0.00470668 0.8882077 0 0.9947912 0.1558694 0.8882077 0.15587 0.9966115 0.00470668 0.8882077 0.1558694 0.8882077 0 0.9947912 0.00470668 0.8882077 0.1558732 0.7798038 0.1558694 0.8882077 0.004710495 0.7798038 0.1558732 0.7798038 0.00470668 0.8882077 0.004710495 0.7798038 0.1558694 0.8882077 0.1558732 0.7798038 0.00470668 0.8882077 0.1558694 0.8882077 0.004710495 0.7798038 0.00470668 0.8882077 0.15587 0.9966115 0.1558694 0.8882077 0 0.9947912 0.15587 0.9966115 0.00470668 0.8882077 0 0.9947912 0.1558694 0.8882077 0.15587 0.9966115 0.00470668 0.8882077 0.1558694 0.8882077 0 0.9947912 0.00470668 0.8882077 0.1558732 0.7798038 0.1558694 0.8882077 0.004710495 0.7798038 0.1558732 0.7798038 0.00470668 0.8882077 0.004710495 0.7798038 0.1558694 0.8882077 0.1558732 0.7798038 0.00470668 0.8882077 0.1558694 0.8882077 0.004710495 0.7798038 0.00470668 0.8882077 0.15587 0.9966115 0.1558694 0.8882077 0 0.9947912 0.15587 0.9966115 0.00470668 0.8882077 0 0.9947912 0.1558694 0.8882077 0.15587 0.9966115 0.00470668 0.8882077 0.1558694 0.8882077 0 0.9947912 0.00470668 0.8882077 0.1558732 0.7798038 0.1558694 0.8882077 0.004710495 0.7798038 0.1558732 0.7798038 0.00470668 0.8882077 0.004710495 0.7798038 0.1558694 0.8882077 0.1558732 0.7798038 0.00470668 0.8882077 0.1558694 0.8882077 0.004710495 0.7798038 0.00470668 0.8882077 0.15587 0.9966115 0.1558694 0.8882077 0 0.9947912 0.15587 0.9966115 0.00470668 0.8882077 0 0.9947912 0.1558694 0.8882077 0.15587 0.9966115 0.00470668 0.8882077 0.1558694 0.8882077 0 0.9947912 0.00470668 0.8882077 0.1558732 0.7798038 0.1558694 0.8882077 0.004710495 0.7798038 0.1558732 0.7798038 0.00470668 0.8882077 0.004710495 0.7798038 0.1558694 0.8882077 0.1558732 0.7798038 0.00470668 0.8882077 0.1558694 0.8882077 0.004710495 0.7798038 0.00470668 0.8882077 0.15587 0.9966115 0.1558694 0.8882077 0 0.9947912 0.15587 0.9966115 0.00470668 0.8882077 0 0.9947912 0.1558694 0.8882077 0.15587 0.9966115 0.00470668 0.8882077 0.1558694 0.8882077 0 0.9947912 0.00470668 0.8882077 0.1558732 0.7798038 0.1558694 0.8882077 0.004710495 0.7798038 0.1558732 0.7798038 0.00470668 0.8882077 0.004710495 0.7798038 0.1558694 0.8882077 0.1558732 0.7798038 0.00470668 0.8882077 0.1558694 0.8882077 0.004710495 0.7798038 0.00470668 0.8882077 0.15587 0.9966115 0.1558694 0.8882077 0 0.9947912 0.15587 0.9966115 0.00470668 0.8882077 0 0.9947912 0.1558694 0.8882077 0.15587 0.9966115 0.00470668 0.8882077 0.1558694 0.8882077 0 0.9947912 0.00470668 0.8882077 0.1558732 0.7798038 0.1558694 0.8882077 0.004710495 0.7798038 0.1558732 0.7798038 0.00470668 0.8882077 0.004710495 0.7798038 0.1558694 0.8882077 0.1558732 0.7798038 0.00470668 0.8882077 0.1558694 0.8882077 0.004710495 0.7798038 0.00470668 0.8882077 0.15587 0.9966115 0.1558694 0.8882077 0 0.9947912 0.15587 0.9966115 0.00470668 0.8882077 0.5928803 0.8135296 0.6092386 0.8919172 0.6242179 0.8803214 0.5836849 0.827591 0.6092386 0.8919172 0.5928803 0.8135296 0.5836849 0.827591 0.4871225 0.8967055 0.6092386 0.8919172 0.4874079 0.8143833 0.4871225 0.8967055 0.5836849 0.827591 0.4874079 0.8143833 0.3884596 0.8339946 0.4871225 0.8967055 0.3817871 0.8213739 0.3884596 0.8339946 0.4874079 0.8143833 0.3817871 0.8213739 0.3638682 0.8987162 0.3884596 0.8339946 0.3489398 0.8949201 0.3638682 0.8987162 0.3817871 0.8213739 0.3489398 0.8949201 0.382821 0.9600466 0.3638682 0.8987162 0.3689587 0.972769 0.382821 0.9600466 0.3489398 0.8949201 0.3689587 0.972769 0.4891145 0.9802191 0.382821 0.9600466 0.4894962 0.9976396 0.4891145 0.9802191 0.3689587 0.972769 0.4894962 0.9976396 0.6093445 0.9628257 0.4891145 0.9802191 0.4894962 0.9976396 0.4874791 0.9660072 0.3689587 0.972769 0.6093445 0.9628257 0.4874791 0.9660072 0.4894962 0.9976396 0.6093445 0.9628257 0.5980097 0.9505217 0.4874791 0.9660072 0.6242179 0.8803214 0.5980097 0.9505217 0.6093445 0.9628257 0.6242179 0.8803214 0.6026421 0.8822912 0.5980097 0.9505217 0.5928803 0.8135296 0.6026421 0.8822912 0.6242179 0.8803214 0.5928803 0.8135296 0.5836849 0.827591 0.6026421 0.8822912 0.4874079 0.8143833 0.5836849 0.827591 0.5928803 0.8135296 0.4874079 0.8143833 0.4874359 0.8823561 0.5836849 0.827591 0.3884596 0.8339946 0.4874359 0.8823561 0.4874079 0.8143833 0.3884596 0.8339946 0.3722643 0.8823953 0.4874359 0.8823561 0.3817871 0.8213739 0.3722643 0.8823953 0.3884596 0.8339946 0.3817871 0.8213739 0.3506771 0.8804684 0.3722643 0.8823953 0.388512 0.28768 0.3926626 0.2741445 0.3774034 0.2912151 0.5920532 0.28768 0.3926626 0.2741445 0.388512 0.28768 0.5920532 0.28768 0.5920532 0.2741445 0.3926626 0.2741445 0.791444 0.2741445 0.5920532 0.2741445 0.5920532 0.28768 0.791444 0.2741445 0.791444 0.2606089 0.5920532 0.2741445 0.8136612 0.2813613 0.791444 0.2606089 0.791444 0.2741445 0.8136612 0.2813613 0.8247698 0.2714663 0.791444 0.2606089 0.8265998 0.3139851 0.8247698 0.2714663 0.8136612 0.2813613 0.8265998 0.3139851 0.8423098 0.3139851 0.8247698 0.2714663 0.8247698 0.365545 0.8423098 0.3139851 0.8265998 0.3139851 0.3593367 0.2714663 0.3704454 0.2813613 0.3926626 0.2606089 0.3533561 0.313985 0.3704454 0.2813613 0.3593367 0.2714663 0.3533561 0.313985 0.364277 0.3136657 0.3704454 0.2813613 0.3666141 0.3584978 0.364277 0.3136657 0.3533561 0.313985 0.3666141 0.3584978 0.3777227 0.3484842 0.364277 0.3136657 0.3926626 0.362635 0.3777227 0.3484842 0.3666141 0.3584978 0.3926626 0.362635 0.3926626 0.35198 0.3777227 0.3484842 0.5920532 0.362635 0.3926626 0.35198 0.3926626 0.362635 0.5920532 0.362635 0.5920532 0.35198 0.3926626 0.35198 0.791444 0.35198 0.5920532 0.35198 0.5920532 0.362635 0.3417966 0.313985 0.3533561 0.313985 0.3593367 0.2714663 0.3593367 0.365545 0.3533561 0.313985 0.3417966 0.313985 0.3593367 0.365545 0.3666141 0.3584978 0.3533561 0.313985 0.3926626 0.3761776 0.3666141 0.3584978 0.3593367 0.365545 0.3926626 0.3761776 0.3926626 0.362635 0.3666141 0.3584978 0.5920532 0.3761776 0.3926626 0.362635 0.3926626 0.3761776 0.5920532 0.3761776 0.5920532 0.362635 0.3926626 0.362635 0.791444 0.362635 0.5920532 0.362635 0.5920532 0.3761776 0.791444 0.362635 0.791444 0.35198 0.5920532 0.362635 0.8079802 0.3458787 0.791444 0.35198 0.791444 0.362635 0.791444 0.2606089 0.791444 0.2741445 0.8247698 0.2714663 0.5920532 0.2606089 0.791444 0.2741445 0.791444 0.2606089 0.5920532 0.2606089 0.5920532 0.2741445 0.791444 0.2741445 0.3926626 0.2741445 0.5920532 0.2741445 0.5920532 0.2606089 0.3926626 0.2741445 0.388512 0.28768 0.5920532 0.2741445 0.3704454 0.2813613 0.388512 0.28768 0.3926626 0.2741445 0.3704454 0.2813613 0.3774034 0.2912151 0.388512 0.28768 0.3533561 0.313985 0.3774034 0.2912151 0.3704454 0.2813613 0.3533561 0.313985 0.364277 0.3136657 0.3774034 0.2912151 0.3777227 0.3484842 0.364277 0.3136657 0.3533561 0.313985 0.8079802 0.2912151 0.8136612 0.2813613 0.791444 0.28768 0.8265998 0.3139851 0.8136612 0.2813613 0.8079802 0.2912151 0.8265998 0.3139851 0.8423098 0.3139851 0.8136612 0.2813613 0.8136612 0.3556243 0.8423098 0.3139851 0.8265998 0.3139851 0.8136612 0.3556243 0.8247698 0.365545 0.8423098 0.3139851 0.791444 0.362635 0.8247698 0.365545 0.8136612 0.3556243 0.791444 0.362635 0.791444 0.3761776 0.8247698 0.365545 0.5920532 0.362635 0.791444 0.3761776 0.791444 0.362635 0.5920532 0.362635 0.5920532 0.3761776 0.791444 0.3761776 0.3926626 0.3761776 0.5920532 0.3761776 0.5920532 0.362635 0.8163176 0.3139851 0.8265998 0.3139851 0.8079802 0.2912151 0.8079802 0.3458787 0.8265998 0.3139851 0.8163176 0.3139851 0.8079802 0.3458787 0.8136612 0.3556243 0.8265998 0.3139851 0.791444 0.35198 0.8136612 0.3556243 0.8079802 0.3458787 0.791444 0.35198 0.791444 0.362635 0.8136612 0.3556243 0.5920532 0.35198 0.791444 0.362635 0.791444 0.35198 0.5920532 0.35198 0.5920532 0.362635 0.791444 0.362635 0.3926626 0.362635 0.5920532 0.362635 0.5920532 0.35198 0.3926626 0.362635 0.3926626 0.3761776 0.5920532 0.362635 0.3593367 0.365545 0.3926626 0.3761776 0.3926626 0.362635 0.4215136 0.2489643 0.4069594 0.2341094 0.1983098 0.2489299 0.4136471 0.01797765 0.4069594 0.2341094 0.4215136 0.2489643 0.4136471 0.01797765 0.3972559 0.03299856 0.4069594 0.2341094 0.2225685 0.03299856 0.3972559 0.03299856 0.4136471 0.01797765 0.2225685 0.03299856 0.3914415 0.2154383 0.3972559 0.03299856 0.2283831 0.2154383 0.3914415 0.2154383 0.2225685 0.03299856 0.2283831 0.2154383 0.2128652 0.2341094 0.3914415 0.2154383 0.2061773 0.01797765 0.2128652 0.2341094 0.2283831 0.2154383 0.2061773 0.01797765 0.1907994 0.002912163 0.2128652 0.2341094 0.4328844 0.006079494 0.1907994 0.002912163 0.2061773 0.01797765 0.2564055 0.6870249 0.2564055 0.8366373 0.2911496 0.688642 0.2406801 0.6858267 0.2564055 0.8366373 0.2564055 0.6870249 0.2406801 0.6858267 0.2406796 0.8347169 0.2564055 0.8366373 0.182927 0.8292688 0.2406796 0.8347169 0.2406801 0.6858267 0.182927 0.8292688 0.2406792 0.9265351 0.2406796 0.8347169 0.1662663 0.9146332 0.2406792 0.9265351 0.182927 0.8292688 0.1662663 0.9146332 0.2406789 0.9929348 0.2406792 0.9265351 0.1662663 0.9929348 0.2406789 0.9929348 0.1662663 0.9146332 0.1662663 0.9929348 0.1662663 0.977408 0.2406789 0.9929348 0.205677 0.6912937 0.2406801 0.6858267 0.2406805 0.5614492 0.2406796 0.8347169 0.2406801 0.6858267 0.205677 0.6912937 0.2406796 0.8347169 0.2564055 0.6870249 0.2406801 0.6858267 0.2564055 0.8366373 0.2564055 0.6870249 0.2406796 0.8347169 0.2564055 0.8366373 0.319774 0.8255289 0.2564055 0.6870249 0.2564055 0.9254838 0.319774 0.8255289 0.2564055 0.8366373 0.2564055 0.9254838 0.3402743 0.9109197 0.319774 0.8255289 0.2564055 0.9929348 0.3402743 0.9109197 0.2564055 0.9254838 0.2564055 0.9929348 0.3434991 0.9929348 0.3402743 0.9109197 0.4320815 0.2230241 0.620246 0.2041721 0.6136097 0.2397801 0.4370501 0.1961397 0.620246 0.2041721 0.4320815 0.2230241 0.4370501 0.1961397 0.6221003 0.1671462 0.620246 0.2041721 0.4384123 0.1684868 0.6221003 0.1671462 0.4370501 0.1961397 0.4384123 0.1684868 0.6187205 0.1303872 0.6221003 0.1671462 0.4358944 0.1410289 0.6187205 0.1303872 0.4384123 0.1684868 0.4358944 0.1410289 0.612448 0.1008374 0.6187205 0.1303872 0.4309672 0.1179049 0.612448 0.1008374 0.4358944 0.1410289 0.6965914 0.4880771 0.9145491 0.3920589 0.6965776 0.3922049 0.9145491 0.4879729 0.9145491 0.3920589 0.6965914 0.4880771 0.9145491 0.4879729 0.9310088 0.5022552 0.9145491 0.3920589 0.6965914 0.4880771 0.9310088 0.5022552 0.9145491 0.4879729 0.6965914 0.4880771 0.6802008 0.5023422 0.9310088 0.5022552 0.6965776 0.3922049 0.6802008 0.5023422 0.6965914 0.4880771 0.6965776 0.3922049 0.6801877 0.3793024 0.6802008 0.5023422 0.9308808 0.3791316 0.6801877 0.3793024 0.6965776 0.3922049 0.6256339 0.1040806 0.8538392 0.1040806 0.6256339 0.154139 0.6256339 0.154139 0.8538392 0.1040806 0.6256339 0.1040806 0.6256339 0.154139 0.8538392 0.154139 0.8538392 0.1040806 0.6256339 0.1040806 0.8538392 0.154139 0.6256339 0.154139 0.6256339 0.1040806 0.8538392 0.1040806 0.8538392 0.154139 0.6256339 0.154139 0.8538392 0.1040806 0.6256339 0.1040806 0.6256339 0.154139 0.8538392 0.154139 0.8538392 0.1040806 0.8538392 0.1040806 0.8538392 0.154139 0.6256339 0.154139 0.8247698 0.365545 0.8136612 0.3556243 0.791444 0.3761776 0.8265998 0.3139851 0.8136612 0.3556243 0.8247698 0.365545 0.8265998 0.3139851 0.8163176 0.3139851 0.8136612 0.3556243 0.8136612 0.2813613 0.8163176 0.3139851 0.8265998 0.3139851 0.8136612 0.2813613 0.8079802 0.2912151 0.8163176 0.3139851 0.791444 0.2741445 0.8079802 0.2912151 0.8136612 0.2813613 0.791444 0.2741445 0.791444 0.28768 0.8079802 0.2912151 0.5920532 0.28768 0.791444 0.28768 0.791444 0.2741445 0.3777227 0.3484842 0.3666141 0.3584978 0.3926626 0.35198 0.3533561 0.313985 0.3666141 0.3584978 0.3777227 0.3484842 0.3533561 0.313985 0.3417966 0.313985 0.3666141 0.3584978 0.3704454 0.2813613 0.3417966 0.313985 0.3533561 0.313985 0.3704454 0.2813613 0.3593367 0.2714663 0.3417966 0.313985 0.3926626 0.2741445 0.3593367 0.2714663 0.3704454 0.2813613 0.3926626 0.2741445 0.3926626 0.2606089 0.3593367 0.2714663 0.5920532 0.2606089 0.3926626 0.2606089 0.3926626 0.2741445 0.3229933 0.4474514 0.2836615 0.5087628 0.2970817 0.5370635 0.2997468 0.4393458 0.2836615 0.5087628 0.3229933 0.4474514 0.2997468 0.4393458 0.2773237 0.5007258 0.2836615 0.5087628 0.2997468 0.4393458 0.2773237 0.5007258 0.2997468 0.4393458 0.2997468 0.4393458 0.2852141 0.4383608 0.2773237 0.5007258 0.3008468 0.3880113 0.2852141 0.4383608 0.2997468 0.4393458 0.3008468 0.3880113 0.2473048 0.4281963 0.2852141 0.4383608 0.8423098 0.3139851 0.8794488 0.3101985 0.8505025 0.2967433 0.8743731 0.3210653 0.8794488 0.3101985 0.8423098 0.3139851 0.8743731 0.3210653 0.9082808 0.3317303 0.8794488 0.3101985 0.8790331 0.3376296 0.9082808 0.3317303 0.8743731 0.3210653 0.8790331 0.3376296 0.9050999 0.353366 0.9082808 0.3317303 0.860656 0.3645209 0.9050999 0.353366 0.8790331 0.3376296 0.860656 0.3645209 0.8890982 0.3765304 0.9050999 0.353366 0.09957963 0.5048843 0.06206971 0.5022934 0.1697044 0.5180247 0.06206971 0.5022934 0.06206971 0.5022934 0.09957963 0.5048843 0.06206971 0.5022934 0.04282134 0.4398621 0.06206971 0.5022934 0.04282134 0.4398621 0.04282134 0.4398621 0.06206971 0.5022934 0.04282134 0.4398621 0.04051697 0.3885123 0.04282134 0.4398621 0.05736243 0.4389384 0.04051697 0.3885123 0.04282134 0.4398621 0.05736243 0.4389384 0.09479635 0.4275781 0.04051697 0.3885123 0.860656 0.3645209 0.9050999 0.353366 0.8890982 0.3765304 0.8790331 0.3376296 0.9050999 0.353366 0.860656 0.3645209 0.8790331 0.3376296 0.9082808 0.3317303 0.9050999 0.353366 0.8743731 0.3210653 0.9082808 0.3317303 0.8790331 0.3376296 0.8743731 0.3210653 0.8794488 0.3101985 0.9082808 0.3317303 0.8423098 0.3139851 0.8794488 0.3101985 0.8743731 0.3210653 0.8423098 0.3139851 0.8505025 0.2967433 0.8794488 0.3101985 0.620246 0.2041721 0.4370501 0.1961397 0.4320815 0.2230241 0.6221003 0.1671462 0.4370501 0.1961397 0.620246 0.2041721 0.6221003 0.1671462 0.4384123 0.1684868 0.4370501 0.1961397 0.6187205 0.1303872 0.4384123 0.1684868 0.6221003 0.1671462 0.6187205 0.1303872 0.4358944 0.1410289 0.4384123 0.1684868 0.612448 0.1008374 0.4358944 0.1410289 0.6187205 0.1303872 0.612448 0.1008374 0.4309672 0.1179049 0.4358944 0.1410289 0.2399172 0.5051385 0.2836615 0.5087628 0.2773237 0.5007258 0.1697044 0.5180247 0.2836615 0.5087628 0.2399172 0.5051385 0.1697044 0.5180247 0.1698375 0.5510874 0.2836615 0.5087628 0.06206971 0.5022934 0.1698375 0.5510874 0.1697044 0.5180247 0.06206971 0.5022934 0.04220485 0.5380374 0.1698375 0.5510874 0.01892793 0.447784 0.04220485 0.5380374 0.06206971 0.5022934 0.3774034 0.2912151 0.3704454 0.2813613 0.364277 0.3136657 0.3926626 0.2741445 0.3704454 0.2813613 0.3774034 0.2912151 0.3926626 0.2741445 0.3926626 0.2606089 0.3704454 0.2813613 0.5920532 0.2741445 0.3926626 0.2606089 0.3926626 0.2741445 0.5920532 0.2741445 0.5920532 0.2606089 0.3926626 0.2606089 0.791444 0.2606089 0.5920532 0.2606089 0.5920532 0.2741445 0.8247698 0.2714663 0.8136612 0.2813613 0.8423098 0.3139851 0.791444 0.2741445 0.8136612 0.2813613 0.8247698 0.2714663 0.791444 0.2741445 0.791444 0.28768 0.8136612 0.2813613 0.5920532 0.2741445 0.791444 0.28768 0.791444 0.2741445 0.5920532 0.2741445 0.5920532 0.28768 0.791444 0.28768 0.388512 0.28768 0.5920532 0.28768 0.5920532 0.2741445 0.182927 0.8292688 0.2406796 0.8347169 0.205677 0.6912937 0.1662663 0.9146332 0.2406796 0.8347169 0.182927 0.8292688 0.1662663 0.9146332 0.2406792 0.9265351 0.2406796 0.8347169 0.2406789 0.9929348 0.2406792 0.9265351 0.1662663 0.9146332 0.2406789 0.9929348 0.2564055 0.9254838 0.2406792 0.9265351 0.2564055 0.9929348 0.2564055 0.9254838 0.2406789 0.9929348 0.4328844 0.006079494 0.8616073 0.02104842 0.8616073 0.006079494 0.4328844 0.02104842 0.8616073 0.02104842 0.4328844 0.006079494 0.4328844 0.02104842 0.4328844 0.0824365 0.8616073 0.02104842 0.5783412 0.0824365 0.4328844 0.0824365 0.4328844 0.02104842 0.5783412 0.0824365 0.5783412 0.09714353 0.4328844 0.0824365 0.382821 0.9600466 0.3722643 0.8823953 0.3506771 0.8804684 0.4874791 0.9660072 0.3722643 0.8823953 0.382821 0.9600466 0.4874791 0.9660072 0.4874359 0.8823561 0.3722643 0.8823953 0.6026421 0.8822912 0.4874359 0.8823561 0.4874791 0.9660072 0.6026421 0.8822912 0.5836849 0.827591 0.4874359 0.8823561 0.3211284 0.701232 0.3591633 0.689919 0.3259741 0.7450375 0.3052855 0.6578246 0.3591633 0.689919 0.3211284 0.701232 0.3052855 0.6578246 0.3472335 0.6346843 0.3591633 0.689919 0.2824503 0.6236273 0.3472335 0.6346843 0.3052855 0.6578246 0.2824503 0.6236273 0.3133927 0.5930467 0.3472335 0.6346843 0.3368979 0.257191 0.3148468 0.3476288 0.327458 0.349796 0.3138775 0.258009 0.3148468 0.3476288 0.3368979 0.257191 0.3138775 0.258009 0.3027845 0.3434857 0.3148468 0.3476288 0.2252996 0.3430676 0.3027845 0.3434857 0.3138775 0.258009 0.2252996 0.3430676 0.2269412 0.3818796 0.3027845 0.3434857 0.253499 0.5633756 0.2564055 0.6870249 0.2911496 0.688642 0.2406805 0.5614492 0.2564055 0.6870249 0.253499 0.5633756 0.2406805 0.5614492 0.2406801 0.6858267 0.2564055 0.6870249 0.205677 0.6912937 0.2406801 0.6858267 0.2406805 0.5614492 0.205677 0.6912937 0.182927 0.8292688 0.2406801 0.6858267 0.2564055 0.9929348 0.2564055 0.9254838 0.2406792 0.9265351 0.3402743 0.9109197 0.2564055 0.9254838 0.2564055 0.9929348 0.3402743 0.9109197 0.2564055 0.8366373 0.2564055 0.9254838 0.319774 0.8255289 0.2564055 0.8366373 0.3402743 0.9109197 0.319774 0.8255289 0.2911496 0.688642 0.2564055 0.8366373 0.382821 0.9600466 0.4871225 0.8967055 0.3638682 0.8987162 0.4891145 0.9802191 0.4871225 0.8967055 0.382821 0.9600466 0.4891145 0.9802191 0.5980097 0.9505217 0.4871225 0.8967055 0.6093445 0.9628257 0.5980097 0.9505217 0.4891145 0.9802191 0.6093445 0.9628257 0.6242179 0.8803214 0.5980097 0.9505217 0.1127845 0.3409655 0.03725314 0.3436022 0.1141515 0.3804237 0.02877062 0.2569018 0.03725314 0.3436022 0.1127845 0.3409655 0.02877062 0.2569018 0.02593153 0.3477213 0.03725314 0.3436022 0.005601525 0.2568266 0.02593153 0.3477213 0.02877062 0.2569018 0.005601525 0.2568266 0.01349681 0.3499902 0.02593153 0.3477213 0.6722432 0.9931452 0.6874259 0.6499986 0.6722432 0.6499986 0.6874259 0.9931452 0.6874259 0.6499986 0.6722432 0.9931452 0.6874259 0.9931452 0.9803565 0.6499986 0.6874259 0.6499986 0.9803565 0.9931452 0.9803565 0.6499986 0.6874259 0.9931452 0.9803565 0.9931452 0.995447 0.9931452 0.9803565 0.6499986 0.003831446 0.6097725 0.1874633 0.6097745 0.1808252 0.5545422 0.003831267 0.6332085 0.1874633 0.6097745 0.003831446 0.6097725 0.003831267 0.6332085 0.1874629 0.6332104 0.1874633 0.6097745 0.003832459 0.768698 0.1874629 0.6332104 0.003831267 0.6332085 0.003832459 0.768698 0.1874587 0.768698 0.1874629 0.6332104 0.578853 0.5738382 0.6118196 0.5738381 0.5164505 0.759791 0.5788527 0.4723765 0.6118196 0.5738381 0.578853 0.5738382 0.5788527 0.4723765 0.6118189 0.3847388 0.6118196 0.5738381 0.511834 0.3847391 0.6118189 0.3847388 0.5788527 0.4723765 0.6988789 0.2497074 0.6548817 0.1604614 0.6091268 0.2566258 0.794933 0.1916727 0.6548817 0.1604614 0.6988789 0.2497074 0.794933 0.1916727 0.841651 0.1587929 0.6548817 0.1604614 0.8554849 0.1875767 0.841651 0.1587929 0.794933 0.1916727 0.6691739 0.4611279 0.6238573 0.578957 0.6238577 0.4611278 0.6691727 0.7960601 0.6238573 0.578957 0.6691739 0.4611279 0.6691727 0.7960601 0.5469216 0.7176645 0.6238573 0.578957 0.5469213 0.7960597 0.5469216 0.7176645 0.6691727 0.7960601 0.3817871 0.8213739 0.3778135 0.6052772 0.5084054 0.6052778 0.5084048 0.7745795 0.3778135 0.6052772 0.3817871 0.8213739 0.5084048 0.7745795 0.5084054 0.6052778 0.3778135 0.6052772 0.3778135 0.6052772 0.5084054 0.6052778 0.5084048 0.7745795 0.2406801 0.6858267 0.253499 0.5633756 0.2406805 0.5614492 0.2564055 0.6870249 0.253499 0.5633756 0.2406801 0.6858267 0.2564055 0.6870249 0.2911496 0.688642 0.253499 0.5633756 0.319774 0.8255289 0.2911496 0.688642 0.2564055 0.6870249 0.2406789 0.9929348 0.1662663 0.9929348 0.2406789 0.9774078 0.1662663 0.9146332 0.1662663 0.9929348 0.2406789 0.9929348 0.1662663 0.9146332 0.1838827 0.9929348 0.1662663 0.9929348 0.1838824 0.9146332 0.1838827 0.9929348 0.1662663 0.9146332 0.8079802 0.3458787 0.8136612 0.3556243 0.8163176 0.3139851 0.791444 0.362635 0.8136612 0.3556243 0.8079802 0.3458787 0.791444 0.362635 0.791444 0.3761776 0.8136612 0.3556243 0.5920532 0.3761776 0.791444 0.3761776 0.791444 0.362635 0.3593367 0.365545 0.3666141 0.3584978 0.3417966 0.313985 0.3926626 0.362635 0.3666141 0.3584978 0.3593367 0.365545 0.3926626 0.362635 0.3926626 0.35198 0.3666141 0.3584978 0.5920532 0.35198 0.3926626 0.35198 0.3926626 0.362635 0.1983098 0.2489299 0.2128652 0.2341094 0.1907994 0.002912163 0.4069594 0.2341094 0.2128652 0.2341094 0.1983098 0.2489299 0.4069594 0.2341094 0.3914415 0.2154383 0.2128652 0.2341094 0.3972559 0.03299856 0.3914415 0.2154383 0.4069594 0.2341094 0.4328844 0.006079494 0.4136471 0.01797765 0.4215136 0.2489643 0.2061773 0.01797765 0.4136471 0.01797765 0.4328844 0.006079494 0.2061773 0.01797765 0.2225685 0.03299856 0.4136471 0.01797765 0.2283831 0.2154383 0.2225685 0.03299856 0.2061773 0.01797765 0.4328844 0.0824365 0.8616073 0.0824365 0.8616073 0.02104842 0.4328844 0.09714353 0.8616073 0.0824365 0.4328844 0.0824365 0.4328844 0.09714353 0.8616073 0.09714353 0.8616073 0.0824365 0.5783412 0.006079494 0.4328844 0.02104842 0.4328844 0.006079494 0.5783412 0.02104812 0.4328844 0.02104842 0.5783412 0.006079494 0.5783412 0.02104812 0.5783412 0.0824365 0.4328844 0.02104842 0.3178877 0.7902417 0.3655619 0.7477641 0.3681066 0.804887 0.3259741 0.7450375 0.3655619 0.7477641 0.3178877 0.7902417 0.3259741 0.7450375 0.3591633 0.689919 0.3655619 0.7477641 0.2997468 0.4393458 0.3109984 0.3902307 0.3008468 0.3880113 0.3229933 0.4474514 0.3109984 0.3902307 0.2997468 0.4393458 0.3229933 0.4474514 0.3255368 0.3899962 0.3109984 0.3902307 0.8563075 0.2049993 0.9907881 0.2049999 0.8616073 0.09714353 0.8553259 0.2629287 0.9907881 0.2049999 0.8563075 0.2049993 0.8553259 0.2629287 0.993255 0.2725805 0.9907881 0.2049999 0.983502 0.1012754 0.8616073 0.09714353 0.9907881 0.2049999 0.9707415 0.005669832 0.8616073 0.09714353 0.983502 0.1012754 0.9707415 0.005669832 0.8763555 0.005669474 0.8616073 0.09714353 0.5084048 0.7745795 0.3778135 0.6052772 0.5084054 0.6052778 0.3817871 0.8213739 0.3778135 0.6052772 0.5084048 0.7745795 0.3817871 0.8213739 0.5084054 0.6052778 0.3778135 0.6052772 0.9095787 0.299918 0.8794488 0.3101985 0.9082808 0.3317303 0.8992812 0.2696861 0.8794488 0.3101985 0.9095787 0.299918 0.8992812 0.2696861 0.8691353 0.2799722 0.8794488 0.3101985 0.5928803 0.8135296 0.4874079 0.8143833 0.5836849 0.827591 0.486288 0.7991332 0.4874079 0.8143833 0.5928803 0.8135296 0.486288 0.7991332 0.3817871 0.8213739 0.4874079 0.8143833 0.5815005 0.8128115 0.4904735 0.9101186 0.6185039 0.9055439 0.486288 0.7991332 0.4904735 0.9101186 0.5815005 0.8128115 0.486288 0.7991332 0.3921477 0.8177846 0.4904735 0.9101186 0.03037482 0.3906121 0.04282134 0.4398621 0.04051697 0.3885123 0.01892793 0.447784 0.04282134 0.4398621 0.03037482 0.3906121 0.01892793 0.447784 0.06206971 0.5022934 0.04282134 0.4398621 0.6118196 0.5738381 0.5788527 0.4723765 0.578853 0.5738382 0.6118189 0.3847388 0.5788527 0.4723765 0.6118196 0.5738381 0.6118189 0.3847388 0.511834 0.3847391 0.5788527 0.4723765 0.8992812 0.2696861 0.8794488 0.3101985 0.8691353 0.2799722 0.9095787 0.299918 0.8794488 0.3101985 0.8992812 0.2696861 0.9095787 0.299918 0.9082808 0.3317303 0.8794488 0.3101985 0.9970615 0.3683755 0.9116479 0.2725805 0.963122 0.5407761 0.993255 0.2725805 0.9116479 0.2725805 0.9970615 0.3683755 0.993255 0.2725805 0.9970615 0.3683755 0.9116479 0.2725805 0.6238573 0.578957 0.6691727 0.7960601 0.6691739 0.4611279 0.5469216 0.7176645 0.6691727 0.7960601 0.6238573 0.578957 0.5469216 0.7176645 0.5469213 0.7960597 0.6691727 0.7960601 0.7307473 0.3380296 0.5832739 0.2940282 0.7306705 0.2940282 0.5832739 0.3380296 0.5832739 0.2940282 0.7307473 0.3380296 0.5832739 0.3380296 0.4358005 0.3380296 0.5832739 0.2940282 0.794933 0.1916727 0.6548817 0.1604614 0.841651 0.1587929 0.6988789 0.2497074 0.6548817 0.1604614 0.794933 0.1916727 0.6988789 0.2497074 0.6091268 0.2566258 0.6548817 0.1604614 0.486288 0.7991332 0.4874079 0.8143833 0.5928803 0.8135296 0.3817871 0.8213739 0.4874079 0.8143833 0.486288 0.7991332 0.3817871 0.8213739 0.3884596 0.8339946 0.4874079 0.8143833 0.6092386 0.8919172 0.5980097 0.9505217 0.6242179 0.8803214 0.4871225 0.8967055 0.5980097 0.9505217 0.6092386 0.8919172 0.3689587 0.972769 0.382821 0.9600466 0.3506771 0.8804684 0.4874791 0.9660072 0.382821 0.9600466 0.3689587 0.972769 0.8473822 0.3453155 0.8743731 0.3210653 0.8433241 0.3286056 0.8790331 0.3376296 0.8743731 0.3210653 0.8473822 0.3453155 0.004852771 0.2267236 0.1907994 0.002912163 0.004852771 0.008748292 0.1866959 0.2263175 0.1907994 0.002912163 0.004852771 0.2267236 0.7265946 0.5041434 0.9803565 0.6499986 0.9451792 0.505547 0.6874259 0.6499986 0.9803565 0.6499986 0.7265946 0.5041434 0.2564055 0.9254838 0.2406796 0.8347169 0.2406792 0.9265351 0.2564055 0.8366373 0.2406796 0.8347169 0.2564055 0.9254838 0.7612439 0.03081274 0.6659442 0.06008923 0.7612439 0.06008923 0.6659442 0.03081274 0.6659442 0.06008923 0.7612439 0.03081274 0.6134866 0.8045043 0.6651514 0.8535092 0.6135634 0.8552544 0.6691727 0.7960601 0.6651514 0.8535092 0.6134866 0.8045043 0.1662663 0.9929348 0.1838824 0.9146332 0.1838827 0.9929348 0.1662663 0.9146332 0.1838824 0.9146332 0.1662663 0.9929348 0.9308808 0.3791316 0.9145491 0.3920589 0.9310088 0.5022552 0.6965776 0.3922049 0.9145491 0.3920589 0.9308808 0.3791316 0.8616073 0.02104842 0.4328844 0.0824365 0.4328844 0.02104842 0.8616073 0.0824365 0.4328844 0.0824365 0.8616073 0.02104842 0.8473822 0.3453155 0.8743731 0.3210653 0.8790331 0.3376296 0.8433241 0.3286056 0.8743731 0.3210653 0.8473822 0.3453155 0.1866959 0.2263175 0.004852771 0.008748292 0.004852771 0.2267236 0.1907994 0.002912163 0.004852771 0.008748292 0.1866959 0.2263175 0.9803565 0.9931452 0.740911 0.6694512 0.6982716 0.9954724 0.9420501 0.6694535 0.740911 0.6694512 0.9803565 0.9931452 0.2406792 0.9265351 0.2564055 0.8366373 0.2406796 0.8347169 0.2564055 0.9254838 0.2564055 0.8366373 0.2406792 0.9265351 0.6134866 0.8045043 0.6651514 0.8535092 0.6691727 0.7960601 0.6135634 0.8552544 0.6651514 0.8535092 0.6134866 0.8045043 0.02877062 0.2569018 0.2252996 0.3430676 0.3138775 0.258009 0.1127845 0.3409655 0.2252996 0.3430676 0.02877062 0.2569018 0.2997468 0.4393458 0.2997468 0.4393458 0.3008468 0.3880113 0.5084048 0.7745795 0.5084054 0.6052778 0.3778135 0.6052772 0.963122 0.5407761 0.9116479 0.2725805 0.9970615 0.3683755 0.2970817 0.5370635 0.2836615 0.5087628 0.1698375 0.5510874 0.3434991 0.9929348 0.3402743 0.9109197 0.2564055 0.9929348 0.995447 0.6499986 0.9803565 0.6499986 0.995447 0.9931452 0.2406789 0.9929348 0.2564055 0.9929348 0.2406792 0.9265351 0.2406789 0.9774078 0.2406789 0.9929348 0.1662663 0.977408 0.4358773 0.2940282 0.5832739 0.2940282 0.4358005 0.3380296 0.3638682 0.8987162 0.4871225 0.8967055 0.3884596 0.8339946 0.4328844 0.09714353 0.4328844 0.0824365 0.5783412 0.09714353 0.5980097 0.9505217 0.6026421 0.8822912 0.4874791 0.9660072 0.578853 0.5738382 0.5164505 0.759791 0.6118196 0.5738381 0.0158534 0.3904166 0.01892793 0.447784 0.03037482 0.3906121 0.05736243 0.4389384 0.04282134 0.4398621 0.06206971 0.5022934 0.6691739 0.4611279 0.6238577 0.4611278 0.6238573 0.578957 0.1662663 0.977408 0.2406789 0.9774078 0.1662663 0.9929348 0.0104708 0.5545403 0.003831446 0.6097725 0.1808252 0.5545422 0.8554849 0.1875767 0.794933 0.1916727 0.841651 0.1587929 0.6136097 0.2397801 0.620246 0.2041721 0.4320815 0.2230241 0.3546589 0.9103748 0.4904735 0.9101186 0.3921477 0.8177846</float_array>
          <technique_common>
            <accessor source="#Mesh_0301_rip-mesh-map-0-array" count="1491" stride="2">
              <param name="S" type="float"/>
              <param name="T" type="float"/>
            </accessor>
          </technique_common>
        </source>
        <vertices id="Mesh_0301_rip-mesh-vertices">
          <input semantic="POSITION" source="#Mesh_0301_rip-mesh-positions"/>
        </vertices>
        <triangles material="Material_002-material" count="497">
          <input semantic="VERTEX" source="#Mesh_0301_rip-mesh-vertices" offset="0"/>
          <input semantic="NORMAL" source="#Mesh_0301_rip-mesh-normals" offset="1"/>
          <input semantic="TEXCOORD" source="#Mesh_0301_rip-mesh-map-0" offset="2" set="0"/>
          <p>2 0 0 1 1 1 0 2 2 3 3 3 1 1 4 2 0 5 3 3 6 4 4 7 1 1 8 5 5 9 4 4 10 3 3 11 5 5 12 6 6 13 4 4 14 7 7 15 6 6 16 5 5 17 7 7 18 8 8 19 6 6 20 9 9 21 8 8 22 7 7 23 9 9 24 10 10 25 8 8 26 11 11 27 10 10 28 9 9 29 11 11 30 12 12 31 10 10 32 13 13 33 12 12 34 11 11 35 13 13 36 14 14 37 12 12 38 15 15 39 14 14 40 13 13 41 15 15 42 16 16 43 14 14 44 17 17 45 16 16 46 15 15 47 17 17 48 18 18 49 16 16 50 19 19 51 18 18 52 17 17 53 19 19 54 20 20 55 18 18 56 21 21 57 20 20 58 19 19 59 21 21 60 22 22 61 20 20 62 25 23 63 24 24 64 23 25 65 26 26 66 24 24 67 25 23 68 26 26 69 27 27 70 24 24 71 28 28 72 27 27 73 26 26 74 28 28 75 29 29 76 27 27 77 30 30 78 29 29 79 28 28 80 30 30 81 31 31 82 29 29 83 32 32 84 31 31 85 30 30 86 32 32 87 33 33 88 31 31 89 34 34 90 33 33 91 32 32 92 34 34 93 35 35 94 33 33 95 36 36 96 35 35 97 34 34 98 36 36 99 37 37 100 35 35 101 38 38 102 37 37 103 36 36 104 38 38 105 39 39 106 37 37 107 40 40 108 39 39 109 38 38 110 43 41 111 42 42 112 41 43 113 44 44 114 42 42 115 43 41 116 44 44 117 45 45 118 42 42 119 46 46 120 45 45 121 44 44 122 46 46 123 47 47 124 45 45 125 48 48 126 47 47 127 46 46 128 48 48 129 49 49 130 47 47 131 50 50 132 49 49 133 48 48 134 50 50 135 51 51 136 49 49 137 52 52 138 51 51 139 50 50 140 52 52 141 53 53 142 51 51 143 54 54 144 53 53 145 52 52 146 54 54 147 55 55 148 53 53 149 56 56 150 55 55 151 54 54 152 56 56 153 57 57 154 55 55 155 58 58 156 57 57 157 56 56 158 61 59 159 60 60 160 59 61 161 62 62 162 60 60 163 61 59 164 62 62 165 63 63 166 60 60 167 64 64 168 63 63 169 62 62 170 64 64 171 65 65 172 63 63 173 66 66 174 65 65 175 64 64 176 66 66 177 67 67 178 65 65 179 68 68 180 67 67 181 66 66 182 68 68 183 69 69 184 67 67 185 70 70 186 69 69 187 68 68 188 70 70 189 71 71 190 69 69 191 72 72 192 71 71 193 70 70 194 72 72 195 73 73 196 71 71 197 74 74 198 73 73 199 72 72 200 74 74 201 75 75 202 73 73 203 76 76 204 75 75 205 74 74 206 79 77 207 78 78 208 77 79 209 80 80 210 78 78 211 79 77 212 80 80 213 81 81 214 78 78 215 82 82 216 81 81 217 80 80 218 82 82 219 83 83 220 81 81 221 84 84 222 83 83 223 82 82 224 84 84 225 85 85 226 83 83 227 86 86 228 85 85 229 84 84 230 86 86 231 87 87 232 85 85 233 88 88 234 87 87 235 86 86 236 88 88 237 89 89 238 87 87 239 90 90 240 89 89 241 88 88 242 90 90 243 91 91 244 89 89 245 92 92 246 91 91 247 90 90 248 92 92 249 93 93 250 91 91 251 94 94 252 93 93 253 92 92 254 97 95 255 96 96 256 95 97 257 98 98 258 96 96 259 97 95 260 98 98 261 99 99 262 96 96 263 100 100 264 99 99 265 98 98 266 100 100 267 101 101 268 99 99 269 102 102 270 101 101 271 100 100 272 102 102 273 103 103 274 101 101 275 104 104 276 103 103 277 102 102 278 104 104 279 105 105 280 103 103 281 106 106 282 105 105 283 104 104 284 106 106 285 107 107 286 105 105 287 108 108 288 107 107 289 106 106 290 108 108 291 109 109 292 107 107 293 112 110 294 111 111 295 110 112 296 113 113 297 111 111 298 112 110 299 113 113 300 114 114 301 111 111 302 115 115 303 114 114 304 113 113 305 115 115 306 116 116 307 114 114 308 117 117 309 116 116 310 115 115 311 117 117 312 118 118 313 116 116 314 119 119 315 118 118 316 117 117 317 119 119 318 120 120 319 118 118 320 121 121 321 120 120 322 119 119 323 121 121 324 122 122 325 120 120 326 123 123 327 122 122 328 121 121 329 123 123 330 124 124 331 122 122 332 127 125 333 126 126 334 125 127 335 128 128 336 126 126 337 127 125 338 128 128 339 129 129 340 126 126 341 130 130 342 129 129 343 128 128 344 130 130 345 131 131 346 129 129 347 132 132 348 131 131 349 130 130 350 132 132 351 133 133 352 131 131 353 134 134 354 133 133 355 132 132 356 134 134 357 135 135 358 133 133 359 136 136 360 135 135 361 134 134 362 139 137 363 138 138 364 137 139 365 140 140 366 138 138 367 139 137 368 140 140 369 141 141 370 138 138 371 142 142 372 141 141 373 140 140 374 142 142 375 143 143 376 141 141 377 144 144 378 143 143 379 142 142 380 144 144 381 145 145 382 143 143 383 146 146 384 145 145 385 144 144 386 146 146 387 147 147 388 145 145 389 148 148 390 147 147 391 146 146 392 151 149 393 150 150 394 149 151 395 152 152 396 150 150 397 151 149 398 152 152 399 153 153 400 150 150 401 154 154 402 153 153 403 152 152 404 154 154 405 155 155 406 153 153 407 156 156 408 155 155 409 154 154 410 156 156 411 157 157 412 155 155 413 158 158 414 157 157 415 156 156 416 158 158 417 159 159 418 157 157 419 160 160 420 159 159 421 158 158 422 163 161 423 162 162 424 161 163 425 164 164 426 162 162 427 163 161 428 164 164 429 165 165 430 162 162 431 166 166 432 165 165 433 164 164 434 166 166 435 167 167 436 165 165 437 168 168 438 167 167 439 166 166 440 168 168 441 169 169 442 167 167 443 170 170 444 169 169 445 168 168 446 170 170 447 171 171 448 169 169 449 172 172 450 171 171 451 170 170 452 175 173 453 174 174 454 173 175 455 176 176 456 174 174 457 175 173 458 176 176 459 177 177 460 174 174 461 178 178 462 177 177 463 176 176 464 178 178 465 179 179 466 177 177 467 180 180 468 179 179 469 178 178 470 180 180 471 181 181 472 179 179 473 182 182 474 181 181 475 180 180 476 182 182 477 183 183 478 181 181 479 184 184 480 183 183 481 182 182 482 187 185 483 186 186 484 185 187 485 188 188 486 186 186 487 187 185 488 188 188 489 189 189 490 186 186 491 190 190 492 189 189 493 188 188 494 190 190 495 191 191 496 189 189 497 192 192 498 191 191 499 190 190 500 192 192 501 193 193 502 191 191 503 194 194 504 193 193 505 192 192 506 194 194 507 195 195 508 193 193 509 196 196 510 195 195 511 194 194 512 199 197 513 198 198 514 197 199 515 200 200 516 198 198 517 199 197 518 200 200 519 201 201 520 198 198 521 202 202 522 201 201 523 200 200 524 202 202 525 203 203 526 201 201 527 204 204 528 203 203 529 202 202 530 204 204 531 205 205 532 203 203 533 206 206 534 205 205 535 204 204 536 206 206 537 207 207 538 205 205 539 208 208 540 207 207 541 206 206 542 211 209 543 210 210 544 209 211 545 212 212 546 210 210 547 211 209 548 212 212 549 213 213 550 210 210 551 214 214 552 213 213 553 212 212 554 214 214 555 215 215 556 213 213 557 216 216 558 215 215 559 214 214 560 216 216 561 217 217 562 215 215 563 218 218 564 217 217 565 216 216 566 218 218 567 219 219 568 217 217 569 222 220 570 221 221 571 220 222 572 223 223 573 221 221 574 222 220 575 223 223 576 224 224 577 221 221 578 225 225 579 224 224 580 223 223 581 225 225 582 226 226 583 224 224 584 227 227 585 226 226 586 225 225 587 227 227 588 228 228 589 226 226 590 229 229 591 228 228 592 227 227 593 229 229 594 230 230 595 228 228 596 233 231 597 232 232 598 231 233 599 234 234 600 232 232 601 233 231 602 234 234 603 235 235 604 232 232 605 236 236 606 235 235 607 234 234 608 236 236 609 237 237 610 235 235 611 238 238 612 237 237 613 236 236 614 238 238 615 239 239 616 237 237 617 240 240 618 239 239 619 238 238 620 243 241 621 242 242 622 241 243 623 244 244 624 242 242 625 243 241 626 244 244 627 245 245 628 242 242 629 246 246 630 245 245 631 244 244 632 246 246 633 247 247 634 245 245 635 248 248 636 247 247 637 246 246 638 248 248 639 249 249 640 247 247 641 250 250 642 249 249 643 248 248 644 253 251 645 252 252 646 251 253 647 254 254 648 252 252 649 253 251 650 254 254 651 255 255 652 252 252 653 256 256 654 255 255 655 254 254 656 256 256 657 257 257 658 255 255 659 258 258 660 257 257 661 256 256 662 258 258 663 259 259 664 257 257 665 260 260 666 259 259 667 258 258 668 263 261 669 262 262 670 261 263 671 264 264 672 262 262 673 263 261 674 264 264 675 265 265 676 262 262 677 266 266 678 265 265 679 264 264 680 266 266 681 267 267 682 265 265 683 268 268 684 267 267 685 266 266 686 268 268 687 269 269 688 267 267 689 270 270 690 269 269 691 268 268 692 273 271 693 272 272 694 271 273 695 274 274 696 272 272 697 273 271 698 274 274 699 275 275 700 272 272 701 276 276 702 275 275 703 274 274 704 276 276 705 277 277 706 275 275 707 278 278 708 277 277 709 276 276 710 278 278 711 279 279 712 277 277 713 280 280 714 279 279 715 278 278 716 283 281 717 282 282 718 281 283 719 284 284 720 282 282 721 283 281 722 284 284 723 285 285 724 282 282 725 286 286 726 285 285 727 284 284 728 286 286 729 287 287 730 285 285 731 288 288 732 287 287 733 286 286 734 288 288 735 289 289 736 287 287 737 292 290 738 291 291 739 290 292 740 293 293 741 291 291 742 292 290 743 293 293 744 294 294 745 291 291 746 295 295 747 294 294 748 293 293 749 295 295 750 296 296 751 294 294 752 297 297 753 296 296 754 295 295 755 297 297 756 298 298 757 296 296 758 301 299 759 300 300 760 299 301 761 302 302 762 300 300 763 301 299 764 302 302 765 303 303 766 300 300 767 304 304 768 303 303 769 302 302 770 304 304 771 305 305 772 303 303 773 306 306 774 305 305 775 304 304 776 306 306 777 307 307 778 305 305 779 310 308 780 309 309 781 308 310 782 311 311 783 309 309 784 310 308 785 311 311 786 312 312 787 309 309 788 313 313 789 312 312 790 311 311 791 313 313 792 314 314 793 312 312 794 315 315 795 314 314 796 313 313 797 315 315 798 316 316 799 314 314 800 319 317 801 318 318 802 317 319 803 320 320 804 318 318 805 319 317 806 320 320 807 321 321 808 318 318 809 322 322 810 321 321 811 320 320 812 322 322 813 323 323 814 321 321 815 324 324 816 323 323 817 322 322 818 324 324 819 325 325 820 323 323 821 328 326 822 327 327 823 326 328 824 329 329 825 327 327 826 328 326 827 329 329 828 330 330 829 327 327 830 331 331 831 330 330 832 329 329 833 331 331 834 332 332 835 330 330 836 333 333 837 332 332 838 331 331 839 336 334 840 335 335 841 334 336 842 337 337 843 335 335 844 336 334 845 337 337 846 338 338 847 335 335 848 339 339 849 338 338 850 337 337 851 339 339 852 340 340 853 338 338 854 341 341 855 340 340 856 339 339 857 344 342 858 343 343 859 342 344 860 345 345 861 343 343 862 344 342 863 345 345 864 346 346 865 343 343 866 347 347 867 346 346 868 345 345 869 347 347 870 348 348 871 346 346 872 349 349 873 348 348 874 347 347 875 352 350 876 351 351 877 350 352 878 353 353 879 351 351 880 352 350 881 353 353 882 354 354 883 351 351 884 355 355 885 354 354 886 353 353 887 355 355 888 356 356 889 354 354 890 357 357 891 356 356 892 355 355 893 360 358 894 359 359 895 358 360 896 361 361 897 359 359 898 360 358 899 361 361 900 362 362 901 359 359 902 363 363 903 362 362 904 361 361 905 363 363 906 364 364 907 362 362 908 367 365 909 366 366 910 365 367 911 368 368 912 366 366 913 367 365 914 368 368 915 369 369 916 366 366 917 370 370 918 369 369 919 368 368 920 370 370 921 371 371 922 369 369 923 374 372 924 373 373 925 372 374 926 375 375 927 373 373 928 374 372 929 375 375 930 376 376 931 373 373 932 377 377 933 376 376 934 375 375 935 377 377 936 378 378 937 376 376 938 381 379 939 380 380 940 379 381 941 382 382 942 380 380 943 381 379 944 382 382 945 383 383 946 380 380 947 384 384 948 383 383 949 382 382 950 384 384 951 385 385 952 383 383 953 388 386 954 387 387 955 386 388 956 389 389 957 387 387 958 388 386 959 389 389 960 390 390 961 387 387 962 391 391 963 390 390 964 389 389 965 391 391 966 392 392 967 390 390 968 395 393 969 394 394 970 393 395 971 396 396 972 394 394 973 395 393 974 396 396 975 397 397 976 394 394 977 398 398 978 397 397 979 396 396 980 398 398 981 399 399 982 397 397 983 402 400 984 401 401 985 400 402 986 403 403 987 401 401 988 402 400 989 403 403 990 404 404 991 401 401 992 405 405 993 404 404 994 403 403 995 405 405 996 406 406 997 404 404 998 409 407 999 408 408 1000 407 409 1001 410 410 1002 408 408 1003 409 407 1004 410 410 1005 411 411 1006 408 408 1007 412 412 1008 411 411 1009 410 410 1010 412 412 1011 413 413 1012 411 411 1013 416 414 1014 415 415 1015 414 416 1016 417 417 1017 415 415 1018 416 414 1019 417 417 1020 418 418 1021 415 415 1022 419 419 1023 418 418 1024 417 417 1025 419 419 1026 420 420 1027 418 418 1028 423 421 1029 422 422 1030 421 423 1031 424 424 1032 422 422 1033 423 421 1034 424 424 1035 425 425 1036 422 422 1037 426 426 1038 425 425 1039 424 424 1040 426 426 1041 427 427 1042 425 425 1043 430 428 1044 429 429 1045 428 430 1046 431 431 1047 429 429 1048 430 428 1049 431 431 1050 432 432 1051 429 429 1052 433 433 1053 432 432 1054 431 431 1055 436 434 1056 435 435 1057 434 436 1058 437 437 1059 435 435 1060 436 434 1061 437 437 1062 438 438 1063 435 435 1064 439 439 1065 438 438 1066 437 437 1067 442 440 1068 441 441 1069 440 442 1070 443 443 1071 441 441 1072 442 440 1073 443 443 1074 444 444 1075 441 441 1076 445 445 1077 444 444 1078 443 443 1079 448 446 1080 447 447 1081 446 448 1082 449 449 1083 447 447 1084 448 446 1085 449 449 1086 450 450 1087 447 447 1088 451 451 1089 450 450 1090 449 449 1091 454 452 1092 453 453 1093 452 454 1094 455 455 1095 453 453 1096 454 452 1097 455 455 1098 456 456 1099 453 453 1100 457 457 1101 456 456 1102 455 455 1103 460 458 1104 459 459 1105 458 460 1106 461 461 1107 459 459 1108 460 458 1109 461 461 1110 462 462 1111 459 459 1112 463 463 1113 462 462 1114 461 461 1115 466 464 1116 465 465 1117 464 466 1118 467 467 1119 465 465 1120 466 464 1121 467 467 1122 468 468 1123 465 465 1124 469 469 1125 468 468 1126 467 467 1127 472 470 1128 471 471 1129 470 472 1130 473 473 1131 471 471 1132 472 470 1133 473 473 1134 474 474 1135 471 471 1136 475 475 1137 474 474 1138 473 473 1139 478 476 1140 477 477 1141 476 478 1142 479 479 1143 477 477 1144 478 476 1145 479 479 1146 480 480 1147 477 477 1148 481 481 1149 480 480 1150 479 479 1151 484 482 1152 483 483 1153 482 484 1154 485 485 1155 483 483 1156 484 482 1157 485 485 1158 486 486 1159 483 483 1160 487 487 1161 486 486 1162 485 485 1163 490 488 1164 489 489 1165 488 490 1166 491 491 1167 489 489 1168 490 488 1169 491 491 1170 492 492 1171 489 489 1172 495 493 1173 494 494 1174 493 495 1175 496 496 1176 494 494 1177 495 493 1178 496 496 1179 497 497 1180 494 494 1181 500 498 1182 499 499 1183 498 500 1184 501 501 1185 499 499 1186 500 498 1187 501 501 1188 502 502 1189 499 499 1190 505 503 1191 504 504 1192 503 505 1193 506 506 1194 504 504 1195 505 503 1196 506 506 1197 507 507 1198 504 504 1199 510 508 1200 509 509 1201 508 510 1202 511 511 1203 509 509 1204 510 508 1205 511 511 1206 512 512 1207 509 509 1208 515 513 1209 514 514 1210 513 515 1211 516 516 1212 514 514 1213 515 513 1214 516 516 1215 517 517 1216 514 514 1217 520 518 1218 519 519 1219 518 520 1220 521 521 1221 519 519 1222 520 518 1223 521 521 1224 522 522 1225 519 519 1226 525 523 1227 524 524 1228 523 525 1229 526 526 1230 524 524 1231 525 523 1232 526 526 1233 527 527 1234 524 524 1235 530 528 1236 529 529 1237 528 530 1238 531 531 1239 529 529 1240 530 528 1241 531 531 1242 532 532 1243 529 529 1244 535 533 1245 534 534 1246 533 535 1247 536 536 1248 534 534 1249 535 533 1250 536 536 1251 537 537 1252 534 534 1253 540 538 1254 539 539 1255 538 540 1256 541 541 1257 539 539 1258 540 538 1259 541 541 1260 542 542 1261 539 539 1262 545 543 1263 544 544 1264 543 545 1265 546 546 1266 544 544 1267 545 543 1268 546 546 1269 547 547 1270 544 544 1271 550 548 1272 549 549 1273 548 550 1274 551 551 1275 549 549 1276 550 548 1277 551 551 1278 552 552 1279 549 549 1280 555 553 1281 554 554 1282 553 555 1283 556 556 1284 554 554 1285 555 553 1286 556 556 1287 557 557 1288 554 554 1289 560 558 1290 559 559 1291 558 560 1292 561 561 1293 559 559 1294 560 558 1295 561 561 1296 562 562 1297 559 559 1298 565 563 1299 564 564 1300 563 565 1301 566 566 1302 564 564 1303 565 563 1304 566 566 1305 567 567 1306 564 564 1307 570 568 1308 569 569 1309 568 570 1310 571 571 1311 569 569 1312 570 568 1313 571 571 1314 572 572 1315 569 569 1316 575 573 1317 574 574 1318 573 575 1319 576 576 1320 574 574 1321 575 573 1322 576 576 1323 577 577 1324 574 574 1325 580 578 1326 579 579 1327 578 580 1328 581 581 1329 579 579 1330 580 578 1331 584 582 1332 583 583 1333 582 584 1334 585 585 1335 583 583 1336 584 582 1337 588 586 1338 587 587 1339 586 588 1340 589 589 1341 587 587 1342 588 586 1343 592 590 1344 591 591 1345 590 592 1346 593 593 1347 591 591 1348 592 590 1349 596 594 1350 595 595 1351 594 596 1352 597 597 1353 595 595 1354 596 594 1355 600 598 1356 599 599 1357 598 600 1358 601 601 1359 599 599 1360 600 598 1361 604 602 1362 603 603 1363 602 604 1364 605 605 1365 603 603 1366 604 602 1367 608 606 1368 607 607 1369 606 608 1370 609 609 1371 607 607 1372 608 606 1373 612 610 1374 611 611 1375 610 612 1376 613 613 1377 611 611 1378 612 610 1379 616 614 1380 615 615 1381 614 616 1382 617 617 1383 615 615 1384 616 614 1385 620 618 1386 619 619 1387 618 620 1388 621 621 1389 619 619 1390 620 618 1391 624 622 1392 623 623 1393 622 624 1394 625 625 1395 623 623 1396 624 622 1397 628 626 1398 627 627 1399 626 628 1400 629 629 1401 627 627 1402 628 626 1403 632 630 1404 631 631 1405 630 632 1406 633 633 1407 631 631 1408 632 630 1409 636 634 1410 635 635 1411 634 636 1412 637 637 1413 635 635 1414 636 634 1415 640 638 1416 639 639 1417 638 640 1418 641 641 1419 639 639 1420 640 638 1421 644 642 1422 643 643 1423 642 644 1424 645 645 1425 643 643 1426 644 642 1427 648 646 1428 647 647 1429 646 648 1430 651 649 1431 650 650 1432 649 651 1433 654 652 1434 653 653 1435 652 654 1436 657 655 1437 656 656 1438 655 657 1439 660 658 1440 659 659 1441 658 660 1442 663 661 1443 662 662 1444 661 663 1445 666 664 1446 665 665 1447 664 666 1448 669 667 1449 668 668 1450 667 669 1451 672 670 1452 671 671 1453 670 672 1454 675 673 1455 674 674 1456 673 675 1457 678 676 1458 677 677 1459 676 678 1460 681 679 1461 680 680 1462 679 681 1463 684 682 1464 683 683 1465 682 684 1466 687 685 1467 686 686 1468 685 687 1469 690 688 1470 689 689 1471 688 690 1472 693 691 1473 692 692 1474 691 693 1475 696 694 1476 695 695 1477 694 696 1478 699 697 1479 698 698 1480 697 699 1481 702 700 1482 701 701 1483 700 702 1484 705 703 1485 704 704 1486 703 705 1487 708 706 1488 707 707 1489 706 708 1490</p>
        </triangles>
      </mesh>
    </geometry>
  </library_geometries>
  <library_visual_scenes>
    <visual_scene id="Scene" name="Scene">
      <node id="Mesh_0299_rip_noesis_meshnode_0000" name="Mesh_0299.rip_noesis_meshnode_0000" type="NODE">
        <matrix sid="transform">1 0 0 0 0 0.05954257 0.9982257 0 0 -0.9982257 0.05954257 0 0 0 0 1</matrix>
        <instance_geometry url="#Mesh_0299_rip-mesh" name="Mesh_0299.rip_noesis_meshnode_0000">
          <bind_material>
            <technique_common>
              <instance_material symbol="Material_001-material" target="#Material_001-material">
                <bind_vertex_input semantic="UVMap" input_semantic="TEXCOORD" input_set="0"/>
              </instance_material>
            </technique_common>
          </bind_material>
        </instance_geometry>
      </node>
      <node id="Mesh_0301_rip_noesis_meshnode_0000" name="Mesh_0301.rip_noesis_meshnode_0000" type="NODE">
        <matrix sid="transform">1 0 0 0 0 0.05954257 0.9982257 0 0 -0.9982257 0.05954257 0 0 0 0 1</matrix>
        <instance_geometry url="#Mesh_0301_rip-mesh" name="Mesh_0301.rip_noesis_meshnode_0000">
          <bind_material>
            <technique_common>
              <instance_material symbol="Material_002-material" target="#Material_002-material">
                <bind_vertex_input semantic="UVMap" input_semantic="TEXCOORD" input_set="0"/>
              </instance_material>
            </technique_common>
          </bind_material>
        </instance_geometry>
      </node>
    </visual_scene>
  </library_visual_scenes>
  <scene>
    <instance_visual_scene url="#Scene"/>
  </scene>
</COLLADA>